Zeit;CH_PV_normiert_1kWp [kW]
01.01.2025 00:00;0,0
01.01.2025 00:15;0,0
01.01.2025 00:30;0,0
01.01.2025 00:45;0,0
01.01.2025 01:00;0,0
01.01.2025 01:15;0,0
01.01.2025 01:30;0,0
01.01.2025 01:45;0,0
01.01.2025 02:00;0,0
01.01.2025 02:15;0,0
01.01.2025 02:30;0,0
01.01.2025 02:45;0,0
01.01.2025 03:00;0,0
01.01.2025 03:15;0,0
01.01.2025 03:30;0,0
01.01.2025 03:45;0,0
01.01.2025 04:00;0,0
01.01.2025 04:15;0,0
01.01.2025 04:30;0,0
01.01.2025 04:45;0,0
01.01.2025 05:00;0,0
01.01.2025 05:15;0,0
01.01.2025 05:30;0,0
01.01.2025 05:45;0,0
01.01.2025 06:00;0,0
01.01.2025 06:15;0,0
01.01.2025 06:30;0,0
01.01.2025 06:45;0,0
01.01.2025 07:00;0,0
01.01.2025 07:15;0,03306133333333334
01.01.2025 07:30;0,06612266666666668
01.01.2025 07:45;0,09918400000000002
01.01.2025 08:00;0,13224533333333335
01.01.2025 08:15;0,15023558333333337
01.01.2025 08:30;0,16822583333333335
01.01.2025 08:45;0,18621608333333337
01.01.2025 09:00;0,20420633333333335
01.01.2025 09:15;0,21212483333333335
01.01.2025 09:30;0,22004333333333334
01.01.2025 09:45;0,22796183333333334
01.01.2025 10:00;0,23588033333333333
01.01.2025 10:15;0,24009583333333331
01.01.2025 10:30;0,24431133333333332
01.01.2025 10:45;0,2485268333333333
01.01.2025 11:00;0,2527423333333333
01.01.2025 11:15;0,2546365833333333
01.01.2025 11:30;0,2565308333333333
01.01.2025 11:45;0,2584250833333333
01.01.2025 12:00;0,2603193333333333
01.01.2025 12:15;0,247461
01.01.2025 12:30;0,23460266666666665
01.01.2025 12:45;0,22174433333333332
01.01.2025 13:00;0,20888600000000002
01.01.2025 13:15;0,18748775
01.01.2025 13:30;0,1660895
01.01.2025 13:45;0,14469125
01.01.2025 14:00;0,123293
01.01.2025 14:15;0,09990166666666667
01.01.2025 14:30;0,07651033333333333
01.01.2025 14:45;0,053119
01.01.2025 15:00;0,029727666666666666
01.01.2025 15:15;0,02229575
01.01.2025 15:30;0,014863833333333335
01.01.2025 15:45;0,0074319166666666665
01.01.2025 16:00;0,0
01.01.2025 16:15;0,0
01.01.2025 16:30;0,0
01.01.2025 16:45;0,0
01.01.2025 17:00;0,0
01.01.2025 17:15;0,0
01.01.2025 17:30;0,0
01.01.2025 17:45;0,0
01.01.2025 18:00;0,0
01.01.2025 18:15;0,0
01.01.2025 18:30;0,0
01.01.2025 18:45;0,0
01.01.2025 19:00;0,0
01.01.2025 19:15;0,0
01.01.2025 19:30;0,0
01.01.2025 19:45;0,0
01.01.2025 20:00;0,0
01.01.2025 20:15;0,0
01.01.2025 20:30;0,0
01.01.2025 20:45;0,0
01.01.2025 21:00;0,0
01.01.2025 21:15;0,0
01.01.2025 21:30;0,0
01.01.2025 21:45;0,0
01.01.2025 22:00;0,0
01.01.2025 22:15;0,0
01.01.2025 22:30;0,0
01.01.2025 22:45;0,0
01.01.2025 23:00;0,0
01.01.2025 23:15;0,0
01.01.2025 23:30;0,0
01.01.2025 23:45;0,0
02.01.2025 00:00;0,0
02.01.2025 00:15;0,0
02.01.2025 00:30;0,0
02.01.2025 00:45;0,0
02.01.2025 01:00;0,0
02.01.2025 01:15;0,0
02.01.2025 01:30;0,0
02.01.2025 01:45;0,0
02.01.2025 02:00;0,0
02.01.2025 02:15;0,0
02.01.2025 02:30;0,0
02.01.2025 02:45;0,0
02.01.2025 03:00;0,0
02.01.2025 03:15;0,0
02.01.2025 03:30;0,0
02.01.2025 03:45;0,0
02.01.2025 04:00;0,0
02.01.2025 04:15;0,0
02.01.2025 04:30;0,0
02.01.2025 04:45;0,0
02.01.2025 05:00;0,0
02.01.2025 05:15;0,0
02.01.2025 05:30;0,0
02.01.2025 05:45;0,0
02.01.2025 06:00;0,0
02.01.2025 06:15;0,0
02.01.2025 06:30;0,0
02.01.2025 06:45;0,0
02.01.2025 07:00;0,0
02.01.2025 07:15;0,02616625
02.01.2025 07:30;0,0523325
02.01.2025 07:45;0,07849874999999999
02.01.2025 08:00;0,104665
02.01.2025 08:15;0,11937583333333332
02.01.2025 08:30;0,13408666666666666
02.01.2025 08:45;0,14879749999999997
02.01.2025 09:00;0,1635083333333333
02.01.2025 09:15;0,18167224999999998
02.01.2025 09:30;0,19983616666666665
02.01.2025 09:45;0,21800008333333334
02.01.2025 10:00;0,236164
02.01.2025 10:15;0,2386984166666667
02.01.2025 10:30;0,24123283333333334
02.01.2025 10:45;0,24376725
02.01.2025 11:00;0,24630166666666667
02.01.2025 11:15;0,23686025
02.01.2025 11:30;0,22741883333333335
02.01.2025 11:45;0,21797741666666667
02.01.2025 12:00;0,208536
02.01.2025 12:15;0,2037405
02.01.2025 12:30;0,19894499999999998
02.01.2025 12:45;0,1941495
02.01.2025 13:00;0,189354
02.01.2025 13:15;0,17301033333333332
02.01.2025 13:30;0,15666666666666668
02.01.2025 13:45;0,140323
02.01.2025 14:00;0,12397933333333334
02.01.2025 14:15;0,09793391666666668
02.01.2025 14:30;0,07188850000000001
02.01.2025 14:45;0,04584308333333334
02.01.2025 15:00;0,019797666666666665
02.01.2025 15:15;0,014848249999999999
02.01.2025 15:30;0,009898833333333332
02.01.2025 15:45;0,004949416666666666
02.01.2025 16:00;0,0
02.01.2025 16:15;0,0
02.01.2025 16:30;0,0
02.01.2025 16:45;0,0
02.01.2025 17:00;0,0
02.01.2025 17:15;0,0
02.01.2025 17:30;0,0
02.01.2025 17:45;0,0
02.01.2025 18:00;0,0
02.01.2025 18:15;0,0
02.01.2025 18:30;0,0
02.01.2025 18:45;0,0
02.01.2025 19:00;0,0
02.01.2025 19:15;0,0
02.01.2025 19:30;0,0
02.01.2025 19:45;0,0
02.01.2025 20:00;0,0
02.01.2025 20:15;0,0
02.01.2025 20:30;0,0
02.01.2025 20:45;0,0
02.01.2025 21:00;0,0
02.01.2025 21:15;0,0
02.01.2025 21:30;0,0
02.01.2025 21:45;0,0
02.01.2025 22:00;0,0
02.01.2025 22:15;0,0
02.01.2025 22:30;0,0
02.01.2025 22:45;0,0
02.01.2025 23:00;0,0
02.01.2025 23:15;0,0
02.01.2025 23:30;0,0
02.01.2025 23:45;0,0
03.01.2025 00:00;0,0
03.01.2025 00:15;0,0
03.01.2025 00:30;0,0
03.01.2025 00:45;0,0
03.01.2025 01:00;0,0
03.01.2025 01:15;0,0
03.01.2025 01:30;0,0
03.01.2025 01:45;0,0
03.01.2025 02:00;0,0
03.01.2025 02:15;0,0
03.01.2025 02:30;0,0
03.01.2025 02:45;0,0
03.01.2025 03:00;0,0
03.01.2025 03:15;0,0
03.01.2025 03:30;0,0
03.01.2025 03:45;0,0
03.01.2025 04:00;0,0
03.01.2025 04:15;0,0
03.01.2025 04:30;0,0
03.01.2025 04:45;0,0
03.01.2025 05:00;0,0
03.01.2025 05:15;0,0
03.01.2025 05:30;0,0
03.01.2025 05:45;0,0
03.01.2025 06:00;0,0
03.01.2025 06:15;0,0
03.01.2025 06:30;0,0
03.01.2025 06:45;0,0
03.01.2025 07:00;0,0
03.01.2025 07:15;0,03302808333333333
03.01.2025 07:30;0,06605616666666667
03.01.2025 07:45;0,09908425
03.01.2025 08:00;0,13211233333333333
03.01.2025 08:15;0,1624445
03.01.2025 08:30;0,19277666666666665
03.01.2025 08:45;0,2231088333333333
03.01.2025 09:00;0,25344099999999997
03.01.2025 09:15;0,27688625
03.01.2025 09:30;0,3003315
03.01.2025 09:45;0,32377675
03.01.2025 10:00;0,34722200000000003
03.01.2025 10:15;0,34607725
03.01.2025 10:30;0,3449325
03.01.2025 10:45;0,34378775
03.01.2025 11:00;0,342643
03.01.2025 11:15;0,34160708333333334
03.01.2025 11:30;0,34057116666666665
03.01.2025 11:45;0,33953524999999996
03.01.2025 12:00;0,3384993333333333
03.01.2025 12:15;0,33189641666666664
03.01.2025 12:30;0,3252935
03.01.2025 12:45;0,31869058333333333
03.01.2025 13:00;0,31208766666666665
03.01.2025 13:15;0,28979875
03.01.2025 13:30;0,26750983333333334
03.01.2025 13:45;0,24522091666666668
03.01.2025 14:00;0,22293200000000002
03.01.2025 14:15;0,179598
03.01.2025 14:30;0,136264
03.01.2025 14:45;0,09293000000000001
03.01.2025 15:00;0,049596
03.01.2025 15:15;0,037197
03.01.2025 15:30;0,024798
03.01.2025 15:45;0,012399
03.01.2025 16:00;0,0
03.01.2025 16:15;0,0
03.01.2025 16:30;0,0
03.01.2025 16:45;0,0
03.01.2025 17:00;0,0
03.01.2025 17:15;0,0
03.01.2025 17:30;0,0
03.01.2025 17:45;0,0
03.01.2025 18:00;0,0
03.01.2025 18:15;0,0
03.01.2025 18:30;0,0
03.01.2025 18:45;0,0
03.01.2025 19:00;0,0
03.01.2025 19:15;0,0
03.01.2025 19:30;0,0
03.01.2025 19:45;0,0
03.01.2025 20:00;0,0
03.01.2025 20:15;0,0
03.01.2025 20:30;0,0
03.01.2025 20:45;0,0
03.01.2025 21:00;0,0
03.01.2025 21:15;0,0
03.01.2025 21:30;0,0
03.01.2025 21:45;0,0
03.01.2025 22:00;0,0
03.01.2025 22:15;0,0
03.01.2025 22:30;0,0
03.01.2025 22:45;0,0
03.01.2025 23:00;0,0
03.01.2025 23:15;0,0
03.01.2025 23:30;0,0
03.01.2025 23:45;0,0
04.01.2025 00:00;0,0
04.01.2025 00:15;0,0
04.01.2025 00:30;0,0
04.01.2025 00:45;0,0
04.01.2025 01:00;0,0
04.01.2025 01:15;0,0
04.01.2025 01:30;0,0
04.01.2025 01:45;0,0
04.01.2025 02:00;0,0
04.01.2025 02:15;0,0
04.01.2025 02:30;0,0
04.01.2025 02:45;0,0
04.01.2025 03:00;0,0
04.01.2025 03:15;0,0
04.01.2025 03:30;0,0
04.01.2025 03:45;0,0
04.01.2025 04:00;0,0
04.01.2025 04:15;0,0
04.01.2025 04:30;0,0
04.01.2025 04:45;0,0
04.01.2025 05:00;0,0
04.01.2025 05:15;0,0
04.01.2025 05:30;0,0
04.01.2025 05:45;0,0
04.01.2025 06:00;0,0
04.01.2025 06:15;0,0
04.01.2025 06:30;0,0
04.01.2025 06:45;0,0
04.01.2025 07:00;0,0
04.01.2025 07:15;0,022476833333333335
04.01.2025 07:30;0,04495366666666667
04.01.2025 07:45;0,0674305
04.01.2025 08:00;0,08990733333333334
04.01.2025 08:15;0,11033566666666667
04.01.2025 08:30;0,130764
04.01.2025 08:45;0,15119233333333335
04.01.2025 09:00;0,17162066666666667
04.01.2025 09:15;0,17917683333333334
04.01.2025 09:30;0,186733
04.01.2025 09:45;0,19428916666666668
04.01.2025 10:00;0,20184533333333335
04.01.2025 10:15;0,2066771666666667
04.01.2025 10:30;0,211509
04.01.2025 10:45;0,21634083333333332
04.01.2025 11:00;0,22117266666666666
04.01.2025 11:15;0,21799391666666668
04.01.2025 11:30;0,21481516666666667
04.01.2025 11:45;0,21163641666666666
04.01.2025 12:00;0,20845766666666668
04.01.2025 12:15;0,20045991666666668
04.01.2025 12:30;0,19246216666666668
04.01.2025 12:45;0,1844644166666667
04.01.2025 13:00;0,1764666666666667
04.01.2025 13:15;0,16429533333333335
04.01.2025 13:30;0,152124
04.01.2025 13:45;0,13995266666666667
04.01.2025 14:00;0,12778133333333333
04.01.2025 14:15;0,10264991666666666
04.01.2025 14:30;0,07751849999999999
04.01.2025 14:45;0,052387083333333334
04.01.2025 15:00;0,027255666666666668
04.01.2025 15:15;0,02044175
04.01.2025 15:30;0,013627833333333336
04.01.2025 15:45;0,0068139166666666695
04.01.2025 16:00;0,0
04.01.2025 16:15;0,0
04.01.2025 16:30;0,0
04.01.2025 16:45;0,0
04.01.2025 17:00;0,0
04.01.2025 17:15;0,0
04.01.2025 17:30;0,0
04.01.2025 17:45;0,0
04.01.2025 18:00;0,0
04.01.2025 18:15;0,0
04.01.2025 18:30;0,0
04.01.2025 18:45;0,0
04.01.2025 19:00;0,0
04.01.2025 19:15;0,0
04.01.2025 19:30;0,0
04.01.2025 19:45;0,0
04.01.2025 20:00;0,0
04.01.2025 20:15;0,0
04.01.2025 20:30;0,0
04.01.2025 20:45;0,0
04.01.2025 21:00;0,0
04.01.2025 21:15;0,0
04.01.2025 21:30;0,0
04.01.2025 21:45;0,0
04.01.2025 22:00;0,0
04.01.2025 22:15;0,0
04.01.2025 22:30;0,0
04.01.2025 22:45;0,0
04.01.2025 23:00;0,0
04.01.2025 23:15;0,0
04.01.2025 23:30;0,0
04.01.2025 23:45;0,0
05.01.2025 00:00;0,0
05.01.2025 00:15;0,0
05.01.2025 00:30;0,0
05.01.2025 00:45;0,0
05.01.2025 01:00;0,0
05.01.2025 01:15;0,0
05.01.2025 01:30;0,0
05.01.2025 01:45;0,0
05.01.2025 02:00;0,0
05.01.2025 02:15;0,0
05.01.2025 02:30;0,0
05.01.2025 02:45;0,0
05.01.2025 03:00;0,0
05.01.2025 03:15;0,0
05.01.2025 03:30;0,0
05.01.2025 03:45;0,0
05.01.2025 04:00;0,0
05.01.2025 04:15;0,0
05.01.2025 04:30;0,0
05.01.2025 04:45;0,0
05.01.2025 05:00;0,0
05.01.2025 05:15;0,0
05.01.2025 05:30;0,0
05.01.2025 05:45;0,0
05.01.2025 06:00;0,0
05.01.2025 06:15;0,0
05.01.2025 06:30;0,0
05.01.2025 06:45;0,0
05.01.2025 07:00;0,0
05.01.2025 07:15;0,03775291666666667
05.01.2025 07:30;0,07550583333333334
05.01.2025 07:45;0,11325875000000002
05.01.2025 08:00;0,15101166666666668
05.01.2025 08:15;0,180289
05.01.2025 08:30;0,20956633333333335
05.01.2025 08:45;0,23884366666666668
05.01.2025 09:00;0,268121
05.01.2025 09:15;0,26503775
05.01.2025 09:30;0,2619545
05.01.2025 09:45;0,25887125
05.01.2025 10:00;0,255788
05.01.2025 10:15;0,266167
05.01.2025 10:30;0,27654599999999996
05.01.2025 10:45;0,286925
05.01.2025 11:00;0,29730399999999996
05.01.2025 11:15;0,28592199999999995
05.01.2025 11:30;0,27454
05.01.2025 11:45;0,263158
05.01.2025 12:00;0,251776
05.01.2025 12:15;0,24416258333333332
05.01.2025 12:30;0,23654916666666664
05.01.2025 12:45;0,22893575
05.01.2025 13:00;0,22132233333333332
05.01.2025 13:15;0,21050658333333333
05.01.2025 13:30;0,19969083333333332
05.01.2025 13:45;0,1888750833333333
05.01.2025 14:00;0,17805933333333332
05.01.2025 14:15;0,1475668333333333
05.01.2025 14:30;0,11707433333333332
05.01.2025 14:45;0,08658183333333332
05.01.2025 15:00;0,05608933333333333
05.01.2025 15:15;0,04206699999999999
05.01.2025 15:30;0,028044666666666662
05.01.2025 15:45;0,014022333333333331
05.01.2025 16:00;0,0
05.01.2025 16:15;0,0
05.01.2025 16:30;0,0
05.01.2025 16:45;0,0
05.01.2025 17:00;0,0
05.01.2025 17:15;0,0
05.01.2025 17:30;0,0
05.01.2025 17:45;0,0
05.01.2025 18:00;0,0
05.01.2025 18:15;0,0
05.01.2025 18:30;0,0
05.01.2025 18:45;0,0
05.01.2025 19:00;0,0
05.01.2025 19:15;0,0
05.01.2025 19:30;0,0
05.01.2025 19:45;0,0
05.01.2025 20:00;0,0
05.01.2025 20:15;0,0
05.01.2025 20:30;0,0
05.01.2025 20:45;0,0
05.01.2025 21:00;0,0
05.01.2025 21:15;0,0
05.01.2025 21:30;0,0
05.01.2025 21:45;0,0
05.01.2025 22:00;0,0
05.01.2025 22:15;0,0
05.01.2025 22:30;0,0
05.01.2025 22:45;0,0
05.01.2025 23:00;0,0
05.01.2025 23:15;0,0
05.01.2025 23:30;0,0
05.01.2025 23:45;0,0
06.01.2025 00:00;0,0
06.01.2025 00:15;0,0
06.01.2025 00:30;0,0
06.01.2025 00:45;0,0
06.01.2025 01:00;0,0
06.01.2025 01:15;0,0
06.01.2025 01:30;0,0
06.01.2025 01:45;0,0
06.01.2025 02:00;0,0
06.01.2025 02:15;0,0
06.01.2025 02:30;0,0
06.01.2025 02:45;0,0
06.01.2025 03:00;0,0
06.01.2025 03:15;0,0
06.01.2025 03:30;0,0
06.01.2025 03:45;0,0
06.01.2025 04:00;0,0
06.01.2025 04:15;0,0
06.01.2025 04:30;0,0
06.01.2025 04:45;0,0
06.01.2025 05:00;0,0
06.01.2025 05:15;0,0
06.01.2025 05:30;0,0
06.01.2025 05:45;0,0
06.01.2025 06:00;0,0
06.01.2025 06:15;0,0
06.01.2025 06:30;0,0
06.01.2025 06:45;0,0
06.01.2025 07:00;0,0
06.01.2025 07:15;0,033578666666666666
06.01.2025 07:30;0,06715733333333333
06.01.2025 07:45;0,10073599999999999
06.01.2025 08:00;0,13431466666666667
06.01.2025 08:15;0,16404016666666665
06.01.2025 08:30;0,19376566666666667
06.01.2025 08:45;0,22349116666666666
06.01.2025 09:00;0,25321666666666665
06.01.2025 09:15;0,25908825
06.01.2025 09:30;0,26495983333333334
06.01.2025 09:45;0,27083141666666666
06.01.2025 10:00;0,27670300000000003
06.01.2025 10:15;0,2777715
06.01.2025 10:30;0,27884
06.01.2025 10:45;0,2799085
06.01.2025 11:00;0,280977
06.01.2025 11:15;0,2833624166666666
06.01.2025 11:30;0,2857478333333333
06.01.2025 11:45;0,28813325
06.01.2025 12:00;0,29051866666666665
06.01.2025 12:15;0,28402325
06.01.2025 12:30;0,2775278333333333
06.01.2025 12:45;0,27103241666666666
06.01.2025 13:00;0,264537
06.01.2025 13:15;0,24761166666666667
06.01.2025 13:30;0,23068633333333335
06.01.2025 13:45;0,21376100000000003
06.01.2025 14:00;0,1968356666666667
06.01.2025 14:15;0,16046016666666668
06.01.2025 14:30;0,12408466666666668
06.01.2025 14:45;0,08770916666666667
06.01.2025 15:00;0,05133366666666667
06.01.2025 15:15;0,03850025000000001
06.01.2025 15:30;0,025666833333333337
06.01.2025 15:45;0,012833416666666667
06.01.2025 16:00;0,0
06.01.2025 16:15;0,0
06.01.2025 16:30;0,0
06.01.2025 16:45;0,0
06.01.2025 17:00;0,0
06.01.2025 17:15;0,0
06.01.2025 17:30;0,0
06.01.2025 17:45;0,0
06.01.2025 18:00;0,0
06.01.2025 18:15;0,0
06.01.2025 18:30;0,0
06.01.2025 18:45;0,0
06.01.2025 19:00;0,0
06.01.2025 19:15;0,0
06.01.2025 19:30;0,0
06.01.2025 19:45;0,0
06.01.2025 20:00;0,0
06.01.2025 20:15;0,0
06.01.2025 20:30;0,0
06.01.2025 20:45;0,0
06.01.2025 21:00;0,0
06.01.2025 21:15;0,0
06.01.2025 21:30;0,0
06.01.2025 21:45;0,0
06.01.2025 22:00;0,0
06.01.2025 22:15;0,0
06.01.2025 22:30;0,0
06.01.2025 22:45;0,0
06.01.2025 23:00;0,0
06.01.2025 23:15;0,0
06.01.2025 23:30;0,0
06.01.2025 23:45;0,0
07.01.2025 00:00;0,0
07.01.2025 00:15;0,0
07.01.2025 00:30;0,0
07.01.2025 00:45;0,0
07.01.2025 01:00;0,0
07.01.2025 01:15;0,0
07.01.2025 01:30;0,0
07.01.2025 01:45;0,0
07.01.2025 02:00;0,0
07.01.2025 02:15;0,0
07.01.2025 02:30;0,0
07.01.2025 02:45;0,0
07.01.2025 03:00;0,0
07.01.2025 03:15;0,0
07.01.2025 03:30;0,0
07.01.2025 03:45;0,0
07.01.2025 04:00;0,0
07.01.2025 04:15;0,0
07.01.2025 04:30;0,0
07.01.2025 04:45;0,0
07.01.2025 05:00;0,0
07.01.2025 05:15;0,0
07.01.2025 05:30;0,0
07.01.2025 05:45;0,0
07.01.2025 06:00;0,0
07.01.2025 06:15;0,0
07.01.2025 06:30;0,0
07.01.2025 06:45;0,0
07.01.2025 07:00;0,0
07.01.2025 07:15;0,026889
07.01.2025 07:30;0,053778
07.01.2025 07:45;0,080667
07.01.2025 08:00;0,107556
07.01.2025 08:15;0,12251075
07.01.2025 08:30;0,1374655
07.01.2025 08:45;0,15242025
07.01.2025 09:00;0,167375
07.01.2025 09:15;0,17538033333333333
07.01.2025 09:30;0,18338566666666667
07.01.2025 09:45;0,191391
07.01.2025 10:00;0,19939633333333334
07.01.2025 10:15;0,19880350000000002
07.01.2025 10:30;0,19821066666666667
07.01.2025 10:45;0,19761783333333333
07.01.2025 11:00;0,197025
07.01.2025 11:15;0,188217
07.01.2025 11:30;0,17940899999999999
07.01.2025 11:45;0,170601
07.01.2025 12:00;0,161793
07.01.2025 12:15;0,1563355
07.01.2025 12:30;0,15087799999999998
07.01.2025 12:45;0,14542049999999998
07.01.2025 13:00;0,13996299999999998
07.01.2025 13:15;0,13018124999999997
07.01.2025 13:30;0,12039949999999999
07.01.2025 13:45;0,11061774999999999
07.01.2025 14:00;0,100836
07.01.2025 14:15;0,08583691666666667
07.01.2025 14:30;0,07083783333333334
07.01.2025 14:45;0,05583875
07.01.2025 15:00;0,04083966666666667
07.01.2025 15:15;0,030629750000000004
07.01.2025 15:30;0,020419833333333335
07.01.2025 15:45;0,010209916666666666
07.01.2025 16:00;0,0
07.01.2025 16:15;0,0
07.01.2025 16:30;0,0
07.01.2025 16:45;0,0
07.01.2025 17:00;0,0
07.01.2025 17:15;0,0
07.01.2025 17:30;0,0
07.01.2025 17:45;0,0
07.01.2025 18:00;0,0
07.01.2025 18:15;0,0
07.01.2025 18:30;0,0
07.01.2025 18:45;0,0
07.01.2025 19:00;0,0
07.01.2025 19:15;0,0
07.01.2025 19:30;0,0
07.01.2025 19:45;0,0
07.01.2025 20:00;0,0
07.01.2025 20:15;0,0
07.01.2025 20:30;0,0
07.01.2025 20:45;0,0
07.01.2025 21:00;0,0
07.01.2025 21:15;0,0
07.01.2025 21:30;0,0
07.01.2025 21:45;0,0
07.01.2025 22:00;0,0
07.01.2025 22:15;0,0
07.01.2025 22:30;0,0
07.01.2025 22:45;0,0
07.01.2025 23:00;0,0
07.01.2025 23:15;0,0
07.01.2025 23:30;0,0
07.01.2025 23:45;0,0
08.01.2025 00:00;0,0
08.01.2025 00:15;0,0
08.01.2025 00:30;0,0
08.01.2025 00:45;0,0
08.01.2025 01:00;0,0
08.01.2025 01:15;0,0
08.01.2025 01:30;0,0
08.01.2025 01:45;0,0
08.01.2025 02:00;0,0
08.01.2025 02:15;0,0
08.01.2025 02:30;0,0
08.01.2025 02:45;0,0
08.01.2025 03:00;0,0
08.01.2025 03:15;0,0
08.01.2025 03:30;0,0
08.01.2025 03:45;0,0
08.01.2025 04:00;0,0
08.01.2025 04:15;0,0
08.01.2025 04:30;0,0
08.01.2025 04:45;0,0
08.01.2025 05:00;0,0
08.01.2025 05:15;0,0
08.01.2025 05:30;0,0
08.01.2025 05:45;0,0
08.01.2025 06:00;0,0
08.01.2025 06:15;0,0
08.01.2025 06:30;0,0
08.01.2025 06:45;0,0
08.01.2025 07:00;0,0
08.01.2025 07:15;0,014815083333333335
08.01.2025 07:30;0,02963016666666667
08.01.2025 07:45;0,044445250000000006
08.01.2025 08:00;0,05926033333333334
08.01.2025 08:15;0,07960566666666667
08.01.2025 08:30;0,09995100000000001
08.01.2025 08:45;0,12029633333333334
08.01.2025 09:00;0,14064166666666666
08.01.2025 09:15;0,14745058333333333
08.01.2025 09:30;0,1542595
08.01.2025 09:45;0,16106841666666666
08.01.2025 10:00;0,16787733333333332
08.01.2025 10:15;0,1778728333333333
08.01.2025 10:30;0,18786833333333333
08.01.2025 10:45;0,19786383333333335
08.01.2025 11:00;0,20785933333333334
08.01.2025 11:15;0,21434258333333334
08.01.2025 11:30;0,22082583333333333
08.01.2025 11:45;0,22730908333333333
08.01.2025 12:00;0,23379233333333332
08.01.2025 12:15;0,22950358333333332
08.01.2025 12:30;0,2252148333333333
08.01.2025 12:45;0,22092608333333333
08.01.2025 13:00;0,21663733333333332
08.01.2025 13:15;0,19819266666666666
08.01.2025 13:30;0,179748
08.01.2025 13:45;0,16130333333333333
08.01.2025 14:00;0,14285866666666666
08.01.2025 14:15;0,11427991666666666
08.01.2025 14:30;0,08570116666666666
08.01.2025 14:45;0,05712241666666666
08.01.2025 15:00;0,02854366666666667
08.01.2025 15:15;0,02140775
08.01.2025 15:30;0,014271833333333333
08.01.2025 15:45;0,007135916666666665
08.01.2025 16:00;0,0
08.01.2025 16:15;0,0
08.01.2025 16:30;0,0
08.01.2025 16:45;0,0
08.01.2025 17:00;0,0
08.01.2025 17:15;0,0
08.01.2025 17:30;0,0
08.01.2025 17:45;0,0
08.01.2025 18:00;0,0
08.01.2025 18:15;0,0
08.01.2025 18:30;0,0
08.01.2025 18:45;0,0
08.01.2025 19:00;0,0
08.01.2025 19:15;0,0
08.01.2025 19:30;0,0
08.01.2025 19:45;0,0
08.01.2025 20:00;0,0
08.01.2025 20:15;0,0
08.01.2025 20:30;0,0
08.01.2025 20:45;0,0
08.01.2025 21:00;0,0
08.01.2025 21:15;0,0
08.01.2025 21:30;0,0
08.01.2025 21:45;0,0
08.01.2025 22:00;0,0
08.01.2025 22:15;0,0
08.01.2025 22:30;0,0
08.01.2025 22:45;0,0
08.01.2025 23:00;0,0
08.01.2025 23:15;0,0
08.01.2025 23:30;0,0
08.01.2025 23:45;0,0
09.01.2025 00:00;0,0
09.01.2025 00:15;0,0
09.01.2025 00:30;0,0
09.01.2025 00:45;0,0
09.01.2025 01:00;0,0
09.01.2025 01:15;0,0
09.01.2025 01:30;0,0
09.01.2025 01:45;0,0
09.01.2025 02:00;0,0
09.01.2025 02:15;0,0
09.01.2025 02:30;0,0
09.01.2025 02:45;0,0
09.01.2025 03:00;0,0
09.01.2025 03:15;0,0
09.01.2025 03:30;0,0
09.01.2025 03:45;0,0
09.01.2025 04:00;0,0
09.01.2025 04:15;0,0
09.01.2025 04:30;0,0
09.01.2025 04:45;0,0
09.01.2025 05:00;0,0
09.01.2025 05:15;0,0
09.01.2025 05:30;0,0
09.01.2025 05:45;0,0
09.01.2025 06:00;0,0
09.01.2025 06:15;0,0
09.01.2025 06:30;0,0
09.01.2025 06:45;0,0
09.01.2025 07:00;0,0
09.01.2025 07:15;0,033139666666666664
09.01.2025 07:30;0,06627933333333333
09.01.2025 07:45;0,099419
09.01.2025 08:00;0,13255866666666666
09.01.2025 08:15;0,15223608333333333
09.01.2025 08:30;0,1719135
09.01.2025 08:45;0,19159091666666667
09.01.2025 09:00;0,21126833333333334
09.01.2025 09:15;0,21347608333333334
09.01.2025 09:30;0,21568383333333332
09.01.2025 09:45;0,2178915833333333
09.01.2025 10:00;0,2200993333333333
09.01.2025 10:15;0,22531199999999998
09.01.2025 10:30;0,23052466666666666
09.01.2025 10:45;0,23573733333333335
09.01.2025 11:00;0,24095000000000003
09.01.2025 11:15;0,23980025000000002
09.01.2025 11:30;0,23865050000000002
09.01.2025 11:45;0,23750075
09.01.2025 12:00;0,236351
09.01.2025 12:15;0,22653883333333336
09.01.2025 12:30;0,21672666666666668
09.01.2025 12:45;0,2069145
09.01.2025 13:00;0,19710233333333335
09.01.2025 13:15;0,18820533333333334
09.01.2025 13:30;0,17930833333333335
09.01.2025 13:45;0,17041133333333336
09.01.2025 14:00;0,16151433333333334
09.01.2025 14:15;0,13638258333333333
09.01.2025 14:30;0,11125083333333334
09.01.2025 14:45;0,08611908333333335
09.01.2025 15:00;0,06098733333333333
09.01.2025 15:15;0,045740499999999996
09.01.2025 15:30;0,030493666666666665
09.01.2025 15:45;0,015246833333333334
09.01.2025 16:00;0,0
09.01.2025 16:15;0,0
09.01.2025 16:30;0,0
09.01.2025 16:45;0,0
09.01.2025 17:00;0,0
09.01.2025 17:15;0,0
09.01.2025 17:30;0,0
09.01.2025 17:45;0,0
09.01.2025 18:00;0,0
09.01.2025 18:15;0,0
09.01.2025 18:30;0,0
09.01.2025 18:45;0,0
09.01.2025 19:00;0,0
09.01.2025 19:15;0,0
09.01.2025 19:30;0,0
09.01.2025 19:45;0,0
09.01.2025 20:00;0,0
09.01.2025 20:15;0,0
09.01.2025 20:30;0,0
09.01.2025 20:45;0,0
09.01.2025 21:00;0,0
09.01.2025 21:15;0,0
09.01.2025 21:30;0,0
09.01.2025 21:45;0,0
09.01.2025 22:00;0,0
09.01.2025 22:15;0,0
09.01.2025 22:30;0,0
09.01.2025 22:45;0,0
09.01.2025 23:00;0,0
09.01.2025 23:15;0,0
09.01.2025 23:30;0,0
09.01.2025 23:45;0,0
10.01.2025 00:00;0,0
10.01.2025 00:15;0,0
10.01.2025 00:30;0,0
10.01.2025 00:45;0,0
10.01.2025 01:00;0,0
10.01.2025 01:15;0,0
10.01.2025 01:30;0,0
10.01.2025 01:45;0,0
10.01.2025 02:00;0,0
10.01.2025 02:15;0,0
10.01.2025 02:30;0,0
10.01.2025 02:45;0,0
10.01.2025 03:00;0,0
10.01.2025 03:15;0,0
10.01.2025 03:30;0,0
10.01.2025 03:45;0,0
10.01.2025 04:00;0,0
10.01.2025 04:15;0,0
10.01.2025 04:30;0,0
10.01.2025 04:45;0,0
10.01.2025 05:00;0,0
10.01.2025 05:15;0,0
10.01.2025 05:30;0,0
10.01.2025 05:45;0,0
10.01.2025 06:00;0,0
10.01.2025 06:15;0,0
10.01.2025 06:30;0,0
10.01.2025 06:45;0,0
10.01.2025 07:00;0,0
10.01.2025 07:15;0,024209583333333333
10.01.2025 07:30;0,048419166666666666
10.01.2025 07:45;0,07262875
10.01.2025 08:00;0,09683833333333333
10.01.2025 08:15;0,11950516666666666
10.01.2025 08:30;0,142172
10.01.2025 08:45;0,16483883333333332
10.01.2025 09:00;0,18750566666666665
10.01.2025 09:15;0,19775458333333332
10.01.2025 09:30;0,2080035
10.01.2025 09:45;0,21825241666666667
10.01.2025 10:00;0,22850133333333333
10.01.2025 10:15;0,23489491666666668
10.01.2025 10:30;0,24128850000000002
10.01.2025 10:45;0,24768208333333336
10.01.2025 11:00;0,2540756666666667
10.01.2025 11:15;0,24156508333333337
10.01.2025 11:30;0,22905450000000002
10.01.2025 11:45;0,21654391666666667
10.01.2025 12:00;0,20403333333333334
10.01.2025 12:15;0,19046258333333335
10.01.2025 12:30;0,17689183333333336
10.01.2025 12:45;0,16332108333333334
10.01.2025 13:00;0,14975033333333335
10.01.2025 13:15;0,13617058333333334
10.01.2025 13:30;0,12259083333333334
10.01.2025 13:45;0,10901108333333334
10.01.2025 14:00;0,09543133333333334
10.01.2025 14:15;0,07968858333333334
10.01.2025 14:30;0,06394583333333334
10.01.2025 14:45;0,04820308333333334
10.01.2025 15:00;0,032460333333333334
10.01.2025 15:15;0,02434525
10.01.2025 15:30;0,016230166666666667
10.01.2025 15:45;0,008115083333333335
10.01.2025 16:00;0,0
10.01.2025 16:15;0,0
10.01.2025 16:30;0,0
10.01.2025 16:45;0,0
10.01.2025 17:00;0,0
10.01.2025 17:15;0,0
10.01.2025 17:30;0,0
10.01.2025 17:45;0,0
10.01.2025 18:00;0,0
10.01.2025 18:15;0,0
10.01.2025 18:30;0,0
10.01.2025 18:45;0,0
10.01.2025 19:00;0,0
10.01.2025 19:15;0,0
10.01.2025 19:30;0,0
10.01.2025 19:45;0,0
10.01.2025 20:00;0,0
10.01.2025 20:15;0,0
10.01.2025 20:30;0,0
10.01.2025 20:45;0,0
10.01.2025 21:00;0,0
10.01.2025 21:15;0,0
10.01.2025 21:30;0,0
10.01.2025 21:45;0,0
10.01.2025 22:00;0,0
10.01.2025 22:15;0,0
10.01.2025 22:30;0,0
10.01.2025 22:45;0,0
10.01.2025 23:00;0,0
10.01.2025 23:15;0,0
10.01.2025 23:30;0,0
10.01.2025 23:45;0,0
11.01.2025 00:00;0,0
11.01.2025 00:15;0,0
11.01.2025 00:30;0,0
11.01.2025 00:45;0,0
11.01.2025 01:00;0,0
11.01.2025 01:15;0,0
11.01.2025 01:30;0,0
11.01.2025 01:45;0,0
11.01.2025 02:00;0,0
11.01.2025 02:15;0,0
11.01.2025 02:30;0,0
11.01.2025 02:45;0,0
11.01.2025 03:00;0,0
11.01.2025 03:15;0,0
11.01.2025 03:30;0,0
11.01.2025 03:45;0,0
11.01.2025 04:00;0,0
11.01.2025 04:15;0,0
11.01.2025 04:30;0,0
11.01.2025 04:45;0,0
11.01.2025 05:00;0,0
11.01.2025 05:15;0,0
11.01.2025 05:30;0,0
11.01.2025 05:45;0,0
11.01.2025 06:00;0,0
11.01.2025 06:15;0,0
11.01.2025 06:30;0,0
11.01.2025 06:45;0,0
11.01.2025 07:00;0,0
11.01.2025 07:15;0,03256841666666667
11.01.2025 07:30;0,06513683333333334
11.01.2025 07:45;0,09770525000000001
11.01.2025 08:00;0,13027366666666668
11.01.2025 08:15;0,15938000000000002
11.01.2025 08:30;0,18848633333333334
11.01.2025 08:45;0,21759266666666666
11.01.2025 09:00;0,246699
11.01.2025 09:15;0,25007066666666666
11.01.2025 09:30;0,2534423333333333
11.01.2025 09:45;0,25681400000000004
11.01.2025 10:00;0,2601856666666667
11.01.2025 10:15;0,27589658333333333
11.01.2025 10:30;0,2916075
11.01.2025 10:45;0,30731841666666665
11.01.2025 11:00;0,32302933333333333
11.01.2025 11:15;0,2995155
11.01.2025 11:30;0,2760016666666667
11.01.2025 11:45;0,25248783333333336
11.01.2025 12:00;0,228974
11.01.2025 12:15;0,21379508333333333
11.01.2025 12:30;0,19861616666666665
11.01.2025 12:45;0,18343725
11.01.2025 13:00;0,16825833333333332
11.01.2025 13:15;0,15698491666666664
11.01.2025 13:30;0,1457115
11.01.2025 13:45;0,13443808333333332
11.01.2025 14:00;0,12316466666666666
11.01.2025 14:15;0,10499783333333332
11.01.2025 14:30;0,08683099999999999
11.01.2025 14:45;0,06866416666666667
11.01.2025 15:00;0,05049733333333333
11.01.2025 15:15;0,037873
11.01.2025 15:30;0,025248666666666666
11.01.2025 15:45;0,012624333333333328
11.01.2025 16:00;0,0
11.01.2025 16:15;0,0
11.01.2025 16:30;0,0
11.01.2025 16:45;0,0
11.01.2025 17:00;0,0
11.01.2025 17:15;0,0
11.01.2025 17:30;0,0
11.01.2025 17:45;0,0
11.01.2025 18:00;0,0
11.01.2025 18:15;0,0
11.01.2025 18:30;0,0
11.01.2025 18:45;0,0
11.01.2025 19:00;0,0
11.01.2025 19:15;0,0
11.01.2025 19:30;0,0
11.01.2025 19:45;0,0
11.01.2025 20:00;0,0
11.01.2025 20:15;0,0
11.01.2025 20:30;0,0
11.01.2025 20:45;0,0
11.01.2025 21:00;0,0
11.01.2025 21:15;0,0
11.01.2025 21:30;0,0
11.01.2025 21:45;0,0
11.01.2025 22:00;0,0
11.01.2025 22:15;0,0
11.01.2025 22:30;0,0
11.01.2025 22:45;0,0
11.01.2025 23:00;0,0
11.01.2025 23:15;0,0
11.01.2025 23:30;0,0
11.01.2025 23:45;0,0
12.01.2025 00:00;0,0
12.01.2025 00:15;0,0
12.01.2025 00:30;0,0
12.01.2025 00:45;0,0
12.01.2025 01:00;0,0
12.01.2025 01:15;0,0
12.01.2025 01:30;0,0
12.01.2025 01:45;0,0
12.01.2025 02:00;0,0
12.01.2025 02:15;0,0
12.01.2025 02:30;0,0
12.01.2025 02:45;0,0
12.01.2025 03:00;0,0
12.01.2025 03:15;0,0
12.01.2025 03:30;0,0
12.01.2025 03:45;0,0
12.01.2025 04:00;0,0
12.01.2025 04:15;0,0
12.01.2025 04:30;0,0
12.01.2025 04:45;0,0
12.01.2025 05:00;0,0
12.01.2025 05:15;0,0
12.01.2025 05:30;0,0
12.01.2025 05:45;0,0
12.01.2025 06:00;0,0
12.01.2025 06:15;0,0
12.01.2025 06:30;0,0
12.01.2025 06:45;0,0
12.01.2025 07:00;0,0
12.01.2025 07:15;0,025552000000000002
12.01.2025 07:30;0,051104000000000004
12.01.2025 07:45;0,076656
12.01.2025 08:00;0,10220800000000001
12.01.2025 08:15;0,10782825
12.01.2025 08:30;0,11344850000000001
12.01.2025 08:45;0,11906875
12.01.2025 09:00;0,124689
12.01.2025 09:15;0,13600858333333332
12.01.2025 09:30;0,14732816666666665
12.01.2025 09:45;0,15864774999999998
12.01.2025 10:00;0,1699673333333333
12.01.2025 10:15;0,17127166666666666
12.01.2025 10:30;0,17257599999999998
12.01.2025 10:45;0,1738803333333333
12.01.2025 11:00;0,17518466666666666
12.01.2025 11:15;0,18396991666666668
12.01.2025 11:30;0,19275516666666667
12.01.2025 11:45;0,2015404166666667
12.01.2025 12:00;0,2103256666666667
12.01.2025 12:15;0,21112250000000002
12.01.2025 12:30;0,21191933333333335
12.01.2025 12:45;0,21271616666666665
12.01.2025 13:00;0,21351299999999998
12.01.2025 13:15;0,200288
12.01.2025 13:30;0,18706299999999998
12.01.2025 13:45;0,173838
12.01.2025 14:00;0,160613
12.01.2025 14:15;0,13475891666666667
12.01.2025 14:30;0,10890483333333334
12.01.2025 14:45;0,08305075
12.01.2025 15:00;0,057196666666666666
12.01.2025 15:15;0,0428975
12.01.2025 15:30;0,028598333333333333
12.01.2025 15:45;0,014299166666666668
12.01.2025 16:00;0,0
12.01.2025 16:15;0,0
12.01.2025 16:30;0,0
12.01.2025 16:45;0,0
12.01.2025 17:00;0,0
12.01.2025 17:15;0,0
12.01.2025 17:30;0,0
12.01.2025 17:45;0,0
12.01.2025 18:00;0,0
12.01.2025 18:15;0,0
12.01.2025 18:30;0,0
12.01.2025 18:45;0,0
12.01.2025 19:00;0,0
12.01.2025 19:15;0,0
12.01.2025 19:30;0,0
12.01.2025 19:45;0,0
12.01.2025 20:00;0,0
12.01.2025 20:15;0,0
12.01.2025 20:30;0,0
12.01.2025 20:45;0,0
12.01.2025 21:00;0,0
12.01.2025 21:15;0,0
12.01.2025 21:30;0,0
12.01.2025 21:45;0,0
12.01.2025 22:00;0,0
12.01.2025 22:15;0,0
12.01.2025 22:30;0,0
12.01.2025 22:45;0,0
12.01.2025 23:00;0,0
12.01.2025 23:15;0,0
12.01.2025 23:30;0,0
12.01.2025 23:45;0,0
13.01.2025 00:00;0,0
13.01.2025 00:15;0,0
13.01.2025 00:30;0,0
13.01.2025 00:45;0,0
13.01.2025 01:00;0,0
13.01.2025 01:15;0,0
13.01.2025 01:30;0,0
13.01.2025 01:45;0,0
13.01.2025 02:00;0,0
13.01.2025 02:15;0,0
13.01.2025 02:30;0,0
13.01.2025 02:45;0,0
13.01.2025 03:00;0,0
13.01.2025 03:15;0,0
13.01.2025 03:30;0,0
13.01.2025 03:45;0,0
13.01.2025 04:00;0,0
13.01.2025 04:15;0,0
13.01.2025 04:30;0,0
13.01.2025 04:45;0,0
13.01.2025 05:00;0,0
13.01.2025 05:15;0,0
13.01.2025 05:30;0,0
13.01.2025 05:45;0,0
13.01.2025 06:00;0,0
13.01.2025 06:15;0,0
13.01.2025 06:30;0,0
13.01.2025 06:45;0,0
13.01.2025 07:00;0,0
13.01.2025 07:15;0,01694175
13.01.2025 07:30;0,0338835
13.01.2025 07:45;0,050825249999999995
13.01.2025 08:00;0,067767
13.01.2025 08:15;0,08808966666666666
13.01.2025 08:30;0,10841233333333333
13.01.2025 08:45;0,128735
13.01.2025 09:00;0,14905766666666667
13.01.2025 09:15;0,16566616666666667
13.01.2025 09:30;0,1822746666666667
13.01.2025 09:45;0,1988831666666667
13.01.2025 10:00;0,2154916666666667
13.01.2025 10:15;0,21230841666666667
13.01.2025 10:30;0,20912516666666667
13.01.2025 10:45;0,20594191666666667
13.01.2025 11:00;0,20275866666666664
13.01.2025 11:15;0,20548116666666666
13.01.2025 11:30;0,20820366666666668
13.01.2025 11:45;0,21092616666666666
13.01.2025 12:00;0,21364866666666668
13.01.2025 12:15;0,21356475000000003
13.01.2025 12:30;0,21348083333333334
13.01.2025 12:45;0,21339691666666666
13.01.2025 13:00;0,213313
13.01.2025 13:15;0,20787383333333334
13.01.2025 13:30;0,20243466666666665
13.01.2025 13:45;0,1969955
13.01.2025 14:00;0,19155633333333333
13.01.2025 14:15;0,1679275
13.01.2025 14:30;0,14429866666666666
13.01.2025 14:45;0,12066983333333334
13.01.2025 15:00;0,097041
13.01.2025 15:15;0,07278075
13.01.2025 15:30;0,0485205
13.01.2025 15:45;0,024260249999999997
13.01.2025 16:00;0,0
13.01.2025 16:15;0,0
13.01.2025 16:30;0,0
13.01.2025 16:45;0,0
13.01.2025 17:00;0,0
13.01.2025 17:15;0,0
13.01.2025 17:30;0,0
13.01.2025 17:45;0,0
13.01.2025 18:00;0,0
13.01.2025 18:15;0,0
13.01.2025 18:30;0,0
13.01.2025 18:45;0,0
13.01.2025 19:00;0,0
13.01.2025 19:15;0,0
13.01.2025 19:30;0,0
13.01.2025 19:45;0,0
13.01.2025 20:00;0,0
13.01.2025 20:15;0,0
13.01.2025 20:30;0,0
13.01.2025 20:45;0,0
13.01.2025 21:00;0,0
13.01.2025 21:15;0,0
13.01.2025 21:30;0,0
13.01.2025 21:45;0,0
13.01.2025 22:00;0,0
13.01.2025 22:15;0,0
13.01.2025 22:30;0,0
13.01.2025 22:45;0,0
13.01.2025 23:00;0,0
13.01.2025 23:15;0,0
13.01.2025 23:30;0,0
13.01.2025 23:45;0,0
14.01.2025 00:00;0,0
14.01.2025 00:15;0,0
14.01.2025 00:30;0,0
14.01.2025 00:45;0,0
14.01.2025 01:00;0,0
14.01.2025 01:15;0,0
14.01.2025 01:30;0,0
14.01.2025 01:45;0,0
14.01.2025 02:00;0,0
14.01.2025 02:15;0,0
14.01.2025 02:30;0,0
14.01.2025 02:45;0,0
14.01.2025 03:00;0,0
14.01.2025 03:15;0,0
14.01.2025 03:30;0,0
14.01.2025 03:45;0,0
14.01.2025 04:00;0,0
14.01.2025 04:15;0,0
14.01.2025 04:30;0,0
14.01.2025 04:45;0,0
14.01.2025 05:00;0,0
14.01.2025 05:15;0,0
14.01.2025 05:30;0,0
14.01.2025 05:45;0,0
14.01.2025 06:00;0,0
14.01.2025 06:15;0,0
14.01.2025 06:30;0,0
14.01.2025 06:45;0,0
14.01.2025 07:00;0,0
14.01.2025 07:15;0,02379025
14.01.2025 07:30;0,0475805
14.01.2025 07:45;0,07137075
14.01.2025 08:00;0,095161
14.01.2025 08:15;0,12195283333333333
14.01.2025 08:30;0,14874466666666666
14.01.2025 08:45;0,17553649999999998
14.01.2025 09:00;0,20232833333333333
14.01.2025 09:15;0,20153625
14.01.2025 09:30;0,20074416666666667
14.01.2025 09:45;0,19995208333333334
14.01.2025 10:00;0,19916
14.01.2025 10:15;0,20610266666666666
14.01.2025 10:30;0,21304533333333334
14.01.2025 10:45;0,21998800000000002
14.01.2025 11:00;0,22693066666666667
14.01.2025 11:15;0,2228415
14.01.2025 11:30;0,21875233333333333
14.01.2025 11:45;0,21466316666666665
14.01.2025 12:00;0,21057399999999998
14.01.2025 12:15;0,20513516666666665
14.01.2025 12:30;0,1996963333333333
14.01.2025 12:45;0,1942575
14.01.2025 13:00;0,18881866666666666
14.01.2025 13:15;0,17612275
14.01.2025 13:30;0,16342683333333333
14.01.2025 13:45;0,15073091666666666
14.01.2025 14:00;0,138035
14.01.2025 14:15;0,119806
14.01.2025 14:30;0,101577
14.01.2025 14:45;0,083348
14.01.2025 15:00;0,065119
14.01.2025 15:15;0,04883925
14.01.2025 15:30;0,0325595
14.01.2025 15:45;0,016279750000000003
14.01.2025 16:00;0,0
14.01.2025 16:15;0,0
14.01.2025 16:30;0,0
14.01.2025 16:45;0,0
14.01.2025 17:00;0,0
14.01.2025 17:15;0,0
14.01.2025 17:30;0,0
14.01.2025 17:45;0,0
14.01.2025 18:00;0,0
14.01.2025 18:15;0,0
14.01.2025 18:30;0,0
14.01.2025 18:45;0,0
14.01.2025 19:00;0,0
14.01.2025 19:15;0,0
14.01.2025 19:30;0,0
14.01.2025 19:45;0,0
14.01.2025 20:00;0,0
14.01.2025 20:15;0,0
14.01.2025 20:30;0,0
14.01.2025 20:45;0,0
14.01.2025 21:00;0,0
14.01.2025 21:15;0,0
14.01.2025 21:30;0,0
14.01.2025 21:45;0,0
14.01.2025 22:00;0,0
14.01.2025 22:15;0,0
14.01.2025 22:30;0,0
14.01.2025 22:45;0,0
14.01.2025 23:00;0,0
14.01.2025 23:15;0,0
14.01.2025 23:30;0,0
14.01.2025 23:45;0,0
15.01.2025 00:00;0,0
15.01.2025 00:15;0,0
15.01.2025 00:30;0,0
15.01.2025 00:45;0,0
15.01.2025 01:00;0,0
15.01.2025 01:15;0,0
15.01.2025 01:30;0,0
15.01.2025 01:45;0,0
15.01.2025 02:00;0,0
15.01.2025 02:15;0,0
15.01.2025 02:30;0,0
15.01.2025 02:45;0,0
15.01.2025 03:00;0,0
15.01.2025 03:15;0,0
15.01.2025 03:30;0,0
15.01.2025 03:45;0,0
15.01.2025 04:00;0,0
15.01.2025 04:15;0,0
15.01.2025 04:30;0,0
15.01.2025 04:45;0,0
15.01.2025 05:00;0,0
15.01.2025 05:15;0,0
15.01.2025 05:30;0,0
15.01.2025 05:45;0,0
15.01.2025 06:00;0,0
15.01.2025 06:15;0,0
15.01.2025 06:30;0,0
15.01.2025 06:45;0,0
15.01.2025 07:00;0,0
15.01.2025 07:15;0,04589633333333333
15.01.2025 07:30;0,09179266666666666
15.01.2025 07:45;0,137689
15.01.2025 08:00;0,18358533333333332
15.01.2025 08:15;0,21639458333333333
15.01.2025 08:30;0,24920383333333335
15.01.2025 08:45;0,28201308333333336
15.01.2025 09:00;0,31482233333333337
15.01.2025 09:15;0,3301109166666667
15.01.2025 09:30;0,34539949999999997
15.01.2025 09:45;0,3606880833333333
15.01.2025 10:00;0,3759766666666666
15.01.2025 10:15;0,3894165
15.01.2025 10:30;0,4028563333333333
15.01.2025 10:45;0,4162961666666667
15.01.2025 11:00;0,429736
15.01.2025 11:15;0,42033125
15.01.2025 11:30;0,4109265
15.01.2025 11:45;0,40152175
15.01.2025 12:00;0,392117
15.01.2025 12:15;0,3684495
15.01.2025 12:30;0,34478200000000003
15.01.2025 12:45;0,3211145
15.01.2025 13:00;0,297447
15.01.2025 13:15;0,27735966666666667
15.01.2025 13:30;0,2572723333333333
15.01.2025 13:45;0,237185
15.01.2025 14:00;0,21709766666666666
15.01.2025 14:15;0,19292116666666667
15.01.2025 14:30;0,16874466666666665
15.01.2025 14:45;0,14456816666666666
15.01.2025 15:00;0,12039166666666666
15.01.2025 15:15;0,09029374999999999
15.01.2025 15:30;0,06019583333333333
15.01.2025 15:45;0,03009791666666667
15.01.2025 16:00;0,0
15.01.2025 16:15;0,0
15.01.2025 16:30;0,0
15.01.2025 16:45;0,0
15.01.2025 17:00;0,0
15.01.2025 17:15;0,0
15.01.2025 17:30;0,0
15.01.2025 17:45;0,0
15.01.2025 18:00;0,0
15.01.2025 18:15;0,0
15.01.2025 18:30;0,0
15.01.2025 18:45;0,0
15.01.2025 19:00;0,0
15.01.2025 19:15;0,0
15.01.2025 19:30;0,0
15.01.2025 19:45;0,0
15.01.2025 20:00;0,0
15.01.2025 20:15;0,0
15.01.2025 20:30;0,0
15.01.2025 20:45;0,0
15.01.2025 21:00;0,0
15.01.2025 21:15;0,0
15.01.2025 21:30;0,0
15.01.2025 21:45;0,0
15.01.2025 22:00;0,0
15.01.2025 22:15;0,0
15.01.2025 22:30;0,0
15.01.2025 22:45;0,0
15.01.2025 23:00;0,0
15.01.2025 23:15;0,0
15.01.2025 23:30;0,0
15.01.2025 23:45;0,0
16.01.2025 00:00;0,0
16.01.2025 00:15;0,0
16.01.2025 00:30;0,0
16.01.2025 00:45;0,0
16.01.2025 01:00;0,0
16.01.2025 01:15;0,0
16.01.2025 01:30;0,0
16.01.2025 01:45;0,0
16.01.2025 02:00;0,0
16.01.2025 02:15;0,0
16.01.2025 02:30;0,0
16.01.2025 02:45;0,0
16.01.2025 03:00;0,0
16.01.2025 03:15;0,0
16.01.2025 03:30;0,0
16.01.2025 03:45;0,0
16.01.2025 04:00;0,0
16.01.2025 04:15;0,0
16.01.2025 04:30;0,0
16.01.2025 04:45;0,0
16.01.2025 05:00;0,0
16.01.2025 05:15;0,0
16.01.2025 05:30;0,0
16.01.2025 05:45;0,0
16.01.2025 06:00;0,0
16.01.2025 06:15;0,0
16.01.2025 06:30;0,0
16.01.2025 06:45;0,0
16.01.2025 07:00;0,0
16.01.2025 07:15;0,03629008333333333
16.01.2025 07:30;0,07258016666666665
16.01.2025 07:45;0,10887024999999997
16.01.2025 08:00;0,1451603333333333
16.01.2025 08:15;0,17700333333333332
16.01.2025 08:30;0,2088463333333333
16.01.2025 08:45;0,2406893333333333
16.01.2025 09:00;0,2725323333333333
16.01.2025 09:15;0,28267149999999996
16.01.2025 09:30;0,29281066666666666
16.01.2025 09:45;0,30294983333333336
16.01.2025 10:00;0,313089
16.01.2025 10:15;0,32075166666666666
16.01.2025 10:30;0,32841433333333336
16.01.2025 10:45;0,336077
16.01.2025 11:00;0,34373966666666667
16.01.2025 11:15;0,340379
16.01.2025 11:30;0,33701833333333336
16.01.2025 11:45;0,3336576666666667
16.01.2025 12:00;0,330297
16.01.2025 12:15;0,3160799166666667
16.01.2025 12:30;0,3018628333333333
16.01.2025 12:45;0,28764575
16.01.2025 13:00;0,27342866666666665
16.01.2025 13:15;0,25328541666666665
16.01.2025 13:30;0,23314216666666665
16.01.2025 13:45;0,21299891666666665
16.01.2025 14:00;0,19285566666666665
16.01.2025 14:15;0,17144291666666664
16.01.2025 14:30;0,15003016666666666
16.01.2025 14:45;0,12861741666666665
16.01.2025 15:00;0,10720466666666666
16.01.2025 15:15;0,08040349999999999
16.01.2025 15:30;0,05360233333333333
16.01.2025 15:45;0,026801166666666668
16.01.2025 16:00;0,0
16.01.2025 16:15;0,0
16.01.2025 16:30;0,0
16.01.2025 16:45;0,0
16.01.2025 17:00;0,0
16.01.2025 17:15;0,0
16.01.2025 17:30;0,0
16.01.2025 17:45;0,0
16.01.2025 18:00;0,0
16.01.2025 18:15;0,0
16.01.2025 18:30;0,0
16.01.2025 18:45;0,0
16.01.2025 19:00;0,0
16.01.2025 19:15;0,0
16.01.2025 19:30;0,0
16.01.2025 19:45;0,0
16.01.2025 20:00;0,0
16.01.2025 20:15;0,0
16.01.2025 20:30;0,0
16.01.2025 20:45;0,0
16.01.2025 21:00;0,0
16.01.2025 21:15;0,0
16.01.2025 21:30;0,0
16.01.2025 21:45;0,0
16.01.2025 22:00;0,0
16.01.2025 22:15;0,0
16.01.2025 22:30;0,0
16.01.2025 22:45;0,0
16.01.2025 23:00;0,0
16.01.2025 23:15;0,0
16.01.2025 23:30;0,0
16.01.2025 23:45;0,0
17.01.2025 00:00;0,0
17.01.2025 00:15;0,0
17.01.2025 00:30;0,0
17.01.2025 00:45;0,0
17.01.2025 01:00;0,0
17.01.2025 01:15;0,0
17.01.2025 01:30;0,0
17.01.2025 01:45;0,0
17.01.2025 02:00;0,0
17.01.2025 02:15;0,0
17.01.2025 02:30;0,0
17.01.2025 02:45;0,0
17.01.2025 03:00;0,0
17.01.2025 03:15;0,0
17.01.2025 03:30;0,0
17.01.2025 03:45;0,0
17.01.2025 04:00;0,0
17.01.2025 04:15;0,0
17.01.2025 04:30;0,0
17.01.2025 04:45;0,0
17.01.2025 05:00;0,0
17.01.2025 05:15;0,0
17.01.2025 05:30;0,0
17.01.2025 05:45;0,0
17.01.2025 06:00;0,0
17.01.2025 06:15;0,0
17.01.2025 06:30;0,0
17.01.2025 06:45;0,0
17.01.2025 07:00;0,0
17.01.2025 07:15;0,027505666666666668
17.01.2025 07:30;0,055011333333333336
17.01.2025 07:45;0,08251700000000001
17.01.2025 08:00;0,11002266666666667
17.01.2025 08:15;0,11640550000000001
17.01.2025 08:30;0,12278833333333333
17.01.2025 08:45;0,12917116666666667
17.01.2025 09:00;0,135554
17.01.2025 09:15;0,13175083333333334
17.01.2025 09:30;0,12794766666666668
17.01.2025 09:45;0,1241445
17.01.2025 10:00;0,12034133333333334
17.01.2025 10:15;0,122535
17.01.2025 10:30;0,12472866666666665
17.01.2025 10:45;0,12692233333333333
17.01.2025 11:00;0,12911599999999998
17.01.2025 11:15;0,1327120833333333
17.01.2025 11:30;0,13630816666666667
17.01.2025 11:45;0,13990425
17.01.2025 12:00;0,14350033333333334
17.01.2025 12:15;0,13140216666666668
17.01.2025 12:30;0,119304
17.01.2025 12:45;0,10720583333333333
17.01.2025 13:00;0,09510766666666666
17.01.2025 13:15;0,09465225
17.01.2025 13:30;0,09419683333333333
17.01.2025 13:45;0,09374141666666666
17.01.2025 14:00;0,093286
17.01.2025 14:15;0,08660274999999999
17.01.2025 14:30;0,0799195
17.01.2025 14:45;0,07323625
17.01.2025 15:00;0,066553
17.01.2025 15:15;0,04991475
17.01.2025 15:30;0,0332765
17.01.2025 15:45;0,01663825
17.01.2025 16:00;0,0
17.01.2025 16:15;0,0
17.01.2025 16:30;0,0
17.01.2025 16:45;0,0
17.01.2025 17:00;0,0
17.01.2025 17:15;0,0
17.01.2025 17:30;0,0
17.01.2025 17:45;0,0
17.01.2025 18:00;0,0
17.01.2025 18:15;0,0
17.01.2025 18:30;0,0
17.01.2025 18:45;0,0
17.01.2025 19:00;0,0
17.01.2025 19:15;0,0
17.01.2025 19:30;0,0
17.01.2025 19:45;0,0
17.01.2025 20:00;0,0
17.01.2025 20:15;0,0
17.01.2025 20:30;0,0
17.01.2025 20:45;0,0
17.01.2025 21:00;0,0
17.01.2025 21:15;0,0
17.01.2025 21:30;0,0
17.01.2025 21:45;0,0
17.01.2025 22:00;0,0
17.01.2025 22:15;0,0
17.01.2025 22:30;0,0
17.01.2025 22:45;0,0
17.01.2025 23:00;0,0
17.01.2025 23:15;0,0
17.01.2025 23:30;0,0
17.01.2025 23:45;0,0
18.01.2025 00:00;0,0
18.01.2025 00:15;0,0
18.01.2025 00:30;0,0
18.01.2025 00:45;0,0
18.01.2025 01:00;0,0
18.01.2025 01:15;0,0
18.01.2025 01:30;0,0
18.01.2025 01:45;0,0
18.01.2025 02:00;0,0
18.01.2025 02:15;0,0
18.01.2025 02:30;0,0
18.01.2025 02:45;0,0
18.01.2025 03:00;0,0
18.01.2025 03:15;0,0
18.01.2025 03:30;0,0
18.01.2025 03:45;0,0
18.01.2025 04:00;0,0
18.01.2025 04:15;0,0
18.01.2025 04:30;0,0
18.01.2025 04:45;0,0
18.01.2025 05:00;0,0
18.01.2025 05:15;0,0
18.01.2025 05:30;0,0
18.01.2025 05:45;0,0
18.01.2025 06:00;0,0
18.01.2025 06:15;0,0
18.01.2025 06:30;0,0
18.01.2025 06:45;0,0
18.01.2025 07:00;0,0
18.01.2025 07:15;0,03804541666666667
18.01.2025 07:30;0,07609083333333334
18.01.2025 07:45;0,11413625000000001
18.01.2025 08:00;0,1521816666666667
18.01.2025 08:15;0,17585541666666668
18.01.2025 08:30;0,19952916666666667
18.01.2025 08:45;0,22320291666666667
18.01.2025 09:00;0,24687666666666666
18.01.2025 09:15;0,26196966666666666
18.01.2025 09:30;0,2770626666666666
18.01.2025 09:45;0,29215566666666665
18.01.2025 10:00;0,3072486666666666
18.01.2025 10:15;0,3088043333333333
18.01.2025 10:30;0,31035999999999997
18.01.2025 10:45;0,31191566666666665
18.01.2025 11:00;0,3134713333333333
18.01.2025 11:15;0,31273016666666664
18.01.2025 11:30;0,311989
18.01.2025 11:45;0,3112478333333334
18.01.2025 12:00;0,3105066666666667
18.01.2025 12:15;0,3001101666666667
18.01.2025 12:30;0,28971366666666665
18.01.2025 12:45;0,27931716666666667
18.01.2025 13:00;0,26892066666666664
18.01.2025 13:15;0,25763891666666666
18.01.2025 13:30;0,24635716666666663
18.01.2025 13:45;0,23507541666666665
18.01.2025 14:00;0,22379366666666664
18.01.2025 14:15;0,19306341666666665
18.01.2025 14:30;0,16233316666666664
18.01.2025 14:45;0,13160291666666665
18.01.2025 15:00;0,10087266666666667
18.01.2025 15:15;0,0756545
18.01.2025 15:30;0,05043633333333333
18.01.2025 15:45;0,025218166666666667
18.01.2025 16:00;0,0
18.01.2025 16:15;0,0
18.01.2025 16:30;0,0
18.01.2025 16:45;0,0
18.01.2025 17:00;0,0
18.01.2025 17:15;0,0
18.01.2025 17:30;0,0
18.01.2025 17:45;0,0
18.01.2025 18:00;0,0
18.01.2025 18:15;0,0
18.01.2025 18:30;0,0
18.01.2025 18:45;0,0
18.01.2025 19:00;0,0
18.01.2025 19:15;0,0
18.01.2025 19:30;0,0
18.01.2025 19:45;0,0
18.01.2025 20:00;0,0
18.01.2025 20:15;0,0
18.01.2025 20:30;0,0
18.01.2025 20:45;0,0
18.01.2025 21:00;0,0
18.01.2025 21:15;0,0
18.01.2025 21:30;0,0
18.01.2025 21:45;0,0
18.01.2025 22:00;0,0
18.01.2025 22:15;0,0
18.01.2025 22:30;0,0
18.01.2025 22:45;0,0
18.01.2025 23:00;0,0
18.01.2025 23:15;0,0
18.01.2025 23:30;0,0
18.01.2025 23:45;0,0
19.01.2025 00:00;0,0
19.01.2025 00:15;0,0
19.01.2025 00:30;0,0
19.01.2025 00:45;0,0
19.01.2025 01:00;0,0
19.01.2025 01:15;0,0
19.01.2025 01:30;0,0
19.01.2025 01:45;0,0
19.01.2025 02:00;0,0
19.01.2025 02:15;0,0
19.01.2025 02:30;0,0
19.01.2025 02:45;0,0
19.01.2025 03:00;0,0
19.01.2025 03:15;0,0
19.01.2025 03:30;0,0
19.01.2025 03:45;0,0
19.01.2025 04:00;0,0
19.01.2025 04:15;0,0
19.01.2025 04:30;0,0
19.01.2025 04:45;0,0
19.01.2025 05:00;0,0
19.01.2025 05:15;0,0
19.01.2025 05:30;0,0
19.01.2025 05:45;0,0
19.01.2025 06:00;0,0
19.01.2025 06:15;0,0
19.01.2025 06:30;0,0
19.01.2025 06:45;0,0
19.01.2025 07:00;0,0
19.01.2025 07:15;0,04350883333333333
19.01.2025 07:30;0,08701766666666666
19.01.2025 07:45;0,1305265
19.01.2025 08:00;0,17403533333333332
19.01.2025 08:15;0,20272891666666665
19.01.2025 08:30;0,23142249999999998
19.01.2025 08:45;0,2601160833333333
19.01.2025 09:00;0,28880966666666663
19.01.2025 09:15;0,2894343333333333
19.01.2025 09:30;0,29005899999999996
19.01.2025 09:45;0,2906836666666667
19.01.2025 10:00;0,29130833333333334
19.01.2025 10:15;0,30177325
19.01.2025 10:30;0,31223816666666665
19.01.2025 10:45;0,3227030833333333
19.01.2025 11:00;0,33316799999999996
19.01.2025 11:15;0,33054666666666666
19.01.2025 11:30;0,3279253333333333
19.01.2025 11:45;0,3253039999999999
19.01.2025 12:00;0,3226826666666666
19.01.2025 12:15;0,3155040833333333
19.01.2025 12:30;0,3083255
19.01.2025 12:45;0,30114691666666665
19.01.2025 13:00;0,29396833333333333
19.01.2025 13:15;0,27022233333333334
19.01.2025 13:30;0,24647633333333333
19.01.2025 13:45;0,2227303333333333
19.01.2025 14:00;0,19898433333333332
19.01.2025 14:15;0,17901608333333333
19.01.2025 14:30;0,15904783333333333
19.01.2025 14:45;0,13907958333333334
19.01.2025 15:00;0,11911133333333333
19.01.2025 15:15;0,0893335
19.01.2025 15:30;0,059555666666666666
19.01.2025 15:45;0,029777833333333337
19.01.2025 16:00;0,0
19.01.2025 16:15;0,0
19.01.2025 16:30;0,0
19.01.2025 16:45;0,0
19.01.2025 17:00;0,0
19.01.2025 17:15;0,0
19.01.2025 17:30;0,0
19.01.2025 17:45;0,0
19.01.2025 18:00;0,0
19.01.2025 18:15;0,0
19.01.2025 18:30;0,0
19.01.2025 18:45;0,0
19.01.2025 19:00;0,0
19.01.2025 19:15;0,0
19.01.2025 19:30;0,0
19.01.2025 19:45;0,0
19.01.2025 20:00;0,0
19.01.2025 20:15;0,0
19.01.2025 20:30;0,0
19.01.2025 20:45;0,0
19.01.2025 21:00;0,0
19.01.2025 21:15;0,0
19.01.2025 21:30;0,0
19.01.2025 21:45;0,0
19.01.2025 22:00;0,0
19.01.2025 22:15;0,0
19.01.2025 22:30;0,0
19.01.2025 22:45;0,0
19.01.2025 23:00;0,0
19.01.2025 23:15;0,0
19.01.2025 23:30;0,0
19.01.2025 23:45;0,0
20.01.2025 00:00;0,0
20.01.2025 00:15;0,0
20.01.2025 00:30;0,0
20.01.2025 00:45;0,0
20.01.2025 01:00;0,0
20.01.2025 01:15;0,0
20.01.2025 01:30;0,0
20.01.2025 01:45;0,0
20.01.2025 02:00;0,0
20.01.2025 02:15;0,0
20.01.2025 02:30;0,0
20.01.2025 02:45;0,0
20.01.2025 03:00;0,0
20.01.2025 03:15;0,0
20.01.2025 03:30;0,0
20.01.2025 03:45;0,0
20.01.2025 04:00;0,0
20.01.2025 04:15;0,0
20.01.2025 04:30;0,0
20.01.2025 04:45;0,0
20.01.2025 05:00;0,0
20.01.2025 05:15;0,0
20.01.2025 05:30;0,0
20.01.2025 05:45;0,0
20.01.2025 06:00;0,0
20.01.2025 06:15;0,0
20.01.2025 06:30;0,0
20.01.2025 06:45;0,0
20.01.2025 07:00;0,0
20.01.2025 07:15;0,03395016666666666
20.01.2025 07:30;0,06790033333333333
20.01.2025 07:45;0,10185049999999998
20.01.2025 08:00;0,13580066666666665
20.01.2025 08:15;0,16023783333333333
20.01.2025 08:30;0,18467499999999998
20.01.2025 08:45;0,20911216666666665
20.01.2025 09:00;0,23354933333333333
20.01.2025 09:15;0,25495866666666667
20.01.2025 09:30;0,276368
20.01.2025 09:45;0,29777733333333334
20.01.2025 10:00;0,3191866666666667
20.01.2025 10:15;0,3306016666666667
20.01.2025 10:30;0,34201666666666664
20.01.2025 10:45;0,35343166666666664
20.01.2025 11:00;0,36484666666666665
20.01.2025 11:15;0,3508315
20.01.2025 11:30;0,3368163333333334
20.01.2025 11:45;0,3228011666666667
20.01.2025 12:00;0,30878600000000006
20.01.2025 12:15;0,29952875
20.01.2025 12:30;0,2902715
20.01.2025 12:45;0,28101425
20.01.2025 13:00;0,27175699999999997
20.01.2025 13:15;0,25064875
20.01.2025 13:30;0,22954049999999998
20.01.2025 13:45;0,20843224999999999
20.01.2025 14:00;0,187324
20.01.2025 14:15;0,17144241666666665
20.01.2025 14:30;0,15556083333333331
20.01.2025 14:45;0,13967925
20.01.2025 15:00;0,12379766666666667
20.01.2025 15:15;0,09284825000000001
20.01.2025 15:30;0,06189883333333334
20.01.2025 15:45;0,030949416666666674
20.01.2025 16:00;0,0
20.01.2025 16:15;0,0
20.01.2025 16:30;0,0
20.01.2025 16:45;0,0
20.01.2025 17:00;0,0
20.01.2025 17:15;0,0
20.01.2025 17:30;0,0
20.01.2025 17:45;0,0
20.01.2025 18:00;0,0
20.01.2025 18:15;0,0
20.01.2025 18:30;0,0
20.01.2025 18:45;0,0
20.01.2025 19:00;0,0
20.01.2025 19:15;0,0
20.01.2025 19:30;0,0
20.01.2025 19:45;0,0
20.01.2025 20:00;0,0
20.01.2025 20:15;0,0
20.01.2025 20:30;0,0
20.01.2025 20:45;0,0
20.01.2025 21:00;0,0
20.01.2025 21:15;0,0
20.01.2025 21:30;0,0
20.01.2025 21:45;0,0
20.01.2025 22:00;0,0
20.01.2025 22:15;0,0
20.01.2025 22:30;0,0
20.01.2025 22:45;0,0
20.01.2025 23:00;0,0
20.01.2025 23:15;0,0
20.01.2025 23:30;0,0
20.01.2025 23:45;0,0
21.01.2025 00:00;0,0
21.01.2025 00:15;0,0
21.01.2025 00:30;0,0
21.01.2025 00:45;0,0
21.01.2025 01:00;0,0
21.01.2025 01:15;0,0
21.01.2025 01:30;0,0
21.01.2025 01:45;0,0
21.01.2025 02:00;0,0
21.01.2025 02:15;0,0
21.01.2025 02:30;0,0
21.01.2025 02:45;0,0
21.01.2025 03:00;0,0
21.01.2025 03:15;0,0
21.01.2025 03:30;0,0
21.01.2025 03:45;0,0
21.01.2025 04:00;0,0
21.01.2025 04:15;0,0
21.01.2025 04:30;0,0
21.01.2025 04:45;0,0
21.01.2025 05:00;0,0
21.01.2025 05:15;0,0
21.01.2025 05:30;0,0
21.01.2025 05:45;0,0
21.01.2025 06:00;0,0
21.01.2025 06:15;0,0
21.01.2025 06:30;0,0
21.01.2025 06:45;0,0
21.01.2025 07:00;0,0
21.01.2025 07:15;0,040660249999999995
21.01.2025 07:30;0,08132049999999999
21.01.2025 07:45;0,12198074999999999
21.01.2025 08:00;0,16264099999999998
21.01.2025 08:15;0,17970166666666665
21.01.2025 08:30;0,19676233333333332
21.01.2025 08:45;0,21382299999999999
21.01.2025 09:00;0,23088366666666668
21.01.2025 09:15;0,24403958333333334
21.01.2025 09:30;0,2571955
21.01.2025 09:45;0,2703514166666667
21.01.2025 10:00;0,28350733333333333
21.01.2025 10:15;0,29963208333333335
21.01.2025 10:30;0,3157568333333333
21.01.2025 10:45;0,3318815833333333
21.01.2025 11:00;0,3480063333333333
21.01.2025 11:15;0,35008283333333334
21.01.2025 11:30;0,3521593333333333
21.01.2025 11:45;0,3542358333333333
21.01.2025 12:00;0,35631233333333334
21.01.2025 12:15;0,35594808333333333
21.01.2025 12:30;0,3555838333333333
21.01.2025 12:45;0,3552195833333333
21.01.2025 13:00;0,3548553333333333
21.01.2025 13:15;0,34008249999999995
21.01.2025 13:30;0,32530966666666666
21.01.2025 13:45;0,3105368333333334
21.01.2025 14:00;0,295764
21.01.2025 14:15;0,26533700000000005
21.01.2025 14:30;0,23491
21.01.2025 14:45;0,20448300000000003
21.01.2025 15:00;0,17405600000000002
21.01.2025 15:15;0,13054200000000002
21.01.2025 15:30;0,08702800000000001
21.01.2025 15:45;0,043514
21.01.2025 16:00;0,0
21.01.2025 16:15;0,0
21.01.2025 16:30;0,0
21.01.2025 16:45;0,0
21.01.2025 17:00;0,0
21.01.2025 17:15;0,0
21.01.2025 17:30;0,0
21.01.2025 17:45;0,0
21.01.2025 18:00;0,0
21.01.2025 18:15;0,0
21.01.2025 18:30;0,0
21.01.2025 18:45;0,0
21.01.2025 19:00;0,0
21.01.2025 19:15;0,0
21.01.2025 19:30;0,0
21.01.2025 19:45;0,0
21.01.2025 20:00;0,0
21.01.2025 20:15;0,0
21.01.2025 20:30;0,0
21.01.2025 20:45;0,0
21.01.2025 21:00;0,0
21.01.2025 21:15;0,0
21.01.2025 21:30;0,0
21.01.2025 21:45;0,0
21.01.2025 22:00;0,0
21.01.2025 22:15;0,0
21.01.2025 22:30;0,0
21.01.2025 22:45;0,0
21.01.2025 23:00;0,0
21.01.2025 23:15;0,0
21.01.2025 23:30;0,0
21.01.2025 23:45;0,0
22.01.2025 00:00;0,0
22.01.2025 00:15;0,0
22.01.2025 00:30;0,0
22.01.2025 00:45;0,0
22.01.2025 01:00;0,0
22.01.2025 01:15;0,0
22.01.2025 01:30;0,0
22.01.2025 01:45;0,0
22.01.2025 02:00;0,0
22.01.2025 02:15;0,0
22.01.2025 02:30;0,0
22.01.2025 02:45;0,0
22.01.2025 03:00;0,0
22.01.2025 03:15;0,0
22.01.2025 03:30;0,0
22.01.2025 03:45;0,0
22.01.2025 04:00;0,0
22.01.2025 04:15;0,0
22.01.2025 04:30;0,0
22.01.2025 04:45;0,0
22.01.2025 05:00;0,0
22.01.2025 05:15;0,0
22.01.2025 05:30;0,0
22.01.2025 05:45;0,0
22.01.2025 06:00;0,0
22.01.2025 06:15;0,0
22.01.2025 06:30;0,0
22.01.2025 06:45;0,0
22.01.2025 07:00;0,0
22.01.2025 07:15;0,0375495
22.01.2025 07:30;0,075099
22.01.2025 07:45;0,1126485
22.01.2025 08:00;0,150198
22.01.2025 08:15;0,17009941666666667
22.01.2025 08:30;0,19000083333333334
22.01.2025 08:45;0,20990224999999998
22.01.2025 09:00;0,22980366666666666
22.01.2025 09:15;0,24298191666666666
22.01.2025 09:30;0,2561601666666667
22.01.2025 09:45;0,2693384166666667
22.01.2025 10:00;0,2825166666666667
22.01.2025 10:15;0,28797933333333336
22.01.2025 10:30;0,293442
22.01.2025 10:45;0,29890466666666665
22.01.2025 11:00;0,3043673333333333
22.01.2025 11:15;0,304899
22.01.2025 11:30;0,30543066666666663
22.01.2025 11:45;0,30596233333333334
22.01.2025 12:00;0,306494
22.01.2025 12:15;0,30361241666666666
22.01.2025 12:30;0,3007308333333333
22.01.2025 12:45;0,29784924999999995
22.01.2025 13:00;0,29496766666666663
22.01.2025 13:15;0,2881634166666666
22.01.2025 13:30;0,28135916666666666
22.01.2025 13:45;0,27455491666666665
22.01.2025 14:00;0,26775066666666664
22.01.2025 14:15;0,2405653333333333
22.01.2025 14:30;0,21337999999999996
22.01.2025 14:45;0,18619466666666665
22.01.2025 15:00;0,1590093333333333
22.01.2025 15:15;0,11925699999999997
22.01.2025 15:30;0,07950466666666665
22.01.2025 15:45;0,039752333333333334
22.01.2025 16:00;0,0
22.01.2025 16:15;0,0
22.01.2025 16:30;0,0
22.01.2025 16:45;0,0
22.01.2025 17:00;0,0
22.01.2025 17:15;0,0
22.01.2025 17:30;0,0
22.01.2025 17:45;0,0
22.01.2025 18:00;0,0
22.01.2025 18:15;0,0
22.01.2025 18:30;0,0
22.01.2025 18:45;0,0
22.01.2025 19:00;0,0
22.01.2025 19:15;0,0
22.01.2025 19:30;0,0
22.01.2025 19:45;0,0
22.01.2025 20:00;0,0
22.01.2025 20:15;0,0
22.01.2025 20:30;0,0
22.01.2025 20:45;0,0
22.01.2025 21:00;0,0
22.01.2025 21:15;0,0
22.01.2025 21:30;0,0
22.01.2025 21:45;0,0
22.01.2025 22:00;0,0
22.01.2025 22:15;0,0
22.01.2025 22:30;0,0
22.01.2025 22:45;0,0
22.01.2025 23:00;0,0
22.01.2025 23:15;0,0
22.01.2025 23:30;0,0
22.01.2025 23:45;0,0
23.01.2025 00:00;0,0
23.01.2025 00:15;0,0
23.01.2025 00:30;0,0
23.01.2025 00:45;0,0
23.01.2025 01:00;0,0
23.01.2025 01:15;0,0
23.01.2025 01:30;0,0
23.01.2025 01:45;0,0
23.01.2025 02:00;0,0
23.01.2025 02:15;0,0
23.01.2025 02:30;0,0
23.01.2025 02:45;0,0
23.01.2025 03:00;0,0
23.01.2025 03:15;0,0
23.01.2025 03:30;0,0
23.01.2025 03:45;0,0
23.01.2025 04:00;0,0
23.01.2025 04:15;0,0
23.01.2025 04:30;0,0
23.01.2025 04:45;0,0
23.01.2025 05:00;0,0
23.01.2025 05:15;0,0
23.01.2025 05:30;0,0
23.01.2025 05:45;0,0
23.01.2025 06:00;0,0
23.01.2025 06:15;0,0
23.01.2025 06:30;0,0
23.01.2025 06:45;0,0
23.01.2025 07:00;0,0
23.01.2025 07:15;0,04272591666666667
23.01.2025 07:30;0,08545183333333334
23.01.2025 07:45;0,12817775
23.01.2025 08:00;0,17090366666666668
23.01.2025 08:15;0,18583333333333335
23.01.2025 08:30;0,200763
23.01.2025 08:45;0,21569266666666664
23.01.2025 09:00;0,23062233333333332
23.01.2025 09:15;0,23656691666666665
23.01.2025 09:30;0,2425115
23.01.2025 09:45;0,24845608333333333
23.01.2025 10:00;0,25440066666666666
23.01.2025 10:15;0,2724776666666667
23.01.2025 10:30;0,29055466666666663
23.01.2025 10:45;0,30863166666666664
23.01.2025 11:00;0,32670866666666665
23.01.2025 11:15;0,33014325
23.01.2025 11:30;0,33357783333333335
23.01.2025 11:45;0,33701241666666665
23.01.2025 12:00;0,340447
23.01.2025 12:15;0,33302425
23.01.2025 12:30;0,3256015
23.01.2025 12:45;0,31817874999999995
23.01.2025 13:00;0,310756
23.01.2025 13:15;0,3038188333333333
23.01.2025 13:30;0,29688166666666665
23.01.2025 13:45;0,2899445
23.01.2025 14:00;0,28300733333333333
23.01.2025 14:15;0,25993916666666667
23.01.2025 14:30;0,236871
23.01.2025 14:45;0,21380283333333333
23.01.2025 15:00;0,19073466666666666
23.01.2025 15:15;0,14305099999999998
23.01.2025 15:30;0,09536733333333333
23.01.2025 15:45;0,04768366666666665
23.01.2025 16:00;0,0
23.01.2025 16:15;0,0
23.01.2025 16:30;0,0
23.01.2025 16:45;0,0
23.01.2025 17:00;0,0
23.01.2025 17:15;0,0
23.01.2025 17:30;0,0
23.01.2025 17:45;0,0
23.01.2025 18:00;0,0
23.01.2025 18:15;0,0
23.01.2025 18:30;0,0
23.01.2025 18:45;0,0
23.01.2025 19:00;0,0
23.01.2025 19:15;0,0
23.01.2025 19:30;0,0
23.01.2025 19:45;0,0
23.01.2025 20:00;0,0
23.01.2025 20:15;0,0
23.01.2025 20:30;0,0
23.01.2025 20:45;0,0
23.01.2025 21:00;0,0
23.01.2025 21:15;0,0
23.01.2025 21:30;0,0
23.01.2025 21:45;0,0
23.01.2025 22:00;0,0
23.01.2025 22:15;0,0
23.01.2025 22:30;0,0
23.01.2025 22:45;0,0
23.01.2025 23:00;0,0
23.01.2025 23:15;0,0
23.01.2025 23:30;0,0
23.01.2025 23:45;0,0
24.01.2025 00:00;0,0
24.01.2025 00:15;0,0
24.01.2025 00:30;0,0
24.01.2025 00:45;0,0
24.01.2025 01:00;0,0
24.01.2025 01:15;0,0
24.01.2025 01:30;0,0
24.01.2025 01:45;0,0
24.01.2025 02:00;0,0
24.01.2025 02:15;0,0
24.01.2025 02:30;0,0
24.01.2025 02:45;0,0
24.01.2025 03:00;0,0
24.01.2025 03:15;0,0
24.01.2025 03:30;0,0
24.01.2025 03:45;0,0
24.01.2025 04:00;0,0
24.01.2025 04:15;0,0
24.01.2025 04:30;0,0
24.01.2025 04:45;0,0
24.01.2025 05:00;0,0
24.01.2025 05:15;0,0
24.01.2025 05:30;0,0
24.01.2025 05:45;0,0
24.01.2025 06:00;0,0
24.01.2025 06:15;0,0
24.01.2025 06:30;0,0
24.01.2025 06:45;0,0
24.01.2025 07:00;0,0
24.01.2025 07:15;0,03789183333333333
24.01.2025 07:30;0,07578366666666667
24.01.2025 07:45;0,11367550000000001
24.01.2025 08:00;0,15156733333333333
24.01.2025 08:15;0,17759266666666668
24.01.2025 08:30;0,203618
24.01.2025 08:45;0,2296433333333333
24.01.2025 09:00;0,25566866666666666
24.01.2025 09:15;0,271017
24.01.2025 09:30;0,2863653333333333
24.01.2025 09:45;0,30171366666666666
24.01.2025 10:00;0,317062
24.01.2025 10:15;0,321529
24.01.2025 10:30;0,325996
24.01.2025 10:45;0,330463
24.01.2025 11:00;0,33493
24.01.2025 11:15;0,33895141666666667
24.01.2025 11:30;0,34297283333333334
24.01.2025 11:45;0,34699425
24.01.2025 12:00;0,35101566666666667
24.01.2025 12:15;0,34319975
24.01.2025 12:30;0,3353838333333333
24.01.2025 12:45;0,3275679166666667
24.01.2025 13:00;0,31975200000000004
24.01.2025 13:15;0,30192650000000004
24.01.2025 13:30;0,28410100000000005
24.01.2025 13:45;0,2662755
24.01.2025 14:00;0,24845
24.01.2025 14:15;0,22409466666666666
24.01.2025 14:30;0,19973933333333332
24.01.2025 14:45;0,17538399999999998
24.01.2025 15:00;0,15102866666666664
24.01.2025 15:15;0,11327149999999998
24.01.2025 15:30;0,07551433333333332
24.01.2025 15:45;0,03775716666666665
24.01.2025 16:00;0,0
24.01.2025 16:15;0,0
24.01.2025 16:30;0,0
24.01.2025 16:45;0,0
24.01.2025 17:00;0,0
24.01.2025 17:15;0,0
24.01.2025 17:30;0,0
24.01.2025 17:45;0,0
24.01.2025 18:00;0,0
24.01.2025 18:15;0,0
24.01.2025 18:30;0,0
24.01.2025 18:45;0,0
24.01.2025 19:00;0,0
24.01.2025 19:15;0,0
24.01.2025 19:30;0,0
24.01.2025 19:45;0,0
24.01.2025 20:00;0,0
24.01.2025 20:15;0,0
24.01.2025 20:30;0,0
24.01.2025 20:45;0,0
24.01.2025 21:00;0,0
24.01.2025 21:15;0,0
24.01.2025 21:30;0,0
24.01.2025 21:45;0,0
24.01.2025 22:00;0,0
24.01.2025 22:15;0,0
24.01.2025 22:30;0,0
24.01.2025 22:45;0,0
24.01.2025 23:00;0,0
24.01.2025 23:15;0,0
24.01.2025 23:30;0,0
24.01.2025 23:45;0,0
25.01.2025 00:00;0,0
25.01.2025 00:15;0,0
25.01.2025 00:30;0,0
25.01.2025 00:45;0,0
25.01.2025 01:00;0,0
25.01.2025 01:15;0,0
25.01.2025 01:30;0,0
25.01.2025 01:45;0,0
25.01.2025 02:00;0,0
25.01.2025 02:15;0,0
25.01.2025 02:30;0,0
25.01.2025 02:45;0,0
25.01.2025 03:00;0,0
25.01.2025 03:15;0,0
25.01.2025 03:30;0,0
25.01.2025 03:45;0,0
25.01.2025 04:00;0,0
25.01.2025 04:15;0,0
25.01.2025 04:30;0,0
25.01.2025 04:45;0,0
25.01.2025 05:00;0,0
25.01.2025 05:15;0,0
25.01.2025 05:30;0,0
25.01.2025 05:45;0,0
25.01.2025 06:00;0,0
25.01.2025 06:15;0,0
25.01.2025 06:30;0,0
25.01.2025 06:45;0,0
25.01.2025 07:00;0,0
25.01.2025 07:15;0,052438500000000006
25.01.2025 07:30;0,10487700000000001
25.01.2025 07:45;0,15731550000000002
25.01.2025 08:00;0,20975400000000002
25.01.2025 08:15;0,24545308333333335
25.01.2025 08:30;0,28115216666666665
25.01.2025 08:45;0,31685125
25.01.2025 09:00;0,3525503333333333
25.01.2025 09:15;0,3751525833333333
25.01.2025 09:30;0,3977548333333333
25.01.2025 09:45;0,4203570833333333
25.01.2025 10:00;0,4429593333333333
25.01.2025 10:15;0,44965941666666664
25.01.2025 10:30;0,4563595
25.01.2025 10:45;0,4630595833333333
25.01.2025 11:00;0,46975966666666663
25.01.2025 11:15;0,461314
25.01.2025 11:30;0,4528683333333333
25.01.2025 11:45;0,44442266666666663
25.01.2025 12:00;0,435977
25.01.2025 12:15;0,43140541666666665
25.01.2025 12:30;0,42683383333333336
25.01.2025 12:45;0,42226225000000006
25.01.2025 13:00;0,4176906666666667
25.01.2025 13:15;0,39736041666666666
25.01.2025 13:30;0,37703016666666667
25.01.2025 13:45;0,3566999166666666
25.01.2025 14:00;0,3363696666666666
25.01.2025 14:15;0,2979630833333333
25.01.2025 14:30;0,25955649999999997
25.01.2025 14:45;0,22114991666666667
25.01.2025 15:00;0,18274333333333334
25.01.2025 15:15;0,1370575
25.01.2025 15:30;0,09137166666666667
25.01.2025 15:45;0,04568583333333334
25.01.2025 16:00;0,0
25.01.2025 16:15;0,0
25.01.2025 16:30;0,0
25.01.2025 16:45;0,0
25.01.2025 17:00;0,0
25.01.2025 17:15;0,0
25.01.2025 17:30;0,0
25.01.2025 17:45;0,0
25.01.2025 18:00;0,0
25.01.2025 18:15;0,0
25.01.2025 18:30;0,0
25.01.2025 18:45;0,0
25.01.2025 19:00;0,0
25.01.2025 19:15;0,0
25.01.2025 19:30;0,0
25.01.2025 19:45;0,0
25.01.2025 20:00;0,0
25.01.2025 20:15;0,0
25.01.2025 20:30;0,0
25.01.2025 20:45;0,0
25.01.2025 21:00;0,0
25.01.2025 21:15;0,0
25.01.2025 21:30;0,0
25.01.2025 21:45;0,0
25.01.2025 22:00;0,0
25.01.2025 22:15;0,0
25.01.2025 22:30;0,0
25.01.2025 22:45;0,0
25.01.2025 23:00;0,0
25.01.2025 23:15;0,0
25.01.2025 23:30;0,0
25.01.2025 23:45;0,0
26.01.2025 00:00;0,0
26.01.2025 00:15;0,0
26.01.2025 00:30;0,0
26.01.2025 00:45;0,0
26.01.2025 01:00;0,0
26.01.2025 01:15;0,0
26.01.2025 01:30;0,0
26.01.2025 01:45;0,0
26.01.2025 02:00;0,0
26.01.2025 02:15;0,0
26.01.2025 02:30;0,0
26.01.2025 02:45;0,0
26.01.2025 03:00;0,0
26.01.2025 03:15;0,0
26.01.2025 03:30;0,0
26.01.2025 03:45;0,0
26.01.2025 04:00;0,0
26.01.2025 04:15;0,0
26.01.2025 04:30;0,0
26.01.2025 04:45;0,0
26.01.2025 05:00;0,0
26.01.2025 05:15;0,0
26.01.2025 05:30;0,0
26.01.2025 05:45;0,0
26.01.2025 06:00;0,0
26.01.2025 06:15;0,0
26.01.2025 06:30;0,0
26.01.2025 06:45;0,0
26.01.2025 07:00;0,0
26.01.2025 07:15;0,03558483333333333
26.01.2025 07:30;0,07116966666666666
26.01.2025 07:45;0,10675449999999999
26.01.2025 08:00;0,14233933333333332
26.01.2025 08:15;0,1621588333333333
26.01.2025 08:30;0,1819783333333333
26.01.2025 08:45;0,20179783333333332
26.01.2025 09:00;0,2216173333333333
26.01.2025 09:15;0,23843308333333332
26.01.2025 09:30;0,2552488333333333
26.01.2025 09:45;0,27206458333333333
26.01.2025 10:00;0,28888033333333335
26.01.2025 10:15;0,30771000000000004
26.01.2025 10:30;0,3265396666666667
26.01.2025 10:45;0,3453693333333333
26.01.2025 11:00;0,364199
26.01.2025 11:15;0,35501533333333335
26.01.2025 11:30;0,34583166666666665
26.01.2025 11:45;0,336648
26.01.2025 12:00;0,32746433333333336
26.01.2025 12:15;0,3223405833333334
26.01.2025 12:30;0,31721683333333334
26.01.2025 12:45;0,3120930833333333
26.01.2025 13:00;0,3069693333333333
26.01.2025 13:15;0,29500458333333335
26.01.2025 13:30;0,2830398333333333
26.01.2025 13:45;0,2710750833333333
26.01.2025 14:00;0,25911033333333333
26.01.2025 14:15;0,23592241666666666
26.01.2025 14:30;0,2127345
26.01.2025 14:45;0,18954658333333332
26.01.2025 15:00;0,16635866666666665
26.01.2025 15:15;0,12476899999999999
26.01.2025 15:30;0,08317933333333333
26.01.2025 15:45;0,041589666666666664
26.01.2025 16:00;0,0
26.01.2025 16:15;0,0
26.01.2025 16:30;0,0
26.01.2025 16:45;0,0
26.01.2025 17:00;0,0
26.01.2025 17:15;0,0
26.01.2025 17:30;0,0
26.01.2025 17:45;0,0
26.01.2025 18:00;0,0
26.01.2025 18:15;0,0
26.01.2025 18:30;0,0
26.01.2025 18:45;0,0
26.01.2025 19:00;0,0
26.01.2025 19:15;0,0
26.01.2025 19:30;0,0
26.01.2025 19:45;0,0
26.01.2025 20:00;0,0
26.01.2025 20:15;0,0
26.01.2025 20:30;0,0
26.01.2025 20:45;0,0
26.01.2025 21:00;0,0
26.01.2025 21:15;0,0
26.01.2025 21:30;0,0
26.01.2025 21:45;0,0
26.01.2025 22:00;0,0
26.01.2025 22:15;0,0
26.01.2025 22:30;0,0
26.01.2025 22:45;0,0
26.01.2025 23:00;0,0
26.01.2025 23:15;0,0
26.01.2025 23:30;0,0
26.01.2025 23:45;0,0
27.01.2025 00:00;0,0
27.01.2025 00:15;0,0
27.01.2025 00:30;0,0
27.01.2025 00:45;0,0
27.01.2025 01:00;0,0
27.01.2025 01:15;0,0
27.01.2025 01:30;0,0
27.01.2025 01:45;0,0
27.01.2025 02:00;0,0
27.01.2025 02:15;0,0
27.01.2025 02:30;0,0
27.01.2025 02:45;0,0
27.01.2025 03:00;0,0
27.01.2025 03:15;0,0
27.01.2025 03:30;0,0
27.01.2025 03:45;0,0
27.01.2025 04:00;0,0
27.01.2025 04:15;0,0
27.01.2025 04:30;0,0
27.01.2025 04:45;0,0
27.01.2025 05:00;0,0
27.01.2025 05:15;0,0
27.01.2025 05:30;0,0
27.01.2025 05:45;0,0
27.01.2025 06:00;0,0
27.01.2025 06:15;0,0
27.01.2025 06:30;0,0
27.01.2025 06:45;0,0
27.01.2025 07:00;0,0
27.01.2025 07:15;0,025967916666666667
27.01.2025 07:30;0,051935833333333334
27.01.2025 07:45;0,07790375000000001
27.01.2025 08:00;0,10387166666666667
27.01.2025 08:15;0,13057083333333333
27.01.2025 08:30;0,15727000000000002
27.01.2025 08:45;0,18396916666666668
27.01.2025 09:00;0,21066833333333335
27.01.2025 09:15;0,22710441666666667
27.01.2025 09:30;0,2435405
27.01.2025 09:45;0,2599765833333333
27.01.2025 10:00;0,27641266666666664
27.01.2025 10:15;0,28545883333333333
27.01.2025 10:30;0,294505
27.01.2025 10:45;0,30355116666666665
27.01.2025 11:00;0,31259733333333334
27.01.2025 11:15;0,31075891666666666
27.01.2025 11:30;0,3089205
27.01.2025 11:45;0,3070820833333333
27.01.2025 12:00;0,30524366666666664
27.01.2025 12:15;0,2922726666666666
27.01.2025 12:30;0,27930166666666667
27.01.2025 12:45;0,26633066666666666
27.01.2025 13:00;0,25335966666666665
27.01.2025 13:15;0,23304183333333334
27.01.2025 13:30;0,212724
27.01.2025 13:45;0,19240616666666666
27.01.2025 14:00;0,17208833333333334
27.01.2025 14:15;0,15558416666666666
27.01.2025 14:30;0,13908
27.01.2025 14:45;0,12257583333333333
27.01.2025 15:00;0,10607166666666666
27.01.2025 15:15;0,07955375
27.01.2025 15:30;0,05303583333333334
27.01.2025 15:45;0,02651791666666667
27.01.2025 16:00;0,0
27.01.2025 16:15;0,0
27.01.2025 16:30;0,0
27.01.2025 16:45;0,0
27.01.2025 17:00;0,0
27.01.2025 17:15;0,0
27.01.2025 17:30;0,0
27.01.2025 17:45;0,0
27.01.2025 18:00;0,0
27.01.2025 18:15;0,0
27.01.2025 18:30;0,0
27.01.2025 18:45;0,0
27.01.2025 19:00;0,0
27.01.2025 19:15;0,0
27.01.2025 19:30;0,0
27.01.2025 19:45;0,0
27.01.2025 20:00;0,0
27.01.2025 20:15;0,0
27.01.2025 20:30;0,0
27.01.2025 20:45;0,0
27.01.2025 21:00;0,0
27.01.2025 21:15;0,0
27.01.2025 21:30;0,0
27.01.2025 21:45;0,0
27.01.2025 22:00;0,0
27.01.2025 22:15;0,0
27.01.2025 22:30;0,0
27.01.2025 22:45;0,0
27.01.2025 23:00;0,0
27.01.2025 23:15;0,0
27.01.2025 23:30;0,0
27.01.2025 23:45;0,0
28.01.2025 00:00;0,0
28.01.2025 00:15;0,0
28.01.2025 00:30;0,0
28.01.2025 00:45;0,0
28.01.2025 01:00;0,0
28.01.2025 01:15;0,0
28.01.2025 01:30;0,0
28.01.2025 01:45;0,0
28.01.2025 02:00;0,0
28.01.2025 02:15;0,0
28.01.2025 02:30;0,0
28.01.2025 02:45;0,0
28.01.2025 03:00;0,0
28.01.2025 03:15;0,0
28.01.2025 03:30;0,0
28.01.2025 03:45;0,0
28.01.2025 04:00;0,0
28.01.2025 04:15;0,0
28.01.2025 04:30;0,0
28.01.2025 04:45;0,0
28.01.2025 05:00;0,0
28.01.2025 05:15;0,0
28.01.2025 05:30;0,0
28.01.2025 05:45;0,0
28.01.2025 06:00;0,0
28.01.2025 06:15;0,0
28.01.2025 06:30;0,0
28.01.2025 06:45;0,0
28.01.2025 07:00;0,0
28.01.2025 07:15;0,02793366666666667
28.01.2025 07:30;0,05586733333333334
28.01.2025 07:45;0,083801
28.01.2025 08:00;0,11173466666666668
28.01.2025 08:15;0,12757783333333333
28.01.2025 08:30;0,14342100000000002
28.01.2025 08:45;0,15926416666666668
28.01.2025 09:00;0,17510733333333334
28.01.2025 09:15;0,19437875
28.01.2025 09:30;0,21365016666666667
28.01.2025 09:45;0,23292158333333335
28.01.2025 10:00;0,252193
28.01.2025 10:15;0,26529558333333336
28.01.2025 10:30;0,27839816666666667
28.01.2025 10:45;0,29150075
28.01.2025 11:00;0,30460333333333334
28.01.2025 11:15;0,30732716666666665
28.01.2025 11:30;0,31005099999999997
28.01.2025 11:45;0,31277483333333334
28.01.2025 12:00;0,31549866666666665
28.01.2025 12:15;0,3118013333333333
28.01.2025 12:30;0,308104
28.01.2025 12:45;0,30440666666666666
28.01.2025 13:00;0,30070933333333333
28.01.2025 13:15;0,28894624999999996
28.01.2025 13:30;0,27718316666666665
28.01.2025 13:45;0,26542008333333333
28.01.2025 14:00;0,25365699999999997
28.01.2025 14:15;0,22383899999999998
28.01.2025 14:30;0,194021
28.01.2025 14:45;0,164203
28.01.2025 15:00;0,134385
28.01.2025 15:15;0,10078875000000001
28.01.2025 15:30;0,0671925
28.01.2025 15:45;0,03359625000000001
28.01.2025 16:00;0,0
28.01.2025 16:15;0,0
28.01.2025 16:30;0,0
28.01.2025 16:45;0,0
28.01.2025 17:00;0,0
28.01.2025 17:15;0,0
28.01.2025 17:30;0,0
28.01.2025 17:45;0,0
28.01.2025 18:00;0,0
28.01.2025 18:15;0,0
28.01.2025 18:30;0,0
28.01.2025 18:45;0,0
28.01.2025 19:00;0,0
28.01.2025 19:15;0,0
28.01.2025 19:30;0,0
28.01.2025 19:45;0,0
28.01.2025 20:00;0,0
28.01.2025 20:15;0,0
28.01.2025 20:30;0,0
28.01.2025 20:45;0,0
28.01.2025 21:00;0,0
28.01.2025 21:15;0,0
28.01.2025 21:30;0,0
28.01.2025 21:45;0,0
28.01.2025 22:00;0,0
28.01.2025 22:15;0,0
28.01.2025 22:30;0,0
28.01.2025 22:45;0,0
28.01.2025 23:00;0,0
28.01.2025 23:15;0,0
28.01.2025 23:30;0,0
28.01.2025 23:45;0,0
29.01.2025 00:00;0,0
29.01.2025 00:15;0,0
29.01.2025 00:30;0,0
29.01.2025 00:45;0,0
29.01.2025 01:00;0,0
29.01.2025 01:15;0,0
29.01.2025 01:30;0,0
29.01.2025 01:45;0,0
29.01.2025 02:00;0,0
29.01.2025 02:15;0,0
29.01.2025 02:30;0,0
29.01.2025 02:45;0,0
29.01.2025 03:00;0,0
29.01.2025 03:15;0,0
29.01.2025 03:30;0,0
29.01.2025 03:45;0,0
29.01.2025 04:00;0,0
29.01.2025 04:15;0,0
29.01.2025 04:30;0,0
29.01.2025 04:45;0,0
29.01.2025 05:00;0,0
29.01.2025 05:15;0,0
29.01.2025 05:30;0,0
29.01.2025 05:45;0,0
29.01.2025 06:00;0,0
29.01.2025 06:15;0,0
29.01.2025 06:30;0,0
29.01.2025 06:45;0,0
29.01.2025 07:00;0,0
29.01.2025 07:15;0,044477749999999996
29.01.2025 07:30;0,08895549999999999
29.01.2025 07:45;0,13343324999999998
29.01.2025 08:00;0,17791099999999999
29.01.2025 08:15;0,20542033333333332
29.01.2025 08:30;0,23292966666666667
29.01.2025 08:45;0,26043900000000003
29.01.2025 09:00;0,28794833333333336
29.01.2025 09:15;0,31003450000000005
29.01.2025 09:30;0,33212066666666673
29.01.2025 09:45;0,35420683333333336
29.01.2025 10:00;0,37629300000000004
29.01.2025 10:15;0,38567666666666667
29.01.2025 10:30;0,39506033333333335
29.01.2025 10:45;0,404444
29.01.2025 11:00;0,41382766666666665
29.01.2025 11:15;0,39905091666666664
29.01.2025 11:30;0,38427416666666664
29.01.2025 11:45;0,36949741666666663
29.01.2025 12:00;0,35472066666666663
29.01.2025 12:15;0,3529068333333333
29.01.2025 12:30;0,351093
29.01.2025 12:45;0,34927916666666664
29.01.2025 13:00;0,3474653333333333
29.01.2025 13:15;0,34201591666666664
29.01.2025 13:30;0,3365665
29.01.2025 13:45;0,33111708333333334
29.01.2025 14:00;0,3256676666666667
29.01.2025 14:15;0,2955710833333334
29.01.2025 14:30;0,2654745
29.01.2025 14:45;0,23537791666666666
29.01.2025 15:00;0,20528133333333332
29.01.2025 15:15;0,15396608333333334
29.01.2025 15:30;0,10265083333333333
29.01.2025 15:45;0,05133558333333335
29.01.2025 16:00;2,0333333333333334e-05
29.01.2025 16:15;1,5250000000000001e-05
29.01.2025 16:30;1,0166666666666667e-05
29.01.2025 16:45;5,083333333333333e-06
29.01.2025 17:00;0,0
29.01.2025 17:15;0,0
29.01.2025 17:30;0,0
29.01.2025 17:45;0,0
29.01.2025 18:00;0,0
29.01.2025 18:15;0,0
29.01.2025 18:30;0,0
29.01.2025 18:45;0,0
29.01.2025 19:00;0,0
29.01.2025 19:15;0,0
29.01.2025 19:30;0,0
29.01.2025 19:45;0,0
29.01.2025 20:00;0,0
29.01.2025 20:15;0,0
29.01.2025 20:30;0,0
29.01.2025 20:45;0,0
29.01.2025 21:00;0,0
29.01.2025 21:15;0,0
29.01.2025 21:30;0,0
29.01.2025 21:45;0,0
29.01.2025 22:00;0,0
29.01.2025 22:15;0,0
29.01.2025 22:30;0,0
29.01.2025 22:45;0,0
29.01.2025 23:00;0,0
29.01.2025 23:15;0,0
29.01.2025 23:30;0,0
29.01.2025 23:45;0,0
30.01.2025 00:00;0,0
30.01.2025 00:15;0,0
30.01.2025 00:30;0,0
30.01.2025 00:45;0,0
30.01.2025 01:00;0,0
30.01.2025 01:15;0,0
30.01.2025 01:30;0,0
30.01.2025 01:45;0,0
30.01.2025 02:00;0,0
30.01.2025 02:15;0,0
30.01.2025 02:30;0,0
30.01.2025 02:45;0,0
30.01.2025 03:00;0,0
30.01.2025 03:15;0,0
30.01.2025 03:30;0,0
30.01.2025 03:45;0,0
30.01.2025 04:00;0,0
30.01.2025 04:15;0,0
30.01.2025 04:30;0,0
30.01.2025 04:45;0,0
30.01.2025 05:00;0,0
30.01.2025 05:15;0,0
30.01.2025 05:30;0,0
30.01.2025 05:45;0,0
30.01.2025 06:00;0,0
30.01.2025 06:15;0,0
30.01.2025 06:30;0,0
30.01.2025 06:45;0,0
30.01.2025 07:00;0,0
30.01.2025 07:15;0,0370415
30.01.2025 07:30;0,074083
30.01.2025 07:45;0,1111245
30.01.2025 08:00;0,148166
30.01.2025 08:15;0,17369591666666667
30.01.2025 08:30;0,19922583333333332
30.01.2025 08:45;0,22475575
30.01.2025 09:00;0,2502856666666667
30.01.2025 09:15;0,25581366666666666
30.01.2025 09:30;0,2613416666666667
30.01.2025 09:45;0,26686966666666667
30.01.2025 10:00;0,27239766666666665
30.01.2025 10:15;0,2789223333333333
30.01.2025 10:30;0,285447
30.01.2025 10:45;0,2919716666666667
30.01.2025 11:00;0,29849633333333336
30.01.2025 11:15;0,295337
30.01.2025 11:30;0,29217766666666667
30.01.2025 11:45;0,2890183333333334
30.01.2025 12:00;0,28585900000000003
30.01.2025 12:15;0,2827196666666667
30.01.2025 12:30;0,2795803333333333
30.01.2025 12:45;0,276441
30.01.2025 13:00;0,27330166666666666
30.01.2025 13:15;0,24521541666666666
30.01.2025 13:30;0,21712916666666668
30.01.2025 13:45;0,18904291666666667
30.01.2025 14:00;0,16095666666666666
30.01.2025 14:15;0,14302033333333333
30.01.2025 14:30;0,125084
30.01.2025 14:45;0,10714766666666667
30.01.2025 15:00;0,08921133333333334
30.01.2025 15:15;0,06692108333333334
30.01.2025 15:30;0,044630833333333335
30.01.2025 15:45;0,02234058333333333
30.01.2025 16:00;5,0333333333333335e-05
30.01.2025 16:15;3,775e-05
30.01.2025 16:30;2,5166666666666667e-05
30.01.2025 16:45;1,2583333333333332e-05
30.01.2025 17:00;0,0
30.01.2025 17:15;0,0
30.01.2025 17:30;0,0
30.01.2025 17:45;0,0
30.01.2025 18:00;0,0
30.01.2025 18:15;0,0
30.01.2025 18:30;0,0
30.01.2025 18:45;0,0
30.01.2025 19:00;0,0
30.01.2025 19:15;0,0
30.01.2025 19:30;0,0
30.01.2025 19:45;0,0
30.01.2025 20:00;0,0
30.01.2025 20:15;0,0
30.01.2025 20:30;0,0
30.01.2025 20:45;0,0
30.01.2025 21:00;0,0
30.01.2025 21:15;0,0
30.01.2025 21:30;0,0
30.01.2025 21:45;0,0
30.01.2025 22:00;0,0
30.01.2025 22:15;0,0
30.01.2025 22:30;0,0
30.01.2025 22:45;0,0
30.01.2025 23:00;0,0
30.01.2025 23:15;0,0
30.01.2025 23:30;0,0
30.01.2025 23:45;0,0
31.01.2025 00:00;0,0
31.01.2025 00:15;0,0
31.01.2025 00:30;0,0
31.01.2025 00:45;0,0
31.01.2025 01:00;0,0
31.01.2025 01:15;0,0
31.01.2025 01:30;0,0
31.01.2025 01:45;0,0
31.01.2025 02:00;0,0
31.01.2025 02:15;0,0
31.01.2025 02:30;0,0
31.01.2025 02:45;0,0
31.01.2025 03:00;0,0
31.01.2025 03:15;0,0
31.01.2025 03:30;0,0
31.01.2025 03:45;0,0
31.01.2025 04:00;0,0
31.01.2025 04:15;0,0
31.01.2025 04:30;0,0
31.01.2025 04:45;0,0
31.01.2025 05:00;0,0
31.01.2025 05:15;0,0
31.01.2025 05:30;0,0
31.01.2025 05:45;0,0
31.01.2025 06:00;0,0
31.01.2025 06:15;0,0
31.01.2025 06:30;0,0
31.01.2025 06:45;0,0
31.01.2025 07:00;0,0
31.01.2025 07:15;0,024956083333333334
31.01.2025 07:30;0,04991216666666667
31.01.2025 07:45;0,07486825
31.01.2025 08:00;0,09982433333333333
31.01.2025 08:15;0,10383683333333334
31.01.2025 08:30;0,10784933333333334
31.01.2025 08:45;0,11186183333333334
31.01.2025 09:00;0,11587433333333334
31.01.2025 09:15;0,12410091666666667
31.01.2025 09:30;0,13232750000000001
31.01.2025 09:45;0,14055408333333333
31.01.2025 10:00;0,14878066666666667
31.01.2025 10:15;0,16257216666666668
31.01.2025 10:30;0,17636366666666667
31.01.2025 10:45;0,19015516666666665
31.01.2025 11:00;0,20394666666666666
31.01.2025 11:15;0,21729183333333335
31.01.2025 11:30;0,230637
31.01.2025 11:45;0,24398216666666667
31.01.2025 12:00;0,25732733333333335
31.01.2025 12:15;0,25113891666666666
31.01.2025 12:30;0,24495050000000002
31.01.2025 12:45;0,23876208333333335
31.01.2025 13:00;0,23257366666666668
31.01.2025 13:15;0,21857291666666667
31.01.2025 13:30;0,20457216666666667
31.01.2025 13:45;0,19057141666666666
31.01.2025 14:00;0,17657066666666665
31.01.2025 14:15;0,15677016666666665
31.01.2025 14:30;0,13696966666666666
31.01.2025 14:45;0,11716916666666667
31.01.2025 15:00;0,09736866666666667
31.01.2025 15:15;0,07303483333333334
31.01.2025 15:30;0,048701
31.01.2025 15:45;0,024367166666666662
31.01.2025 16:00;3,3333333333333335e-05
31.01.2025 16:15;2,5e-05
31.01.2025 16:30;1,6666666666666667e-05
31.01.2025 16:45;8,333333333333334e-06
31.01.2025 17:00;0,0
31.01.2025 17:15;0,0
31.01.2025 17:30;0,0
31.01.2025 17:45;0,0
31.01.2025 18:00;0,0
31.01.2025 18:15;0,0
31.01.2025 18:30;0,0
31.01.2025 18:45;0,0
31.01.2025 19:00;0,0
31.01.2025 19:15;0,0
31.01.2025 19:30;0,0
31.01.2025 19:45;0,0
31.01.2025 20:00;0,0
31.01.2025 20:15;0,0
31.01.2025 20:30;0,0
31.01.2025 20:45;0,0
31.01.2025 21:00;0,0
31.01.2025 21:15;0,0
31.01.2025 21:30;0,0
31.01.2025 21:45;0,0
31.01.2025 22:00;0,0
31.01.2025 22:15;0,0
31.01.2025 22:30;0,0
31.01.2025 22:45;0,0
31.01.2025 23:00;0,0
31.01.2025 23:15;0,0
31.01.2025 23:30;0,0
31.01.2025 23:45;0,0
01.02.2025 00:00;0,0
01.02.2025 00:15;0,0
01.02.2025 00:30;0,0
01.02.2025 00:45;0,0
01.02.2025 01:00;0,0
01.02.2025 01:15;0,0
01.02.2025 01:30;0,0
01.02.2025 01:45;0,0
01.02.2025 02:00;0,0
01.02.2025 02:15;0,0
01.02.2025 02:30;0,0
01.02.2025 02:45;0,0
01.02.2025 03:00;0,0
01.02.2025 03:15;0,0
01.02.2025 03:30;0,0
01.02.2025 03:45;0,0
01.02.2025 04:00;0,0
01.02.2025 04:15;0,0
01.02.2025 04:30;0,0
01.02.2025 04:45;0,0
01.02.2025 05:00;0,0
01.02.2025 05:15;0,0
01.02.2025 05:30;0,0
01.02.2025 05:45;0,0
01.02.2025 06:00;0,0
01.02.2025 06:15;1,3666666666666666e-05
01.02.2025 06:30;2,733333333333333e-05
01.02.2025 06:45;4,1e-05
01.02.2025 07:00;5,466666666666666e-05
01.02.2025 07:15;0,0218
01.02.2025 07:30;0,04354533333333333
01.02.2025 07:45;0,06529066666666666
01.02.2025 08:00;0,08703599999999999
01.02.2025 08:15;0,10366299999999999
01.02.2025 08:30;0,12029000000000001
01.02.2025 08:45;0,136917
01.02.2025 09:00;0,153544
01.02.2025 09:15;0,17164133333333334
01.02.2025 09:30;0,18973866666666667
01.02.2025 09:45;0,207836
01.02.2025 10:00;0,22593333333333332
01.02.2025 10:15;0,21955333333333332
01.02.2025 10:30;0,21317333333333333
01.02.2025 10:45;0,20679333333333336
01.02.2025 11:00;0,20041333333333336
01.02.2025 11:15;0,21290525000000002
01.02.2025 11:30;0,2253971666666667
01.02.2025 11:45;0,23788908333333336
01.02.2025 12:00;0,250381
01.02.2025 12:15;0,24071041666666668
01.02.2025 12:30;0,23103983333333333
01.02.2025 12:45;0,22136925
01.02.2025 13:00;0,21169866666666665
01.02.2025 13:15;0,202396
01.02.2025 13:30;0,19309333333333334
01.02.2025 13:45;0,18379066666666666
01.02.2025 14:00;0,174488
01.02.2025 14:15;0,15416408333333334
01.02.2025 14:30;0,13384016666666668
01.02.2025 14:45;0,11351625
01.02.2025 15:00;0,09319233333333334
01.02.2025 15:15;0,07027658333333334
01.02.2025 15:30;0,04736083333333333
01.02.2025 15:45;0,024445083333333326
01.02.2025 16:00;0,0015293333333333335
01.02.2025 16:15;0,001147
01.02.2025 16:30;0,0007646666666666667
01.02.2025 16:45;0,0003823333333333335
01.02.2025 17:00;0,0
01.02.2025 17:15;0,0
01.02.2025 17:30;0,0
01.02.2025 17:45;0,0
01.02.2025 18:00;0,0
01.02.2025 18:15;0,0
01.02.2025 18:30;0,0
01.02.2025 18:45;0,0
01.02.2025 19:00;0,0
01.02.2025 19:15;0,0
01.02.2025 19:30;0,0
01.02.2025 19:45;0,0
01.02.2025 20:00;0,0
01.02.2025 20:15;0,0
01.02.2025 20:30;0,0
01.02.2025 20:45;0,0
01.02.2025 21:00;0,0
01.02.2025 21:15;0,0
01.02.2025 21:30;0,0
01.02.2025 21:45;0,0
01.02.2025 22:00;0,0
01.02.2025 22:15;0,0
01.02.2025 22:30;0,0
01.02.2025 22:45;0,0
01.02.2025 23:00;0,0
01.02.2025 23:15;0,0
01.02.2025 23:30;0,0
01.02.2025 23:45;0,0
02.02.2025 00:00;0,0
02.02.2025 00:15;0,0
02.02.2025 00:30;0,0
02.02.2025 00:45;0,0
02.02.2025 01:00;0,0
02.02.2025 01:15;0,0
02.02.2025 01:30;0,0
02.02.2025 01:45;0,0
02.02.2025 02:00;0,0
02.02.2025 02:15;0,0
02.02.2025 02:30;0,0
02.02.2025 02:45;0,0
02.02.2025 03:00;0,0
02.02.2025 03:15;0,0
02.02.2025 03:30;0,0
02.02.2025 03:45;0,0
02.02.2025 04:00;0,0
02.02.2025 04:15;0,0
02.02.2025 04:30;0,0
02.02.2025 04:45;0,0
02.02.2025 05:00;0,0
02.02.2025 05:15;0,0
02.02.2025 05:30;0,0
02.02.2025 05:45;0,0
02.02.2025 06:00;0,0
02.02.2025 06:15;8,258333333333334e-05
02.02.2025 06:30;0,00016516666666666668
02.02.2025 06:45;0,00024775000000000003
02.02.2025 07:00;0,00033033333333333336
02.02.2025 07:15;0,03461025
02.02.2025 07:30;0,06889016666666667
02.02.2025 07:45;0,10317008333333334
02.02.2025 08:00;0,13745
02.02.2025 08:15;0,16501616666666666
02.02.2025 08:30;0,19258233333333333
02.02.2025 08:45;0,2201485
02.02.2025 09:00;0,24771466666666667
02.02.2025 09:15;0,262918
02.02.2025 09:30;0,27812133333333333
02.02.2025 09:45;0,2933246666666667
02.02.2025 10:00;0,308528
02.02.2025 10:15;0,3199949166666667
02.02.2025 10:30;0,33146183333333334
02.02.2025 10:45;0,34292875
02.02.2025 11:00;0,35439566666666666
02.02.2025 11:15;0,3489663333333333
02.02.2025 11:30;0,343537
02.02.2025 11:45;0,33810766666666664
02.02.2025 12:00;0,3326783333333333
02.02.2025 12:15;0,319053
02.02.2025 12:30;0,30542766666666665
02.02.2025 12:45;0,29180233333333333
02.02.2025 13:00;0,278177
02.02.2025 13:15;0,2546775
02.02.2025 13:30;0,231178
02.02.2025 13:45;0,2076785
02.02.2025 14:00;0,18417899999999998
02.02.2025 14:15;0,1579688333333333
02.02.2025 14:30;0,13175866666666666
02.02.2025 14:45;0,1055485
02.02.2025 15:00;0,07933833333333333
02.02.2025 15:15;0,05974333333333333
02.02.2025 15:30;0,040148333333333334
02.02.2025 15:45;0,02055333333333334
02.02.2025 16:00;0,0009583333333333333
02.02.2025 16:15;0,00071875
02.02.2025 16:30;0,00047916666666666664
02.02.2025 16:45;0,0002395833333333333
02.02.2025 17:00;0,0
02.02.2025 17:15;0,0
02.02.2025 17:30;0,0
02.02.2025 17:45;0,0
02.02.2025 18:00;0,0
02.02.2025 18:15;0,0
02.02.2025 18:30;0,0
02.02.2025 18:45;0,0
02.02.2025 19:00;0,0
02.02.2025 19:15;0,0
02.02.2025 19:30;0,0
02.02.2025 19:45;0,0
02.02.2025 20:00;0,0
02.02.2025 20:15;0,0
02.02.2025 20:30;0,0
02.02.2025 20:45;0,0
02.02.2025 21:00;0,0
02.02.2025 21:15;0,0
02.02.2025 21:30;0,0
02.02.2025 21:45;0,0
02.02.2025 22:00;0,0
02.02.2025 22:15;0,0
02.02.2025 22:30;0,0
02.02.2025 22:45;0,0
02.02.2025 23:00;0,0
02.02.2025 23:15;0,0
02.02.2025 23:30;0,0
02.02.2025 23:45;0,0
03.02.2025 00:00;0,0
03.02.2025 00:15;0,0
03.02.2025 00:30;0,0
03.02.2025 00:45;0,0
03.02.2025 01:00;0,0
03.02.2025 01:15;0,0
03.02.2025 01:30;0,0
03.02.2025 01:45;0,0
03.02.2025 02:00;0,0
03.02.2025 02:15;0,0
03.02.2025 02:30;0,0
03.02.2025 02:45;0,0
03.02.2025 03:00;0,0
03.02.2025 03:15;0,0
03.02.2025 03:30;0,0
03.02.2025 03:45;0,0
03.02.2025 04:00;0,0
03.02.2025 04:15;0,0
03.02.2025 04:30;0,0
03.02.2025 04:45;0,0
03.02.2025 05:00;0,0
03.02.2025 05:15;0,0
03.02.2025 05:30;0,0
03.02.2025 05:45;0,0
03.02.2025 06:00;0,0
03.02.2025 06:15;5,733333333333334e-05
03.02.2025 06:30;0,00011466666666666668
03.02.2025 06:45;0,00017200000000000003
03.02.2025 07:00;0,00022933333333333337
03.02.2025 07:15;0,016904166666666668
03.02.2025 07:30;0,033579
03.02.2025 07:45;0,05025383333333333
03.02.2025 08:00;0,06692866666666666
03.02.2025 08:15;0,07799366666666666
03.02.2025 08:30;0,08905866666666666
03.02.2025 08:45;0,10012366666666667
03.02.2025 09:00;0,11118866666666666
03.02.2025 09:15;0,11766508333333332
03.02.2025 09:30;0,12414149999999999
03.02.2025 09:45;0,13061791666666667
03.02.2025 10:00;0,13709433333333332
03.02.2025 10:15;0,14037375
03.02.2025 10:30;0,14365316666666667
03.02.2025 10:45;0,1469325833333333
03.02.2025 11:00;0,15021199999999998
03.02.2025 11:15;0,14718783333333332
03.02.2025 11:30;0,14416366666666666
03.02.2025 11:45;0,1411395
03.02.2025 12:00;0,13811533333333334
03.02.2025 12:15;0,14230975
03.02.2025 12:30;0,14650416666666666
03.02.2025 12:45;0,15069858333333333
03.02.2025 13:00;0,154893
03.02.2025 13:15;0,150373
03.02.2025 13:30;0,145853
03.02.2025 13:45;0,141333
03.02.2025 14:00;0,136813
03.02.2025 14:15;0,12057633333333333
03.02.2025 14:30;0,10433966666666666
03.02.2025 14:45;0,088103
03.02.2025 15:00;0,07186633333333334
03.02.2025 15:15;0,05426
03.02.2025 15:30;0,03665366666666667
03.02.2025 15:45;0,019047333333333333
03.02.2025 16:00;0,001441
03.02.2025 16:15;0,0010807500000000001
03.02.2025 16:30;0,0007205
03.02.2025 16:45;0,0003602500000000001
03.02.2025 17:00;0,0
03.02.2025 17:15;0,0
03.02.2025 17:30;0,0
03.02.2025 17:45;0,0
03.02.2025 18:00;0,0
03.02.2025 18:15;0,0
03.02.2025 18:30;0,0
03.02.2025 18:45;0,0
03.02.2025 19:00;0,0
03.02.2025 19:15;0,0
03.02.2025 19:30;0,0
03.02.2025 19:45;0,0
03.02.2025 20:00;0,0
03.02.2025 20:15;0,0
03.02.2025 20:30;0,0
03.02.2025 20:45;0,0
03.02.2025 21:00;0,0
03.02.2025 21:15;0,0
03.02.2025 21:30;0,0
03.02.2025 21:45;0,0
03.02.2025 22:00;0,0
03.02.2025 22:15;0,0
03.02.2025 22:30;0,0
03.02.2025 22:45;0,0
03.02.2025 23:00;0,0
03.02.2025 23:15;0,0
03.02.2025 23:30;0,0
03.02.2025 23:45;0,0
04.02.2025 00:00;0,0
04.02.2025 00:15;0,0
04.02.2025 00:30;0,0
04.02.2025 00:45;0,0
04.02.2025 01:00;0,0
04.02.2025 01:15;0,0
04.02.2025 01:30;0,0
04.02.2025 01:45;0,0
04.02.2025 02:00;0,0
04.02.2025 02:15;0,0
04.02.2025 02:30;0,0
04.02.2025 02:45;0,0
04.02.2025 03:00;0,0
04.02.2025 03:15;0,0
04.02.2025 03:30;0,0
04.02.2025 03:45;0,0
04.02.2025 04:00;0,0
04.02.2025 04:15;0,0
04.02.2025 04:30;0,0
04.02.2025 04:45;0,0
04.02.2025 05:00;0,0
04.02.2025 05:15;0,0
04.02.2025 05:30;0,0
04.02.2025 05:45;0,0
04.02.2025 06:00;0,0
04.02.2025 06:15;0,00020075
04.02.2025 06:30;0,0004015
04.02.2025 06:45;0,00060225
04.02.2025 07:00;0,000803
04.02.2025 07:15;0,031297
04.02.2025 07:30;0,06179099999999999
04.02.2025 07:45;0,09228499999999999
04.02.2025 08:00;0,122779
04.02.2025 08:15;0,14358133333333334
04.02.2025 08:30;0,16438366666666665
04.02.2025 08:45;0,185186
04.02.2025 09:00;0,20598833333333333
04.02.2025 09:15;0,20456383333333333
04.02.2025 09:30;0,20313933333333334
04.02.2025 09:45;0,20171483333333332
04.02.2025 10:00;0,20029033333333332
04.02.2025 10:15;0,20638633333333334
04.02.2025 10:30;0,21248233333333333
04.02.2025 10:45;0,21857833333333332
04.02.2025 11:00;0,22467433333333334
04.02.2025 11:15;0,23044925
04.02.2025 11:30;0,23622416666666668
04.02.2025 11:45;0,24199908333333334
04.02.2025 12:00;0,247774
04.02.2025 12:15;0,23697116666666665
04.02.2025 12:30;0,2261683333333333
04.02.2025 12:45;0,2153655
04.02.2025 13:00;0,20456266666666664
04.02.2025 13:15;0,1895808333333333
04.02.2025 13:30;0,17459899999999998
04.02.2025 13:45;0,15961716666666667
04.02.2025 14:00;0,14463533333333334
04.02.2025 14:15;0,13543066666666667
04.02.2025 14:30;0,126226
04.02.2025 14:45;0,11702133333333334
04.02.2025 15:00;0,10781666666666667
04.02.2025 15:15;0,08269583333333333
04.02.2025 15:30;0,057575
04.02.2025 15:45;0,03245416666666667
04.02.2025 16:00;0,007333333333333332
04.02.2025 16:15;0,0055
04.02.2025 16:30;0,003666666666666666
04.02.2025 16:45;0,0018333333333333326
04.02.2025 17:00;0,0
04.02.2025 17:15;0,0
04.02.2025 17:30;0,0
04.02.2025 17:45;0,0
04.02.2025 18:00;0,0
04.02.2025 18:15;0,0
04.02.2025 18:30;0,0
04.02.2025 18:45;0,0
04.02.2025 19:00;0,0
04.02.2025 19:15;0,0
04.02.2025 19:30;0,0
04.02.2025 19:45;0,0
04.02.2025 20:00;0,0
04.02.2025 20:15;0,0
04.02.2025 20:30;0,0
04.02.2025 20:45;0,0
04.02.2025 21:00;0,0
04.02.2025 21:15;0,0
04.02.2025 21:30;0,0
04.02.2025 21:45;0,0
04.02.2025 22:00;0,0
04.02.2025 22:15;0,0
04.02.2025 22:30;0,0
04.02.2025 22:45;0,0
04.02.2025 23:00;0,0
04.02.2025 23:15;0,0
04.02.2025 23:30;0,0
04.02.2025 23:45;0,0
05.02.2025 00:00;0,0
05.02.2025 00:15;0,0
05.02.2025 00:30;0,0
05.02.2025 00:45;0,0
05.02.2025 01:00;0,0
05.02.2025 01:15;0,0
05.02.2025 01:30;0,0
05.02.2025 01:45;0,0
05.02.2025 02:00;0,0
05.02.2025 02:15;0,0
05.02.2025 02:30;0,0
05.02.2025 02:45;0,0
05.02.2025 03:00;0,0
05.02.2025 03:15;0,0
05.02.2025 03:30;0,0
05.02.2025 03:45;0,0
05.02.2025 04:00;0,0
05.02.2025 04:15;0,0
05.02.2025 04:30;0,0
05.02.2025 04:45;0,0
05.02.2025 05:00;0,0
05.02.2025 05:15;0,0
05.02.2025 05:30;0,0
05.02.2025 05:45;0,0
05.02.2025 06:00;0,0
05.02.2025 06:15;0,0012398333333333332
05.02.2025 06:30;0,0024796666666666665
05.02.2025 06:45;0,0037194999999999997
05.02.2025 07:00;0,004959333333333333
05.02.2025 07:15;0,03593266666666667
05.02.2025 07:30;0,06690600000000001
05.02.2025 07:45;0,09787933333333335
05.02.2025 08:00;0,12885266666666667
05.02.2025 08:15;0,14764483333333334
05.02.2025 08:30;0,166437
05.02.2025 08:45;0,18522916666666667
05.02.2025 09:00;0,20402133333333333
05.02.2025 09:15;0,21621816666666666
05.02.2025 09:30;0,22841499999999998
05.02.2025 09:45;0,2406118333333333
05.02.2025 10:00;0,2528086666666666
05.02.2025 10:15;0,2684419166666666
05.02.2025 10:30;0,28407516666666666
05.02.2025 10:45;0,2997084166666667
05.02.2025 11:00;0,3153416666666667
05.02.2025 11:15;0,3209011666666667
05.02.2025 11:30;0,3264606666666667
05.02.2025 11:45;0,33202016666666667
05.02.2025 12:00;0,33757966666666667
05.02.2025 12:15;0,34253833333333333
05.02.2025 12:30;0,347497
05.02.2025 12:45;0,35245566666666667
05.02.2025 13:00;0,35741433333333333
05.02.2025 13:15;0,3435075833333333
05.02.2025 13:30;0,32960083333333334
05.02.2025 13:45;0,3156940833333334
05.02.2025 14:00;0,30178733333333335
05.02.2025 14:15;0,275034
05.02.2025 14:30;0,24828066666666668
05.02.2025 14:45;0,22152733333333333
05.02.2025 15:00;0,19477399999999997
05.02.2025 15:15;0,14960916666666665
05.02.2025 15:30;0,10444433333333332
05.02.2025 15:45;0,059279499999999985
05.02.2025 16:00;0,014114666666666666
05.02.2025 16:15;0,010586
05.02.2025 16:30;0,007057333333333334
05.02.2025 16:45;0,003528666666666668
05.02.2025 17:00;0,0
05.02.2025 17:15;0,0
05.02.2025 17:30;0,0
05.02.2025 17:45;0,0
05.02.2025 18:00;0,0
05.02.2025 18:15;0,0
05.02.2025 18:30;0,0
05.02.2025 18:45;0,0
05.02.2025 19:00;0,0
05.02.2025 19:15;0,0
05.02.2025 19:30;0,0
05.02.2025 19:45;0,0
05.02.2025 20:00;0,0
05.02.2025 20:15;0,0
05.02.2025 20:30;0,0
05.02.2025 20:45;0,0
05.02.2025 21:00;0,0
05.02.2025 21:15;0,0
05.02.2025 21:30;0,0
05.02.2025 21:45;0,0
05.02.2025 22:00;0,0
05.02.2025 22:15;0,0
05.02.2025 22:30;0,0
05.02.2025 22:45;0,0
05.02.2025 23:00;0,0
05.02.2025 23:15;0,0
05.02.2025 23:30;0,0
05.02.2025 23:45;0,0
06.02.2025 00:00;0,0
06.02.2025 00:15;0,0
06.02.2025 00:30;0,0
06.02.2025 00:45;0,0
06.02.2025 01:00;0,0
06.02.2025 01:15;0,0
06.02.2025 01:30;0,0
06.02.2025 01:45;0,0
06.02.2025 02:00;0,0
06.02.2025 02:15;0,0
06.02.2025 02:30;0,0
06.02.2025 02:45;0,0
06.02.2025 03:00;0,0
06.02.2025 03:15;0,0
06.02.2025 03:30;0,0
06.02.2025 03:45;0,0
06.02.2025 04:00;0,0
06.02.2025 04:15;0,0
06.02.2025 04:30;0,0
06.02.2025 04:45;0,0
06.02.2025 05:00;0,0
06.02.2025 05:15;0,0
06.02.2025 05:30;0,0
06.02.2025 05:45;0,0
06.02.2025 06:00;0,0
06.02.2025 06:15;0,001324
06.02.2025 06:30;0,002648
06.02.2025 06:45;0,003972000000000001
06.02.2025 07:00;0,005296
06.02.2025 07:15;0,03779483333333334
06.02.2025 07:30;0,07029366666666667
06.02.2025 07:45;0,10279250000000001
06.02.2025 08:00;0,13529133333333335
06.02.2025 08:15;0,16362133333333334
06.02.2025 08:30;0,19195133333333336
06.02.2025 08:45;0,22028133333333336
06.02.2025 09:00;0,24861133333333335
06.02.2025 09:15;0,2639214166666667
06.02.2025 09:30;0,2792315
06.02.2025 09:45;0,29454158333333336
06.02.2025 10:00;0,3098516666666667
06.02.2025 10:15;0,32063175
06.02.2025 10:30;0,33141183333333335
06.02.2025 10:45;0,3421919166666667
06.02.2025 11:00;0,352972
06.02.2025 11:15;0,36256716666666666
06.02.2025 11:30;0,3721623333333333
06.02.2025 11:45;0,38175749999999997
06.02.2025 12:00;0,3913526666666666
06.02.2025 12:15;0,3978035833333333
06.02.2025 12:30;0,40425449999999996
06.02.2025 12:45;0,41070541666666666
06.02.2025 13:00;0,41715633333333335
06.02.2025 13:15;0,4021461666666667
06.02.2025 13:30;0,387136
06.02.2025 13:45;0,3721258333333333
06.02.2025 14:00;0,35711566666666666
06.02.2025 14:15;0,3221833333333333
06.02.2025 14:30;0,287251
06.02.2025 14:45;0,25231866666666664
06.02.2025 15:00;0,21738633333333332
06.02.2025 15:15;0,1670650833333333
06.02.2025 15:30;0,11674383333333332
06.02.2025 15:45;0,06642258333333331
06.02.2025 16:00;0,016101333333333336
06.02.2025 16:15;0,012076000000000002
06.02.2025 16:30;0,008050666666666668
06.02.2025 16:45;0,004025333333333334
06.02.2025 17:00;0,0
06.02.2025 17:15;0,0
06.02.2025 17:30;0,0
06.02.2025 17:45;0,0
06.02.2025 18:00;0,0
06.02.2025 18:15;0,0
06.02.2025 18:30;0,0
06.02.2025 18:45;0,0
06.02.2025 19:00;0,0
06.02.2025 19:15;0,0
06.02.2025 19:30;0,0
06.02.2025 19:45;0,0
06.02.2025 20:00;0,0
06.02.2025 20:15;0,0
06.02.2025 20:30;0,0
06.02.2025 20:45;0,0
06.02.2025 21:00;0,0
06.02.2025 21:15;0,0
06.02.2025 21:30;0,0
06.02.2025 21:45;0,0
06.02.2025 22:00;0,0
06.02.2025 22:15;0,0
06.02.2025 22:30;0,0
06.02.2025 22:45;0,0
06.02.2025 23:00;0,0
06.02.2025 23:15;0,0
06.02.2025 23:30;0,0
06.02.2025 23:45;0,0
07.02.2025 00:00;0,0
07.02.2025 00:15;0,0
07.02.2025 00:30;0,0
07.02.2025 00:45;0,0
07.02.2025 01:00;0,0
07.02.2025 01:15;0,0
07.02.2025 01:30;0,0
07.02.2025 01:45;0,0
07.02.2025 02:00;0,0
07.02.2025 02:15;0,0
07.02.2025 02:30;0,0
07.02.2025 02:45;0,0
07.02.2025 03:00;0,0
07.02.2025 03:15;0,0
07.02.2025 03:30;0,0
07.02.2025 03:45;0,0
07.02.2025 04:00;0,0
07.02.2025 04:15;0,0
07.02.2025 04:30;0,0
07.02.2025 04:45;0,0
07.02.2025 05:00;0,0
07.02.2025 05:15;0,0
07.02.2025 05:30;0,0
07.02.2025 05:45;0,0
07.02.2025 06:00;0,0
07.02.2025 06:15;0,0024995833333333333
07.02.2025 06:30;0,0049991666666666665
07.02.2025 06:45;0,00749875
07.02.2025 07:00;0,009998333333333333
07.02.2025 07:15;0,036534833333333336
07.02.2025 07:30;0,06307133333333334
07.02.2025 07:45;0,08960783333333333
07.02.2025 08:00;0,11614433333333334
07.02.2025 08:15;0,13882350000000002
07.02.2025 08:30;0,16150266666666668
07.02.2025 08:45;0,18418183333333335
07.02.2025 09:00;0,20686100000000002
07.02.2025 09:15;0,21199991666666668
07.02.2025 09:30;0,21713883333333334
07.02.2025 09:45;0,22227775
07.02.2025 10:00;0,22741666666666666
07.02.2025 10:15;0,24204916666666665
07.02.2025 10:30;0,2566816666666667
07.02.2025 10:45;0,2713141666666667
07.02.2025 11:00;0,2859466666666667
07.02.2025 11:15;0,273833
07.02.2025 11:30;0,26171933333333336
07.02.2025 11:45;0,24960566666666667
07.02.2025 12:00;0,237492
07.02.2025 12:15;0,22647433333333333
07.02.2025 12:30;0,21545666666666669
07.02.2025 12:45;0,204439
07.02.2025 13:00;0,19342133333333333
07.02.2025 13:15;0,18633391666666665
07.02.2025 13:30;0,17924649999999998
07.02.2025 13:45;0,17215908333333332
07.02.2025 14:00;0,16507166666666664
07.02.2025 14:15;0,15258841666666664
07.02.2025 14:30;0,14010516666666667
07.02.2025 14:45;0,12762191666666667
07.02.2025 15:00;0,11513866666666667
07.02.2025 15:15;0,09034291666666666
07.02.2025 15:30;0,06554716666666667
07.02.2025 15:45;0,04075141666666668
07.02.2025 16:00;0,015955666666666667
07.02.2025 16:15;0,01196675
07.02.2025 16:30;0,007977833333333333
07.02.2025 16:45;0,003988916666666667
07.02.2025 17:00;0,0
07.02.2025 17:15;0,0
07.02.2025 17:30;0,0
07.02.2025 17:45;0,0
07.02.2025 18:00;0,0
07.02.2025 18:15;0,0
07.02.2025 18:30;0,0
07.02.2025 18:45;0,0
07.02.2025 19:00;0,0
07.02.2025 19:15;0,0
07.02.2025 19:30;0,0
07.02.2025 19:45;0,0
07.02.2025 20:00;0,0
07.02.2025 20:15;0,0
07.02.2025 20:30;0,0
07.02.2025 20:45;0,0
07.02.2025 21:00;0,0
07.02.2025 21:15;0,0
07.02.2025 21:30;0,0
07.02.2025 21:45;0,0
07.02.2025 22:00;0,0
07.02.2025 22:15;0,0
07.02.2025 22:30;0,0
07.02.2025 22:45;0,0
07.02.2025 23:00;0,0
07.02.2025 23:15;0,0
07.02.2025 23:30;0,0
07.02.2025 23:45;0,0
08.02.2025 00:00;0,0
08.02.2025 00:15;0,0
08.02.2025 00:30;0,0
08.02.2025 00:45;0,0
08.02.2025 01:00;0,0
08.02.2025 01:15;0,0
08.02.2025 01:30;0,0
08.02.2025 01:45;0,0
08.02.2025 02:00;0,0
08.02.2025 02:15;0,0
08.02.2025 02:30;0,0
08.02.2025 02:45;0,0
08.02.2025 03:00;0,0
08.02.2025 03:15;0,0
08.02.2025 03:30;0,0
08.02.2025 03:45;0,0
08.02.2025 04:00;0,0
08.02.2025 04:15;0,0
08.02.2025 04:30;0,0
08.02.2025 04:45;0,0
08.02.2025 05:00;0,0
08.02.2025 05:15;0,0
08.02.2025 05:30;0,0
08.02.2025 05:45;0,0
08.02.2025 06:00;0,0
08.02.2025 06:15;0,0015075833333333334
08.02.2025 06:30;0,003015166666666667
08.02.2025 06:45;0,004522750000000001
08.02.2025 07:00;0,006030333333333334
08.02.2025 07:15;0,03942291666666666
08.02.2025 07:30;0,07281549999999999
08.02.2025 07:45;0,10620808333333333
08.02.2025 08:00;0,13960066666666665
08.02.2025 08:15;0,16553683333333333
08.02.2025 08:30;0,191473
08.02.2025 08:45;0,21740916666666665
08.02.2025 09:00;0,24334533333333333
08.02.2025 09:15;0,26295925
08.02.2025 09:30;0,28257316666666665
08.02.2025 09:45;0,30218708333333333
08.02.2025 10:00;0,321801
08.02.2025 10:15;0,3300788333333333
08.02.2025 10:30;0,33835666666666664
08.02.2025 10:45;0,3466345
08.02.2025 11:00;0,35491233333333333
08.02.2025 11:15;0,3479913333333333
08.02.2025 11:30;0,34107033333333336
08.02.2025 11:45;0,33414933333333335
08.02.2025 12:00;0,32722833333333334
08.02.2025 12:15;0,3136319166666667
08.02.2025 12:30;0,3000355
08.02.2025 12:45;0,28643908333333334
08.02.2025 13:00;0,2728426666666667
08.02.2025 13:15;0,27262691666666666
08.02.2025 13:30;0,27241116666666665
08.02.2025 13:45;0,2721954166666667
08.02.2025 14:00;0,2719796666666667
08.02.2025 14:15;0,24470941666666668
08.02.2025 14:30;0,21743916666666668
08.02.2025 14:45;0,1901689166666667
08.02.2025 15:00;0,16289866666666666
08.02.2025 15:15;0,12763408333333331
08.02.2025 15:30;0,0923695
08.02.2025 15:45;0,05710491666666666
08.02.2025 16:00;0,021840333333333333
08.02.2025 16:15;0,01638025
08.02.2025 16:30;0,010920166666666667
08.02.2025 16:45;0,005460083333333334
08.02.2025 17:00;0,0
08.02.2025 17:15;0,0
08.02.2025 17:30;0,0
08.02.2025 17:45;0,0
08.02.2025 18:00;0,0
08.02.2025 18:15;0,0
08.02.2025 18:30;0,0
08.02.2025 18:45;0,0
08.02.2025 19:00;0,0
08.02.2025 19:15;0,0
08.02.2025 19:30;0,0
08.02.2025 19:45;0,0
08.02.2025 20:00;0,0
08.02.2025 20:15;0,0
08.02.2025 20:30;0,0
08.02.2025 20:45;0,0
08.02.2025 21:00;0,0
08.02.2025 21:15;0,0
08.02.2025 21:30;0,0
08.02.2025 21:45;0,0
08.02.2025 22:00;0,0
08.02.2025 22:15;0,0
08.02.2025 22:30;0,0
08.02.2025 22:45;0,0
08.02.2025 23:00;0,0
08.02.2025 23:15;0,0
08.02.2025 23:30;0,0
08.02.2025 23:45;0,0
09.02.2025 00:00;0,0
09.02.2025 00:15;0,0
09.02.2025 00:30;0,0
09.02.2025 00:45;0,0
09.02.2025 01:00;0,0
09.02.2025 01:15;0,0
09.02.2025 01:30;0,0
09.02.2025 01:45;0,0
09.02.2025 02:00;0,0
09.02.2025 02:15;0,0
09.02.2025 02:30;0,0
09.02.2025 02:45;0,0
09.02.2025 03:00;0,0
09.02.2025 03:15;0,0
09.02.2025 03:30;0,0
09.02.2025 03:45;0,0
09.02.2025 04:00;0,0
09.02.2025 04:15;0,0
09.02.2025 04:30;0,0
09.02.2025 04:45;0,0
09.02.2025 05:00;0,0
09.02.2025 05:15;0,0
09.02.2025 05:30;0,0
09.02.2025 05:45;0,0
09.02.2025 06:00;0,0
09.02.2025 06:15;0,0032775833333333333
09.02.2025 06:30;0,006555166666666667
09.02.2025 06:45;0,009832750000000001
09.02.2025 07:00;0,013110333333333333
09.02.2025 07:15;0,04783941666666666
09.02.2025 07:30;0,08256849999999999
09.02.2025 07:45;0,11729758333333332
09.02.2025 08:00;0,15202666666666664
09.02.2025 08:15;0,1694445
09.02.2025 08:30;0,18686233333333332
09.02.2025 08:45;0,20428016666666665
09.02.2025 09:00;0,221698
09.02.2025 09:15;0,23317683333333333
09.02.2025 09:30;0,24465566666666666
09.02.2025 09:45;0,2561345
09.02.2025 10:00;0,2676133333333333
09.02.2025 10:15;0,27266274999999995
09.02.2025 10:30;0,27771216666666665
09.02.2025 10:45;0,28276158333333334
09.02.2025 11:00;0,287811
09.02.2025 11:15;0,28330241666666667
09.02.2025 11:30;0,27879383333333335
09.02.2025 11:45;0,27428525000000004
09.02.2025 12:00;0,2697766666666667
09.02.2025 12:15;0,2568989166666667
09.02.2025 12:30;0,24402116666666668
09.02.2025 12:45;0,23114341666666668
09.02.2025 13:00;0,21826566666666666
09.02.2025 13:15;0,2068445
09.02.2025 13:30;0,19542333333333334
09.02.2025 13:45;0,1840021666666667
09.02.2025 14:00;0,172581
09.02.2025 14:15;0,15395808333333333
09.02.2025 14:30;0,13533516666666667
09.02.2025 14:45;0,11671225
09.02.2025 15:00;0,09808933333333333
09.02.2025 15:15;0,07724683333333333
09.02.2025 15:30;0,056404333333333334
09.02.2025 15:45;0,035561833333333334
09.02.2025 16:00;0,014719333333333333
09.02.2025 16:15;0,011039499999999999
09.02.2025 16:30;0,007359666666666665
09.02.2025 16:45;0,003679833333333332
09.02.2025 17:00;0,0
09.02.2025 17:15;0,0
09.02.2025 17:30;0,0
09.02.2025 17:45;0,0
09.02.2025 18:00;0,0
09.02.2025 18:15;0,0
09.02.2025 18:30;0,0
09.02.2025 18:45;0,0
09.02.2025 19:00;0,0
09.02.2025 19:15;0,0
09.02.2025 19:30;0,0
09.02.2025 19:45;0,0
09.02.2025 20:00;0,0
09.02.2025 20:15;0,0
09.02.2025 20:30;0,0
09.02.2025 20:45;0,0
09.02.2025 21:00;0,0
09.02.2025 21:15;0,0
09.02.2025 21:30;0,0
09.02.2025 21:45;0,0
09.02.2025 22:00;0,0
09.02.2025 22:15;0,0
09.02.2025 22:30;0,0
09.02.2025 22:45;0,0
09.02.2025 23:00;0,0
09.02.2025 23:15;0,0
09.02.2025 23:30;0,0
09.02.2025 23:45;0,0
10.02.2025 00:00;0,0
10.02.2025 00:15;0,0
10.02.2025 00:30;0,0
10.02.2025 00:45;0,0
10.02.2025 01:00;0,0
10.02.2025 01:15;0,0
10.02.2025 01:30;0,0
10.02.2025 01:45;0,0
10.02.2025 02:00;0,0
10.02.2025 02:15;0,0
10.02.2025 02:30;0,0
10.02.2025 02:45;0,0
10.02.2025 03:00;0,0
10.02.2025 03:15;0,0
10.02.2025 03:30;0,0
10.02.2025 03:45;0,0
10.02.2025 04:00;0,0
10.02.2025 04:15;0,0
10.02.2025 04:30;0,0
10.02.2025 04:45;0,0
10.02.2025 05:00;0,0
10.02.2025 05:15;0,0
10.02.2025 05:30;0,0
10.02.2025 05:45;0,0
10.02.2025 06:00;0,0
10.02.2025 06:15;0,003324583333333333
10.02.2025 06:30;0,006649166666666666
10.02.2025 06:45;0,009973749999999998
10.02.2025 07:00;0,013298333333333332
10.02.2025 07:15;0,034083166666666664
10.02.2025 07:30;0,054868
10.02.2025 07:45;0,07565283333333334
10.02.2025 08:00;0,09643766666666666
10.02.2025 08:15;0,1122135
10.02.2025 08:30;0,12798933333333332
10.02.2025 08:45;0,14376516666666667
10.02.2025 09:00;0,159541
10.02.2025 09:15;0,16555383333333332
10.02.2025 09:30;0,17156666666666665
10.02.2025 09:45;0,1775795
10.02.2025 10:00;0,18359233333333333
10.02.2025 10:15;0,16684233333333334
10.02.2025 10:30;0,15009233333333333
10.02.2025 10:45;0,13334233333333334
10.02.2025 11:00;0,11659233333333334
10.02.2025 11:15;0,122243
10.02.2025 11:30;0,12789366666666668
10.02.2025 11:45;0,13354433333333335
10.02.2025 12:00;0,139195
10.02.2025 12:15;0,14325591666666668
10.02.2025 12:30;0,14731683333333334
10.02.2025 12:45;0,15137774999999998
10.02.2025 13:00;0,15543866666666664
10.02.2025 13:15;0,14456449999999998
10.02.2025 13:30;0,13369033333333333
10.02.2025 13:45;0,12281616666666666
10.02.2025 14:00;0,111942
10.02.2025 14:15;0,10577383333333333
10.02.2025 14:30;0,09960566666666668
10.02.2025 14:45;0,0934375
10.02.2025 15:00;0,08726933333333334
10.02.2025 15:15;0,06972908333333333
10.02.2025 15:30;0,05218883333333334
10.02.2025 15:45;0,03464858333333334
10.02.2025 16:00;0,017108333333333333
10.02.2025 16:15;0,012831249999999999
10.02.2025 16:30;0,008554166666666667
10.02.2025 16:45;0,004277083333333334
10.02.2025 17:00;0,0
10.02.2025 17:15;0,0
10.02.2025 17:30;0,0
10.02.2025 17:45;0,0
10.02.2025 18:00;0,0
10.02.2025 18:15;0,0
10.02.2025 18:30;0,0
10.02.2025 18:45;0,0
10.02.2025 19:00;0,0
10.02.2025 19:15;0,0
10.02.2025 19:30;0,0
10.02.2025 19:45;0,0
10.02.2025 20:00;0,0
10.02.2025 20:15;0,0
10.02.2025 20:30;0,0
10.02.2025 20:45;0,0
10.02.2025 21:00;0,0
10.02.2025 21:15;0,0
10.02.2025 21:30;0,0
10.02.2025 21:45;0,0
10.02.2025 22:00;0,0
10.02.2025 22:15;0,0
10.02.2025 22:30;0,0
10.02.2025 22:45;0,0
10.02.2025 23:00;0,0
10.02.2025 23:15;0,0
10.02.2025 23:30;0,0
10.02.2025 23:45;0,0
11.02.2025 00:00;0,0
11.02.2025 00:15;0,0
11.02.2025 00:30;0,0
11.02.2025 00:45;0,0
11.02.2025 01:00;0,0
11.02.2025 01:15;0,0
11.02.2025 01:30;0,0
11.02.2025 01:45;0,0
11.02.2025 02:00;0,0
11.02.2025 02:15;0,0
11.02.2025 02:30;0,0
11.02.2025 02:45;0,0
11.02.2025 03:00;0,0
11.02.2025 03:15;0,0
11.02.2025 03:30;0,0
11.02.2025 03:45;0,0
11.02.2025 04:00;0,0
11.02.2025 04:15;0,0
11.02.2025 04:30;0,0
11.02.2025 04:45;0,0
11.02.2025 05:00;0,0
11.02.2025 05:15;0,0
11.02.2025 05:30;0,0
11.02.2025 05:45;0,0
11.02.2025 06:00;0,0
11.02.2025 06:15;0,005346333333333333
11.02.2025 06:30;0,010692666666666666
11.02.2025 06:45;0,016038999999999998
11.02.2025 07:00;0,021385333333333333
11.02.2025 07:15;0,05131266666666666
11.02.2025 07:30;0,08123999999999999
11.02.2025 07:45;0,11116733333333331
11.02.2025 08:00;0,14109466666666667
11.02.2025 08:15;0,16447866666666666
11.02.2025 08:30;0,18786266666666668
11.02.2025 08:45;0,2112466666666667
11.02.2025 09:00;0,23463066666666668
11.02.2025 09:15;0,24481383333333334
11.02.2025 09:30;0,254997
11.02.2025 09:45;0,26518016666666666
11.02.2025 10:00;0,2753633333333333
11.02.2025 10:15;0,27674325
11.02.2025 10:30;0,27812316666666664
11.02.2025 10:45;0,2795030833333333
11.02.2025 11:00;0,280883
11.02.2025 11:15;0,2897664166666667
11.02.2025 11:30;0,29864983333333334
11.02.2025 11:45;0,30753325
11.02.2025 12:00;0,3164166666666667
11.02.2025 12:15;0,3189425
11.02.2025 12:30;0,32146833333333336
11.02.2025 12:45;0,3239941666666667
11.02.2025 13:00;0,32652000000000003
11.02.2025 13:15;0,300298
11.02.2025 13:30;0,274076
11.02.2025 13:45;0,247854
11.02.2025 14:00;0,221632
11.02.2025 14:15;0,19386166666666665
11.02.2025 14:30;0,16609133333333334
11.02.2025 14:45;0,138321
11.02.2025 15:00;0,11055066666666667
11.02.2025 15:15;0,08807225
11.02.2025 15:30;0,06559383333333334
11.02.2025 15:45;0,04311541666666667
11.02.2025 16:00;0,020637000000000003
11.02.2025 16:15;0,015477750000000002
11.02.2025 16:30;0,010318500000000001
11.02.2025 16:45;0,005159250000000001
11.02.2025 17:00;0,0
11.02.2025 17:15;0,0
11.02.2025 17:30;0,0
11.02.2025 17:45;0,0
11.02.2025 18:00;0,0
11.02.2025 18:15;0,0
11.02.2025 18:30;0,0
11.02.2025 18:45;0,0
11.02.2025 19:00;0,0
11.02.2025 19:15;0,0
11.02.2025 19:30;0,0
11.02.2025 19:45;0,0
11.02.2025 20:00;0,0
11.02.2025 20:15;0,0
11.02.2025 20:30;0,0
11.02.2025 20:45;0,0
11.02.2025 21:00;0,0
11.02.2025 21:15;0,0
11.02.2025 21:30;0,0
11.02.2025 21:45;0,0
11.02.2025 22:00;0,0
11.02.2025 22:15;0,0
11.02.2025 22:30;0,0
11.02.2025 22:45;0,0
11.02.2025 23:00;0,0
11.02.2025 23:15;0,0
11.02.2025 23:30;0,0
11.02.2025 23:45;0,0
12.02.2025 00:00;0,0
12.02.2025 00:15;0,0
12.02.2025 00:30;0,0
12.02.2025 00:45;0,0
12.02.2025 01:00;0,0
12.02.2025 01:15;0,0
12.02.2025 01:30;0,0
12.02.2025 01:45;0,0
12.02.2025 02:00;0,0
12.02.2025 02:15;0,0
12.02.2025 02:30;0,0
12.02.2025 02:45;0,0
12.02.2025 03:00;0,0
12.02.2025 03:15;0,0
12.02.2025 03:30;0,0
12.02.2025 03:45;0,0
12.02.2025 04:00;0,0
12.02.2025 04:15;0,0
12.02.2025 04:30;0,0
12.02.2025 04:45;0,0
12.02.2025 05:00;0,0
12.02.2025 05:15;0,0
12.02.2025 05:30;0,0
12.02.2025 05:45;0,0
12.02.2025 06:00;0,0
12.02.2025 06:15;0,0070360833333333326
12.02.2025 06:30;0,014072166666666665
12.02.2025 06:45;0,02110825
12.02.2025 07:00;0,028144333333333334
12.02.2025 07:15;0,06165983333333334
12.02.2025 07:30;0,09517533333333333
12.02.2025 07:45;0,12869083333333334
12.02.2025 08:00;0,16220633333333334
12.02.2025 08:15;0,1940684166666667
12.02.2025 08:30;0,2259305
12.02.2025 08:45;0,2577925833333333
12.02.2025 09:00;0,28965466666666667
12.02.2025 09:15;0,30768891666666665
12.02.2025 09:30;0,3257231666666667
12.02.2025 09:45;0,3437574166666667
12.02.2025 10:00;0,3617916666666667
12.02.2025 10:15;0,3621465
12.02.2025 10:30;0,36250133333333334
12.02.2025 10:45;0,36285616666666665
12.02.2025 11:00;0,36321099999999995
12.02.2025 11:15;0,35266549999999997
12.02.2025 11:30;0,34212
12.02.2025 11:45;0,3315745
12.02.2025 12:00;0,321029
12.02.2025 12:15;0,3219845
12.02.2025 12:30;0,32294
12.02.2025 12:45;0,3238955
12.02.2025 13:00;0,324851
12.02.2025 13:15;0,31715008333333333
12.02.2025 13:30;0,30944916666666666
12.02.2025 13:45;0,30174825
12.02.2025 14:00;0,2940473333333333
12.02.2025 14:15;0,26234141666666666
12.02.2025 14:30;0,2306355
12.02.2025 14:45;0,19892958333333333
12.02.2025 15:00;0,16722366666666666
12.02.2025 15:15;0,13479075
12.02.2025 15:30;0,10235783333333333
12.02.2025 15:45;0,06992491666666666
12.02.2025 16:00;0,037492
12.02.2025 16:15;0,028118999999999998
12.02.2025 16:30;0,018746
12.02.2025 16:45;0,009372999999999996
12.02.2025 17:00;0,0
12.02.2025 17:15;0,0
12.02.2025 17:30;0,0
12.02.2025 17:45;0,0
12.02.2025 18:00;0,0
12.02.2025 18:15;0,0
12.02.2025 18:30;0,0
12.02.2025 18:45;0,0
12.02.2025 19:00;0,0
12.02.2025 19:15;0,0
12.02.2025 19:30;0,0
12.02.2025 19:45;0,0
12.02.2025 20:00;0,0
12.02.2025 20:15;0,0
12.02.2025 20:30;0,0
12.02.2025 20:45;0,0
12.02.2025 21:00;0,0
12.02.2025 21:15;0,0
12.02.2025 21:30;0,0
12.02.2025 21:45;0,0
12.02.2025 22:00;0,0
12.02.2025 22:15;0,0
12.02.2025 22:30;0,0
12.02.2025 22:45;0,0
12.02.2025 23:00;0,0
12.02.2025 23:15;0,0
12.02.2025 23:30;0,0
12.02.2025 23:45;0,0
13.02.2025 00:00;0,0
13.02.2025 00:15;0,0
13.02.2025 00:30;0,0
13.02.2025 00:45;0,0
13.02.2025 01:00;0,0
13.02.2025 01:15;0,0
13.02.2025 01:30;0,0
13.02.2025 01:45;0,0
13.02.2025 02:00;0,0
13.02.2025 02:15;0,0
13.02.2025 02:30;0,0
13.02.2025 02:45;0,0
13.02.2025 03:00;0,0
13.02.2025 03:15;0,0
13.02.2025 03:30;0,0
13.02.2025 03:45;0,0
13.02.2025 04:00;0,0
13.02.2025 04:15;0,0
13.02.2025 04:30;0,0
13.02.2025 04:45;0,0
13.02.2025 05:00;0,0
13.02.2025 05:15;0,0
13.02.2025 05:30;0,0
13.02.2025 05:45;0,0
13.02.2025 06:00;0,0
13.02.2025 06:15;0,008602333333333333
13.02.2025 06:30;0,017204666666666667
13.02.2025 06:45;0,025807
13.02.2025 07:00;0,03440933333333333
13.02.2025 07:15;0,07932516666666667
13.02.2025 07:30;0,124241
13.02.2025 07:45;0,1691568333333333
13.02.2025 08:00;0,21407266666666666
13.02.2025 08:15;0,22765183333333333
13.02.2025 08:30;0,24123100000000003
13.02.2025 08:45;0,25481016666666667
13.02.2025 09:00;0,26838933333333337
13.02.2025 09:15;0,28807608333333334
13.02.2025 09:30;0,3077628333333333
13.02.2025 09:45;0,32744958333333335
13.02.2025 10:00;0,3471363333333333
13.02.2025 10:15;0,3649645833333333
13.02.2025 10:30;0,38279283333333336
13.02.2025 10:45;0,40062108333333335
13.02.2025 11:00;0,41844933333333334
13.02.2025 11:15;0,4160830833333333
13.02.2025 11:30;0,4137168333333333
13.02.2025 11:45;0,41135058333333335
13.02.2025 12:00;0,40898433333333334
13.02.2025 12:15;0,4070310833333333
13.02.2025 12:30;0,40507783333333336
13.02.2025 12:45;0,40312458333333334
13.02.2025 13:00;0,4011713333333333
13.02.2025 13:15;0,38144625
13.02.2025 13:30;0,36172116666666665
13.02.2025 13:45;0,3419960833333333
13.02.2025 14:00;0,322271
13.02.2025 14:15;0,28980233333333333
13.02.2025 14:30;0,2573336666666667
13.02.2025 14:45;0,22486499999999998
13.02.2025 15:00;0,19239633333333334
13.02.2025 15:15;0,156242
13.02.2025 15:30;0,12008766666666668
13.02.2025 15:45;0,08393333333333335
13.02.2025 16:00;0,047779
13.02.2025 16:15;0,03583425
13.02.2025 16:30;0,0238895
13.02.2025 16:45;0,011944750000000004
13.02.2025 17:00;0,0
13.02.2025 17:15;0,0
13.02.2025 17:30;0,0
13.02.2025 17:45;0,0
13.02.2025 18:00;0,0
13.02.2025 18:15;0,0
13.02.2025 18:30;0,0
13.02.2025 18:45;0,0
13.02.2025 19:00;0,0
13.02.2025 19:15;0,0
13.02.2025 19:30;0,0
13.02.2025 19:45;0,0
13.02.2025 20:00;0,0
13.02.2025 20:15;0,0
13.02.2025 20:30;0,0
13.02.2025 20:45;0,0
13.02.2025 21:00;0,0
13.02.2025 21:15;0,0
13.02.2025 21:30;0,0
13.02.2025 21:45;0,0
13.02.2025 22:00;0,0
13.02.2025 22:15;0,0
13.02.2025 22:30;0,0
13.02.2025 22:45;0,0
13.02.2025 23:00;0,0
13.02.2025 23:15;0,0
13.02.2025 23:30;0,0
13.02.2025 23:45;0,0
14.02.2025 00:00;0,0
14.02.2025 00:15;0,0
14.02.2025 00:30;0,0
14.02.2025 00:45;0,0
14.02.2025 01:00;0,0
14.02.2025 01:15;0,0
14.02.2025 01:30;0,0
14.02.2025 01:45;0,0
14.02.2025 02:00;0,0
14.02.2025 02:15;0,0
14.02.2025 02:30;0,0
14.02.2025 02:45;0,0
14.02.2025 03:00;0,0
14.02.2025 03:15;0,0
14.02.2025 03:30;0,0
14.02.2025 03:45;0,0
14.02.2025 04:00;0,0
14.02.2025 04:15;0,0
14.02.2025 04:30;0,0
14.02.2025 04:45;0,0
14.02.2025 05:00;0,0
14.02.2025 05:15;0,0
14.02.2025 05:30;0,0
14.02.2025 05:45;0,0
14.02.2025 06:00;0,0
14.02.2025 06:15;0,008990083333333334
14.02.2025 06:30;0,01798016666666667
14.02.2025 06:45;0,02697025
14.02.2025 07:00;0,03596033333333334
14.02.2025 07:15;0,06911066666666667
14.02.2025 07:30;0,10226099999999999
14.02.2025 07:45;0,13541133333333333
14.02.2025 08:00;0,16856166666666667
14.02.2025 08:15;0,19051458333333332
14.02.2025 08:30;0,2124675
14.02.2025 08:45;0,2344204166666667
14.02.2025 09:00;0,25637333333333334
14.02.2025 09:15;0,28617841666666666
14.02.2025 09:30;0,31598350000000003
14.02.2025 09:45;0,3457885833333334
14.02.2025 10:00;0,3755936666666667
14.02.2025 10:15;0,3823625833333334
14.02.2025 10:30;0,3891315
14.02.2025 10:45;0,3959004166666667
14.02.2025 11:00;0,4026693333333334
14.02.2025 11:15;0,4105720833333334
14.02.2025 11:30;0,41847483333333335
14.02.2025 11:45;0,42637758333333337
14.02.2025 12:00;0,4342803333333334
14.02.2025 12:15;0,43674783333333334
14.02.2025 12:30;0,43921533333333335
14.02.2025 12:45;0,44168283333333336
14.02.2025 13:00;0,4441503333333333
14.02.2025 13:15;0,4295570833333333
14.02.2025 13:30;0,4149638333333333
14.02.2025 13:45;0,40037058333333336
14.02.2025 14:00;0,38577733333333336
14.02.2025 14:15;0,3561425833333334
14.02.2025 14:30;0,32650783333333333
14.02.2025 14:45;0,29687308333333334
14.02.2025 15:00;0,2672383333333333
14.02.2025 15:15;0,2140440833333333
14.02.2025 15:30;0,16084983333333333
14.02.2025 15:45;0,10765558333333333
14.02.2025 16:00;0,054461333333333334
14.02.2025 16:15;0,040846
14.02.2025 16:30;0,027230666666666667
14.02.2025 16:45;0,013615333333333333
14.02.2025 17:00;0,0
14.02.2025 17:15;0,0
14.02.2025 17:30;0,0
14.02.2025 17:45;0,0
14.02.2025 18:00;0,0
14.02.2025 18:15;0,0
14.02.2025 18:30;0,0
14.02.2025 18:45;0,0
14.02.2025 19:00;0,0
14.02.2025 19:15;0,0
14.02.2025 19:30;0,0
14.02.2025 19:45;0,0
14.02.2025 20:00;0,0
14.02.2025 20:15;0,0
14.02.2025 20:30;0,0
14.02.2025 20:45;0,0
14.02.2025 21:00;0,0
14.02.2025 21:15;0,0
14.02.2025 21:30;0,0
14.02.2025 21:45;0,0
14.02.2025 22:00;0,0
14.02.2025 22:15;0,0
14.02.2025 22:30;0,0
14.02.2025 22:45;0,0
14.02.2025 23:00;0,0
14.02.2025 23:15;0,0
14.02.2025 23:30;0,0
14.02.2025 23:45;0,0
15.02.2025 00:00;0,0
15.02.2025 00:15;0,0
15.02.2025 00:30;0,0
15.02.2025 00:45;0,0
15.02.2025 01:00;0,0
15.02.2025 01:15;0,0
15.02.2025 01:30;0,0
15.02.2025 01:45;0,0
15.02.2025 02:00;0,0
15.02.2025 02:15;0,0
15.02.2025 02:30;0,0
15.02.2025 02:45;0,0
15.02.2025 03:00;0,0
15.02.2025 03:15;0,0
15.02.2025 03:30;0,0
15.02.2025 03:45;0,0
15.02.2025 04:00;0,0
15.02.2025 04:15;0,0
15.02.2025 04:30;0,0
15.02.2025 04:45;0,0
15.02.2025 05:00;0,0
15.02.2025 05:15;0,0
15.02.2025 05:30;0,0
15.02.2025 05:45;0,0
15.02.2025 06:00;0,0
15.02.2025 06:15;0,012371916666666666
15.02.2025 06:30;0,024743833333333333
15.02.2025 06:45;0,037115749999999996
15.02.2025 07:00;0,049487666666666666
15.02.2025 07:15;0,08842141666666667
15.02.2025 07:30;0,12735516666666669
15.02.2025 07:45;0,16628891666666668
15.02.2025 08:00;0,20522266666666666
15.02.2025 08:15;0,231554
15.02.2025 08:30;0,25788533333333336
15.02.2025 08:45;0,2842166666666667
15.02.2025 09:00;0,310548
15.02.2025 09:15;0,3333784166666667
15.02.2025 09:30;0,3562088333333333
15.02.2025 09:45;0,37903925
15.02.2025 10:00;0,4018696666666667
15.02.2025 10:15;0,40970708333333333
15.02.2025 10:30;0,4175445
15.02.2025 10:45;0,4253819166666667
15.02.2025 11:00;0,43321933333333335
15.02.2025 11:15;0,43254983333333336
15.02.2025 11:30;0,4318803333333333
15.02.2025 11:45;0,4312108333333333
15.02.2025 12:00;0,43054133333333333
15.02.2025 12:15;0,4227923333333333
15.02.2025 12:30;0,4150433333333333
15.02.2025 12:45;0,4072943333333333
15.02.2025 13:00;0,3995453333333333
15.02.2025 13:15;0,38169841666666665
15.02.2025 13:30;0,3638515
15.02.2025 13:45;0,34600458333333334
15.02.2025 14:00;0,3281576666666667
15.02.2025 14:15;0,30252808333333336
15.02.2025 14:30;0,2768985
15.02.2025 14:45;0,2512689166666667
15.02.2025 15:00;0,22563933333333333
15.02.2025 15:15;0,18497716666666666
15.02.2025 15:30;0,144315
15.02.2025 15:45;0,10365283333333333
15.02.2025 16:00;0,06299066666666667
15.02.2025 16:15;0,047243
15.02.2025 16:30;0,031495333333333334
15.02.2025 16:45;0,015747666666666674
15.02.2025 17:00;0,0
15.02.2025 17:15;0,0
15.02.2025 17:30;0,0
15.02.2025 17:45;0,0
15.02.2025 18:00;0,0
15.02.2025 18:15;0,0
15.02.2025 18:30;0,0
15.02.2025 18:45;0,0
15.02.2025 19:00;0,0
15.02.2025 19:15;0,0
15.02.2025 19:30;0,0
15.02.2025 19:45;0,0
15.02.2025 20:00;0,0
15.02.2025 20:15;0,0
15.02.2025 20:30;0,0
15.02.2025 20:45;0,0
15.02.2025 21:00;0,0
15.02.2025 21:15;0,0
15.02.2025 21:30;0,0
15.02.2025 21:45;0,0
15.02.2025 22:00;0,0
15.02.2025 22:15;0,0
15.02.2025 22:30;0,0
15.02.2025 22:45;0,0
15.02.2025 23:00;0,0
15.02.2025 23:15;0,0
15.02.2025 23:30;0,0
15.02.2025 23:45;0,0
16.02.2025 00:00;0,0
16.02.2025 00:15;0,0
16.02.2025 00:30;0,0
16.02.2025 00:45;0,0
16.02.2025 01:00;0,0
16.02.2025 01:15;0,0
16.02.2025 01:30;0,0
16.02.2025 01:45;0,0
16.02.2025 02:00;0,0
16.02.2025 02:15;0,0
16.02.2025 02:30;0,0
16.02.2025 02:45;0,0
16.02.2025 03:00;0,0
16.02.2025 03:15;0,0
16.02.2025 03:30;0,0
16.02.2025 03:45;0,0
16.02.2025 04:00;0,0
16.02.2025 04:15;0,0
16.02.2025 04:30;0,0
16.02.2025 04:45;0,0
16.02.2025 05:00;0,0
16.02.2025 05:15;0,0
16.02.2025 05:30;0,0
16.02.2025 05:45;0,0
16.02.2025 06:00;0,0
16.02.2025 06:15;0,014032416666666664
16.02.2025 06:30;0,028064833333333327
16.02.2025 06:45;0,04209724999999999
16.02.2025 07:00;0,05612966666666666
16.02.2025 07:15;0,0939335
16.02.2025 07:30;0,13173733333333332
16.02.2025 07:45;0,1695411666666667
16.02.2025 08:00;0,207345
16.02.2025 08:15;0,22735925
16.02.2025 08:30;0,2473735
16.02.2025 08:45;0,26738775
16.02.2025 09:00;0,287402
16.02.2025 09:15;0,30096833333333334
16.02.2025 09:30;0,31453466666666663
16.02.2025 09:45;0,328101
16.02.2025 10:00;0,3416673333333333
16.02.2025 10:15;0,34637433333333334
16.02.2025 10:30;0,35108133333333336
16.02.2025 10:45;0,3557883333333333
16.02.2025 11:00;0,36049533333333333
16.02.2025 11:15;0,35957475
16.02.2025 11:30;0,35865416666666666
16.02.2025 11:45;0,3577335833333333
16.02.2025 12:00;0,356813
16.02.2025 12:15;0,3614430833333333
16.02.2025 12:30;0,36607316666666667
16.02.2025 12:45;0,37070325000000004
16.02.2025 13:00;0,37533333333333335
16.02.2025 13:15;0,36362025000000003
16.02.2025 13:30;0,35190716666666666
16.02.2025 13:45;0,34019408333333334
16.02.2025 14:00;0,328481
16.02.2025 14:15;0,30049633333333337
16.02.2025 14:30;0,2725116666666667
16.02.2025 14:45;0,244527
16.02.2025 15:00;0,21654233333333334
16.02.2025 15:15;0,17782258333333334
16.02.2025 15:30;0,13910283333333334
16.02.2025 15:45;0,10038308333333334
16.02.2025 16:00;0,061663333333333334
16.02.2025 16:15;0,046247500000000004
16.02.2025 16:30;0,03083166666666667
16.02.2025 16:45;0,015415833333333337
16.02.2025 17:00;0,0
16.02.2025 17:15;0,0
16.02.2025 17:30;0,0
16.02.2025 17:45;0,0
16.02.2025 18:00;0,0
16.02.2025 18:15;0,0
16.02.2025 18:30;0,0
16.02.2025 18:45;0,0
16.02.2025 19:00;0,0
16.02.2025 19:15;0,0
16.02.2025 19:30;0,0
16.02.2025 19:45;0,0
16.02.2025 20:00;0,0
16.02.2025 20:15;0,0
16.02.2025 20:30;0,0
16.02.2025 20:45;0,0
16.02.2025 21:00;0,0
16.02.2025 21:15;0,0
16.02.2025 21:30;0,0
16.02.2025 21:45;0,0
16.02.2025 22:00;0,0
16.02.2025 22:15;0,0
16.02.2025 22:30;0,0
16.02.2025 22:45;0,0
16.02.2025 23:00;0,0
16.02.2025 23:15;0,0
16.02.2025 23:30;0,0
16.02.2025 23:45;0,0
17.02.2025 00:00;0,0
17.02.2025 00:15;0,0
17.02.2025 00:30;0,0
17.02.2025 00:45;0,0
17.02.2025 01:00;0,0
17.02.2025 01:15;0,0
17.02.2025 01:30;0,0
17.02.2025 01:45;0,0
17.02.2025 02:00;0,0
17.02.2025 02:15;0,0
17.02.2025 02:30;0,0
17.02.2025 02:45;0,0
17.02.2025 03:00;0,0
17.02.2025 03:15;0,0
17.02.2025 03:30;0,0
17.02.2025 03:45;0,0
17.02.2025 04:00;0,0
17.02.2025 04:15;0,0
17.02.2025 04:30;0,0
17.02.2025 04:45;0,0
17.02.2025 05:00;0,0
17.02.2025 05:15;0,0
17.02.2025 05:30;0,0
17.02.2025 05:45;0,0
17.02.2025 06:00;0,0
17.02.2025 06:15;0,010780916666666666
17.02.2025 06:30;0,021561833333333332
17.02.2025 06:45;0,032342749999999997
17.02.2025 07:00;0,043123666666666664
17.02.2025 07:15;0,06608041666666667
17.02.2025 07:30;0,08903716666666667
17.02.2025 07:45;0,11199391666666667
17.02.2025 08:00;0,13495066666666666
17.02.2025 08:15;0,14965583333333332
17.02.2025 08:30;0,16436099999999998
17.02.2025 08:45;0,17906616666666667
17.02.2025 09:00;0,19377133333333332
17.02.2025 09:15;0,19886616666666668
17.02.2025 09:30;0,203961
17.02.2025 09:45;0,20905583333333333
17.02.2025 10:00;0,21415066666666668
17.02.2025 10:15;0,21522933333333336
17.02.2025 10:30;0,216308
17.02.2025 10:45;0,21738666666666667
17.02.2025 11:00;0,21846533333333334
17.02.2025 11:15;0,21162416666666667
17.02.2025 11:30;0,204783
17.02.2025 11:45;0,19794183333333334
17.02.2025 12:00;0,19110066666666667
17.02.2025 12:15;0,19188791666666666
17.02.2025 12:30;0,19267516666666668
17.02.2025 12:45;0,1934624166666667
17.02.2025 13:00;0,19424966666666668
17.02.2025 13:15;0,18829916666666668
17.02.2025 13:30;0,18234866666666666
17.02.2025 13:45;0,17639816666666666
17.02.2025 14:00;0,17044766666666666
17.02.2025 14:15;0,159775
17.02.2025 14:30;0,14910233333333334
17.02.2025 14:45;0,13842966666666667
17.02.2025 15:00;0,127757
17.02.2025 15:15;0,10713375
17.02.2025 15:30;0,0865105
17.02.2025 15:45;0,06588725000000001
17.02.2025 16:00;0,045264
17.02.2025 16:15;0,033948
17.02.2025 16:30;0,022632
17.02.2025 16:45;0,011316
17.02.2025 17:00;0,0
17.02.2025 17:15;0,0
17.02.2025 17:30;0,0
17.02.2025 17:45;0,0
17.02.2025 18:00;0,0
17.02.2025 18:15;0,0
17.02.2025 18:30;0,0
17.02.2025 18:45;0,0
17.02.2025 19:00;0,0
17.02.2025 19:15;0,0
17.02.2025 19:30;0,0
17.02.2025 19:45;0,0
17.02.2025 20:00;0,0
17.02.2025 20:15;0,0
17.02.2025 20:30;0,0
17.02.2025 20:45;0,0
17.02.2025 21:00;0,0
17.02.2025 21:15;0,0
17.02.2025 21:30;0,0
17.02.2025 21:45;0,0
17.02.2025 22:00;0,0
17.02.2025 22:15;0,0
17.02.2025 22:30;0,0
17.02.2025 22:45;0,0
17.02.2025 23:00;0,0
17.02.2025 23:15;0,0
17.02.2025 23:30;0,0
17.02.2025 23:45;0,0
18.02.2025 00:00;0,0
18.02.2025 00:15;0,0
18.02.2025 00:30;0,0
18.02.2025 00:45;0,0
18.02.2025 01:00;0,0
18.02.2025 01:15;0,0
18.02.2025 01:30;0,0
18.02.2025 01:45;0,0
18.02.2025 02:00;0,0
18.02.2025 02:15;0,0
18.02.2025 02:30;0,0
18.02.2025 02:45;0,0
18.02.2025 03:00;0,0
18.02.2025 03:15;0,0
18.02.2025 03:30;0,0
18.02.2025 03:45;0,0
18.02.2025 04:00;0,0
18.02.2025 04:15;0,0
18.02.2025 04:30;0,0
18.02.2025 04:45;0,0
18.02.2025 05:00;0,0
18.02.2025 05:15;0,0
18.02.2025 05:30;0,0
18.02.2025 05:45;0,0
18.02.2025 06:00;0,0
18.02.2025 06:15;0,01805333333333333
18.02.2025 06:30;0,03610666666666666
18.02.2025 06:45;0,05415999999999999
18.02.2025 07:00;0,07221333333333332
18.02.2025 07:15;0,11450924999999999
18.02.2025 07:30;0,15680516666666666
18.02.2025 07:45;0,19910108333333335
18.02.2025 08:00;0,241397
18.02.2025 08:15;0,2760208333333333
18.02.2025 08:30;0,3106446666666667
18.02.2025 08:45;0,3452685
18.02.2025 09:00;0,37989233333333333
18.02.2025 09:15;0,39667233333333335
18.02.2025 09:30;0,4134523333333333
18.02.2025 09:45;0,4302323333333333
18.02.2025 10:00;0,44701233333333334
18.02.2025 10:15;0,44404708333333337
18.02.2025 10:30;0,4410818333333334
18.02.2025 10:45;0,43811658333333336
18.02.2025 11:00;0,4351513333333334
18.02.2025 11:15;0,42655925000000006
18.02.2025 11:30;0,41796716666666667
18.02.2025 11:45;0,40937508333333333
18.02.2025 12:00;0,400783
18.02.2025 12:15;0,39184341666666667
18.02.2025 12:30;0,38290383333333333
18.02.2025 12:45;0,37396425
18.02.2025 13:00;0,36502466666666666
18.02.2025 13:15;0,35473283333333333
18.02.2025 13:30;0,344441
18.02.2025 13:45;0,3341491666666667
18.02.2025 14:00;0,3238573333333334
18.02.2025 14:15;0,30314983333333334
18.02.2025 14:30;0,28244233333333335
18.02.2025 14:45;0,26173483333333336
18.02.2025 15:00;0,24102733333333332
18.02.2025 15:15;0,20277024999999999
18.02.2025 15:30;0,16451316666666665
18.02.2025 15:45;0,12625608333333332
18.02.2025 16:00;0,087999
18.02.2025 16:15;0,06599925
18.02.2025 16:30;0,0439995
18.02.2025 16:45;0,02199975
18.02.2025 17:00;0,0
18.02.2025 17:15;0,0
18.02.2025 17:30;0,0
18.02.2025 17:45;0,0
18.02.2025 18:00;0,0
18.02.2025 18:15;0,0
18.02.2025 18:30;0,0
18.02.2025 18:45;0,0
18.02.2025 19:00;0,0
18.02.2025 19:15;0,0
18.02.2025 19:30;0,0
18.02.2025 19:45;0,0
18.02.2025 20:00;0,0
18.02.2025 20:15;0,0
18.02.2025 20:30;0,0
18.02.2025 20:45;0,0
18.02.2025 21:00;0,0
18.02.2025 21:15;0,0
18.02.2025 21:30;0,0
18.02.2025 21:45;0,0
18.02.2025 22:00;0,0
18.02.2025 22:15;0,0
18.02.2025 22:30;0,0
18.02.2025 22:45;0,0
18.02.2025 23:00;0,0
18.02.2025 23:15;0,0
18.02.2025 23:30;0,0
18.02.2025 23:45;0,0
19.02.2025 00:00;0,0
19.02.2025 00:15;0,0
19.02.2025 00:30;0,0
19.02.2025 00:45;0,0
19.02.2025 01:00;0,0
19.02.2025 01:15;0,0
19.02.2025 01:30;0,0
19.02.2025 01:45;0,0
19.02.2025 02:00;0,0
19.02.2025 02:15;0,0
19.02.2025 02:30;0,0
19.02.2025 02:45;0,0
19.02.2025 03:00;0,0
19.02.2025 03:15;0,0
19.02.2025 03:30;0,0
19.02.2025 03:45;0,0
19.02.2025 04:00;0,0
19.02.2025 04:15;0,0
19.02.2025 04:30;0,0
19.02.2025 04:45;0,0
19.02.2025 05:00;0,0
19.02.2025 05:15;0,0
19.02.2025 05:30;0,0
19.02.2025 05:45;0,0
19.02.2025 06:00;0,0
19.02.2025 06:15;0,014390833333333334
19.02.2025 06:30;0,028781666666666667
19.02.2025 06:45;0,0431725
19.02.2025 07:00;0,057563333333333334
19.02.2025 07:15;0,08376025000000001
19.02.2025 07:30;0,10995716666666666
19.02.2025 07:45;0,13615408333333334
19.02.2025 08:00;0,162351
19.02.2025 08:15;0,18472408333333332
19.02.2025 08:30;0,20709716666666667
19.02.2025 08:45;0,22947025
19.02.2025 09:00;0,2518433333333333
19.02.2025 09:15;0,266036
19.02.2025 09:30;0,2802286666666667
19.02.2025 09:45;0,2944213333333333
19.02.2025 10:00;0,308614
19.02.2025 10:15;0,31590775
19.02.2025 10:30;0,3232015
19.02.2025 10:45;0,33049525
19.02.2025 11:00;0,337789
19.02.2025 11:15;0,34524075
19.02.2025 11:30;0,35269249999999996
19.02.2025 11:45;0,36014425
19.02.2025 12:00;0,367596
19.02.2025 12:15;0,3609401666666666
19.02.2025 12:30;0,3542843333333333
19.02.2025 12:45;0,34762849999999995
19.02.2025 13:00;0,34097266666666665
19.02.2025 13:15;0,33002475
19.02.2025 13:30;0,31907683333333337
19.02.2025 13:45;0,3081289166666667
19.02.2025 14:00;0,29718100000000003
19.02.2025 14:15;0,27018233333333336
19.02.2025 14:30;0,2431836666666667
19.02.2025 14:45;0,216185
19.02.2025 15:00;0,18918633333333332
19.02.2025 15:15;0,16003941666666666
19.02.2025 15:30;0,1308925
19.02.2025 15:45;0,10174558333333333
19.02.2025 16:00;0,07259866666666667
19.02.2025 16:15;0,054449000000000004
19.02.2025 16:30;0,036299333333333336
19.02.2025 16:45;0,018149666666666675
19.02.2025 17:00;0,0
19.02.2025 17:15;0,0
19.02.2025 17:30;0,0
19.02.2025 17:45;0,0
19.02.2025 18:00;0,0
19.02.2025 18:15;0,0
19.02.2025 18:30;0,0
19.02.2025 18:45;0,0
19.02.2025 19:00;0,0
19.02.2025 19:15;0,0
19.02.2025 19:30;0,0
19.02.2025 19:45;0,0
19.02.2025 20:00;0,0
19.02.2025 20:15;0,0
19.02.2025 20:30;0,0
19.02.2025 20:45;0,0
19.02.2025 21:00;0,0
19.02.2025 21:15;0,0
19.02.2025 21:30;0,0
19.02.2025 21:45;0,0
19.02.2025 22:00;0,0
19.02.2025 22:15;0,0
19.02.2025 22:30;0,0
19.02.2025 22:45;0,0
19.02.2025 23:00;0,0
19.02.2025 23:15;0,0
19.02.2025 23:30;0,0
19.02.2025 23:45;0,0
20.02.2025 00:00;0,0
20.02.2025 00:15;0,0
20.02.2025 00:30;0,0
20.02.2025 00:45;0,0
20.02.2025 01:00;0,0
20.02.2025 01:15;0,0
20.02.2025 01:30;0,0
20.02.2025 01:45;0,0
20.02.2025 02:00;0,0
20.02.2025 02:15;0,0
20.02.2025 02:30;0,0
20.02.2025 02:45;0,0
20.02.2025 03:00;0,0
20.02.2025 03:15;0,0
20.02.2025 03:30;0,0
20.02.2025 03:45;0,0
20.02.2025 04:00;0,0
20.02.2025 04:15;0,0
20.02.2025 04:30;0,0
20.02.2025 04:45;0,0
20.02.2025 05:00;0,0
20.02.2025 05:15;0,0
20.02.2025 05:30;0,0
20.02.2025 05:45;0,0
20.02.2025 06:00;0,0
20.02.2025 06:15;0,018384833333333333
20.02.2025 06:30;0,036769666666666666
20.02.2025 06:45;0,055154499999999995
20.02.2025 07:00;0,07353933333333333
20.02.2025 07:15;0,11133225
20.02.2025 07:30;0,14912516666666664
20.02.2025 07:45;0,18691808333333332
20.02.2025 08:00;0,224711
20.02.2025 08:15;0,26161524999999997
20.02.2025 08:30;0,29851949999999994
20.02.2025 08:45;0,33542374999999996
20.02.2025 09:00;0,37232799999999994
20.02.2025 09:15;0,38756024999999994
20.02.2025 09:30;0,4027925
20.02.2025 09:45;0,41802475
20.02.2025 10:00;0,433257
20.02.2025 10:15;0,43686375
20.02.2025 10:30;0,4404705
20.02.2025 10:45;0,44407725
20.02.2025 11:00;0,44768399999999997
20.02.2025 11:15;0,45077066666666665
20.02.2025 11:30;0,45385733333333333
20.02.2025 11:45;0,45694399999999996
20.02.2025 12:00;0,46003066666666664
20.02.2025 12:15;0,45286366666666666
20.02.2025 12:30;0,44569666666666663
20.02.2025 12:45;0,43852966666666665
20.02.2025 13:00;0,43136266666666667
20.02.2025 13:15;0,40758266666666665
20.02.2025 13:30;0,3838026666666666
20.02.2025 13:45;0,36002266666666666
20.02.2025 14:00;0,33624266666666663
20.02.2025 14:15;0,3064955
20.02.2025 14:30;0,2767483333333333
20.02.2025 14:45;0,24700116666666666
20.02.2025 15:00;0,217254
20.02.2025 15:15;0,18350566666666668
20.02.2025 15:30;0,14975733333333335
20.02.2025 15:45;0,116009
20.02.2025 16:00;0,08226066666666668
20.02.2025 16:15;0,06169550000000001
20.02.2025 16:30;0,04113033333333334
20.02.2025 16:45;0,020565166666666676
20.02.2025 17:00;0,0
20.02.2025 17:15;0,0
20.02.2025 17:30;0,0
20.02.2025 17:45;0,0
20.02.2025 18:00;0,0
20.02.2025 18:15;0,0
20.02.2025 18:30;0,0
20.02.2025 18:45;0,0
20.02.2025 19:00;0,0
20.02.2025 19:15;0,0
20.02.2025 19:30;0,0
20.02.2025 19:45;0,0
20.02.2025 20:00;0,0
20.02.2025 20:15;0,0
20.02.2025 20:30;0,0
20.02.2025 20:45;0,0
20.02.2025 21:00;0,0
20.02.2025 21:15;0,0
20.02.2025 21:30;0,0
20.02.2025 21:45;0,0
20.02.2025 22:00;0,0
20.02.2025 22:15;0,0
20.02.2025 22:30;0,0
20.02.2025 22:45;0,0
20.02.2025 23:00;0,0
20.02.2025 23:15;0,0
20.02.2025 23:30;0,0
20.02.2025 23:45;0,0
21.02.2025 00:00;0,0
21.02.2025 00:15;0,0
21.02.2025 00:30;0,0
21.02.2025 00:45;0,0
21.02.2025 01:00;0,0
21.02.2025 01:15;0,0
21.02.2025 01:30;0,0
21.02.2025 01:45;0,0
21.02.2025 02:00;0,0
21.02.2025 02:15;0,0
21.02.2025 02:30;0,0
21.02.2025 02:45;0,0
21.02.2025 03:00;0,0
21.02.2025 03:15;0,0
21.02.2025 03:30;0,0
21.02.2025 03:45;0,0
21.02.2025 04:00;0,0
21.02.2025 04:15;0,0
21.02.2025 04:30;0,0
21.02.2025 04:45;0,0
21.02.2025 05:00;0,0
21.02.2025 05:15;0,0
21.02.2025 05:30;0,0
21.02.2025 05:45;0,0
21.02.2025 06:00;0,0
21.02.2025 06:15;0,01501275
21.02.2025 06:30;0,0300255
21.02.2025 06:45;0,04503825
21.02.2025 07:00;0,060051
21.02.2025 07:15;0,08843275
21.02.2025 07:30;0,11681450000000002
21.02.2025 07:45;0,14519625000000003
21.02.2025 08:00;0,173578
21.02.2025 08:15;0,20128308333333336
21.02.2025 08:30;0,2289881666666667
21.02.2025 08:45;0,25669325000000004
21.02.2025 09:00;0,28439833333333336
21.02.2025 09:15;0,30644425000000003
21.02.2025 09:30;0,3284901666666667
21.02.2025 09:45;0,35053608333333336
21.02.2025 10:00;0,372582
21.02.2025 10:15;0,39145683333333336
21.02.2025 10:30;0,41033166666666665
21.02.2025 10:45;0,4292065
21.02.2025 11:00;0,44808133333333333
21.02.2025 11:15;0,44707816666666667
21.02.2025 11:30;0,446075
21.02.2025 11:45;0,44507183333333333
21.02.2025 12:00;0,44406866666666667
21.02.2025 12:15;0,44101025
21.02.2025 12:30;0,4379518333333333
21.02.2025 12:45;0,4348934166666667
21.02.2025 13:00;0,431835
21.02.2025 13:15;0,41065633333333335
21.02.2025 13:30;0,3894776666666667
21.02.2025 13:45;0,36829900000000004
21.02.2025 14:00;0,34712033333333336
21.02.2025 14:15;0,32469458333333334
21.02.2025 14:30;0,3022688333333333
21.02.2025 14:45;0,27984308333333335
21.02.2025 15:00;0,25741733333333333
21.02.2025 15:15;0,21887266666666666
21.02.2025 15:30;0,180328
21.02.2025 15:45;0,14178333333333332
21.02.2025 16:00;0,10323866666666667
21.02.2025 16:15;0,077429
21.02.2025 16:30;0,051619333333333337
21.02.2025 16:45;0,02580966666666666
21.02.2025 17:00;0,0
21.02.2025 17:15;0,0
21.02.2025 17:30;0,0
21.02.2025 17:45;0,0
21.02.2025 18:00;0,0
21.02.2025 18:15;0,0
21.02.2025 18:30;0,0
21.02.2025 18:45;0,0
21.02.2025 19:00;0,0
21.02.2025 19:15;0,0
21.02.2025 19:30;0,0
21.02.2025 19:45;0,0
21.02.2025 20:00;0,0
21.02.2025 20:15;0,0
21.02.2025 20:30;0,0
21.02.2025 20:45;0,0
21.02.2025 21:00;0,0
21.02.2025 21:15;0,0
21.02.2025 21:30;0,0
21.02.2025 21:45;0,0
21.02.2025 22:00;0,0
21.02.2025 22:15;0,0
21.02.2025 22:30;0,0
21.02.2025 22:45;0,0
21.02.2025 23:00;0,0
21.02.2025 23:15;0,0
21.02.2025 23:30;0,0
21.02.2025 23:45;0,0
22.02.2025 00:00;0,0
22.02.2025 00:15;0,0
22.02.2025 00:30;0,0
22.02.2025 00:45;0,0
22.02.2025 01:00;0,0
22.02.2025 01:15;0,0
22.02.2025 01:30;0,0
22.02.2025 01:45;0,0
22.02.2025 02:00;0,0
22.02.2025 02:15;0,0
22.02.2025 02:30;0,0
22.02.2025 02:45;0,0
22.02.2025 03:00;0,0
22.02.2025 03:15;0,0
22.02.2025 03:30;0,0
22.02.2025 03:45;0,0
22.02.2025 04:00;0,0
22.02.2025 04:15;0,0
22.02.2025 04:30;0,0
22.02.2025 04:45;0,0
22.02.2025 05:00;0,0
22.02.2025 05:15;0,0
22.02.2025 05:30;0,0
22.02.2025 05:45;0,0
22.02.2025 06:00;0,0
22.02.2025 06:15;0,023153833333333332
22.02.2025 06:30;0,046307666666666664
22.02.2025 06:45;0,0694615
22.02.2025 07:00;0,09261533333333333
22.02.2025 07:15;0,13602616666666667
22.02.2025 07:30;0,17943699999999999
22.02.2025 07:45;0,2228478333333333
22.02.2025 08:00;0,26625866666666664
22.02.2025 08:15;0,2972580833333333
22.02.2025 08:30;0,3282575
22.02.2025 08:45;0,35925691666666665
22.02.2025 09:00;0,3902563333333333
22.02.2025 09:15;0,40669974999999997
22.02.2025 09:30;0,4231431666666666
22.02.2025 09:45;0,43958658333333334
22.02.2025 10:00;0,45603
22.02.2025 10:15;0,47190675
22.02.2025 10:30;0,48778350000000004
22.02.2025 10:45;0,50366025
22.02.2025 11:00;0,519537
22.02.2025 11:15;0,50282
22.02.2025 11:30;0,486103
22.02.2025 11:45;0,46938599999999997
22.02.2025 12:00;0,452669
22.02.2025 12:15;0,44714291666666667
22.02.2025 12:30;0,44161683333333335
22.02.2025 12:45;0,43609074999999997
22.02.2025 13:00;0,43056466666666665
22.02.2025 13:15;0,39796675
22.02.2025 13:30;0,36536883333333336
22.02.2025 13:45;0,3327709166666667
22.02.2025 14:00;0,300173
22.02.2025 14:15;0,2710905
22.02.2025 14:30;0,242008
22.02.2025 14:45;0,21292550000000002
22.02.2025 15:00;0,183843
22.02.2025 15:15;0,15430866666666668
22.02.2025 15:30;0,12477433333333333
22.02.2025 15:45;0,09524
22.02.2025 16:00;0,06570566666666666
22.02.2025 16:15;0,04927925
22.02.2025 16:30;0,03285283333333333
22.02.2025 16:45;0,016426416666666672
22.02.2025 17:00;0,0
22.02.2025 17:15;0,0
22.02.2025 17:30;0,0
22.02.2025 17:45;0,0
22.02.2025 18:00;0,0
22.02.2025 18:15;0,0
22.02.2025 18:30;0,0
22.02.2025 18:45;0,0
22.02.2025 19:00;0,0
22.02.2025 19:15;0,0
22.02.2025 19:30;0,0
22.02.2025 19:45;0,0
22.02.2025 20:00;0,0
22.02.2025 20:15;0,0
22.02.2025 20:30;0,0
22.02.2025 20:45;0,0
22.02.2025 21:00;0,0
22.02.2025 21:15;0,0
22.02.2025 21:30;0,0
22.02.2025 21:45;0,0
22.02.2025 22:00;0,0
22.02.2025 22:15;0,0
22.02.2025 22:30;0,0
22.02.2025 22:45;0,0
22.02.2025 23:00;0,0
22.02.2025 23:15;0,0
22.02.2025 23:30;0,0
22.02.2025 23:45;0,0
23.02.2025 00:00;0,0
23.02.2025 00:15;0,0
23.02.2025 00:30;0,0
23.02.2025 00:45;0,0
23.02.2025 01:00;0,0
23.02.2025 01:15;0,0
23.02.2025 01:30;0,0
23.02.2025 01:45;0,0
23.02.2025 02:00;0,0
23.02.2025 02:15;0,0
23.02.2025 02:30;0,0
23.02.2025 02:45;0,0
23.02.2025 03:00;0,0
23.02.2025 03:15;0,0
23.02.2025 03:30;0,0
23.02.2025 03:45;0,0
23.02.2025 04:00;0,0
23.02.2025 04:15;0,0
23.02.2025 04:30;0,0
23.02.2025 04:45;0,0
23.02.2025 05:00;0,0
23.02.2025 05:15;0,0
23.02.2025 05:30;0,0
23.02.2025 05:45;0,0
23.02.2025 06:00;0,0
23.02.2025 06:15;0,015645083333333334
23.02.2025 06:30;0,03129016666666667
23.02.2025 06:45;0,046935250000000005
23.02.2025 07:00;0,06258033333333334
23.02.2025 07:15;0,08701125
23.02.2025 07:30;0,11144216666666668
23.02.2025 07:45;0,1358730833333333
23.02.2025 08:00;0,160304
23.02.2025 08:15;0,17966633333333334
23.02.2025 08:30;0,1990286666666667
23.02.2025 08:45;0,218391
23.02.2025 09:00;0,23775333333333334
23.02.2025 09:15;0,25222733333333336
23.02.2025 09:30;0,26670133333333335
23.02.2025 09:45;0,28117533333333333
23.02.2025 10:00;0,2956493333333333
23.02.2025 10:15;0,29989125
23.02.2025 10:30;0,3041331666666667
23.02.2025 10:45;0,30837508333333336
23.02.2025 11:00;0,31261700000000003
23.02.2025 11:15;0,31662541666666666
23.02.2025 11:30;0,32063383333333334
23.02.2025 11:45;0,32464225
23.02.2025 12:00;0,32865066666666665
23.02.2025 12:15;0,33000874999999996
23.02.2025 12:30;0,3313668333333333
23.02.2025 12:45;0,33272491666666665
23.02.2025 13:00;0,33408299999999996
23.02.2025 13:15;0,31307274999999996
23.02.2025 13:30;0,2920625
23.02.2025 13:45;0,27105225
23.02.2025 14:00;0,250042
23.02.2025 14:15;0,23153858333333333
23.02.2025 14:30;0,21303516666666666
23.02.2025 14:45;0,19453175
23.02.2025 15:00;0,17602833333333334
23.02.2025 15:15;0,14341883333333333
23.02.2025 15:30;0,11080933333333334
23.02.2025 15:45;0,07819983333333334
23.02.2025 16:00;0,04559033333333333
23.02.2025 16:15;0,034192749999999994
23.02.2025 16:30;0,022795166666666665
23.02.2025 16:45;0,011397583333333336
23.02.2025 17:00;0,0
23.02.2025 17:15;0,0
23.02.2025 17:30;0,0
23.02.2025 17:45;0,0
23.02.2025 18:00;0,0
23.02.2025 18:15;0,0
23.02.2025 18:30;0,0
23.02.2025 18:45;0,0
23.02.2025 19:00;0,0
23.02.2025 19:15;0,0
23.02.2025 19:30;0,0
23.02.2025 19:45;0,0
23.02.2025 20:00;0,0
23.02.2025 20:15;0,0
23.02.2025 20:30;0,0
23.02.2025 20:45;0,0
23.02.2025 21:00;0,0
23.02.2025 21:15;0,0
23.02.2025 21:30;0,0
23.02.2025 21:45;0,0
23.02.2025 22:00;0,0
23.02.2025 22:15;0,0
23.02.2025 22:30;0,0
23.02.2025 22:45;0,0
23.02.2025 23:00;0,0
23.02.2025 23:15;0,0
23.02.2025 23:30;0,0
23.02.2025 23:45;0,0
24.02.2025 00:00;0,0
24.02.2025 00:15;0,0
24.02.2025 00:30;0,0
24.02.2025 00:45;0,0
24.02.2025 01:00;0,0
24.02.2025 01:15;0,0
24.02.2025 01:30;0,0
24.02.2025 01:45;0,0
24.02.2025 02:00;0,0
24.02.2025 02:15;0,0
24.02.2025 02:30;0,0
24.02.2025 02:45;0,0
24.02.2025 03:00;0,0
24.02.2025 03:15;0,0
24.02.2025 03:30;0,0
24.02.2025 03:45;0,0
24.02.2025 04:00;0,0
24.02.2025 04:15;0,0
24.02.2025 04:30;0,0
24.02.2025 04:45;0,0
24.02.2025 05:00;0,0
24.02.2025 05:15;0,0
24.02.2025 05:30;0,0
24.02.2025 05:45;0,0
24.02.2025 06:00;0,0
24.02.2025 06:15;0,01768525
24.02.2025 06:30;0,0353705
24.02.2025 06:45;0,05305575
24.02.2025 07:00;0,070741
24.02.2025 07:15;0,1082835
24.02.2025 07:30;0,145826
24.02.2025 07:45;0,1833685
24.02.2025 08:00;0,22091100000000002
24.02.2025 08:15;0,24238150000000003
24.02.2025 08:30;0,263852
24.02.2025 08:45;0,2853225
24.02.2025 09:00;0,306793
24.02.2025 09:15;0,3262793333333333
24.02.2025 09:30;0,34576566666666664
24.02.2025 09:45;0,36525199999999997
24.02.2025 10:00;0,3847383333333333
24.02.2025 10:15;0,3913129166666666
24.02.2025 10:30;0,39788749999999995
24.02.2025 10:45;0,40446208333333333
24.02.2025 11:00;0,41103666666666666
24.02.2025 11:15;0,3991056666666667
24.02.2025 11:30;0,38717466666666667
24.02.2025 11:45;0,37524366666666664
24.02.2025 12:00;0,3633126666666667
24.02.2025 12:15;0,3565375
24.02.2025 12:30;0,3497623333333333
24.02.2025 12:45;0,3429871666666666
24.02.2025 13:00;0,33621199999999996
24.02.2025 13:15;0,3337949166666666
24.02.2025 13:30;0,3313778333333333
24.02.2025 13:45;0,32896075
24.02.2025 14:00;0,3265436666666667
24.02.2025 14:15;0,2997398333333333
24.02.2025 14:30;0,272936
24.02.2025 14:45;0,24613216666666665
24.02.2025 15:00;0,21932833333333332
24.02.2025 15:15;0,18734275
24.02.2025 15:30;0,15535716666666666
24.02.2025 15:45;0,12337158333333333
24.02.2025 16:00;0,091386
24.02.2025 16:15;0,0685395
24.02.2025 16:30;0,045693
24.02.2025 16:45;0,022846500000000006
24.02.2025 17:00;0,0
24.02.2025 17:15;0,0
24.02.2025 17:30;0,0
24.02.2025 17:45;0,0
24.02.2025 18:00;0,0
24.02.2025 18:15;0,0
24.02.2025 18:30;0,0
24.02.2025 18:45;0,0
24.02.2025 19:00;0,0
24.02.2025 19:15;0,0
24.02.2025 19:30;0,0
24.02.2025 19:45;0,0
24.02.2025 20:00;0,0
24.02.2025 20:15;0,0
24.02.2025 20:30;0,0
24.02.2025 20:45;0,0
24.02.2025 21:00;0,0
24.02.2025 21:15;0,0
24.02.2025 21:30;0,0
24.02.2025 21:45;0,0
24.02.2025 22:00;0,0
24.02.2025 22:15;0,0
24.02.2025 22:30;0,0
24.02.2025 22:45;0,0
24.02.2025 23:00;0,0
24.02.2025 23:15;0,0
24.02.2025 23:30;0,0
24.02.2025 23:45;0,0
25.02.2025 00:00;0,0
25.02.2025 00:15;0,0
25.02.2025 00:30;0,0
25.02.2025 00:45;0,0
25.02.2025 01:00;0,0
25.02.2025 01:15;0,0
25.02.2025 01:30;0,0
25.02.2025 01:45;0,0
25.02.2025 02:00;0,0
25.02.2025 02:15;0,0
25.02.2025 02:30;0,0
25.02.2025 02:45;0,0
25.02.2025 03:00;0,0
25.02.2025 03:15;0,0
25.02.2025 03:30;0,0
25.02.2025 03:45;0,0
25.02.2025 04:00;0,0
25.02.2025 04:15;0,0
25.02.2025 04:30;0,0
25.02.2025 04:45;0,0
25.02.2025 05:00;0,0
25.02.2025 05:15;0,0
25.02.2025 05:30;0,0
25.02.2025 05:45;0,0
25.02.2025 06:00;0,0
25.02.2025 06:15;0,02390633333333333
25.02.2025 06:30;0,04781266666666666
25.02.2025 06:45;0,07171899999999999
25.02.2025 07:00;0,09562533333333333
25.02.2025 07:15;0,12606874999999998
25.02.2025 07:30;0,15651216666666665
25.02.2025 07:45;0,18695558333333331
25.02.2025 08:00;0,21739899999999998
25.02.2025 08:15;0,23685941666666666
25.02.2025 08:30;0,2563198333333333
25.02.2025 08:45;0,27578025
25.02.2025 09:00;0,29524066666666665
25.02.2025 09:15;0,30026508333333335
25.02.2025 09:30;0,3052895
25.02.2025 09:45;0,31031391666666663
25.02.2025 10:00;0,31533833333333333
25.02.2025 10:15;0,33474824999999997
25.02.2025 10:30;0,35415816666666666
25.02.2025 10:45;0,37356808333333336
25.02.2025 11:00;0,392978
25.02.2025 11:15;0,39867525
25.02.2025 11:30;0,4043725
25.02.2025 11:45;0,41006975
25.02.2025 12:00;0,415767
25.02.2025 12:15;0,41633291666666666
25.02.2025 12:30;0,41689883333333333
25.02.2025 12:45;0,41746475
25.02.2025 13:00;0,41803066666666666
25.02.2025 13:15;0,40360558333333335
25.02.2025 13:30;0,3891805
25.02.2025 13:45;0,3747554166666667
25.02.2025 14:00;0,36033033333333336
25.02.2025 14:15;0,33389275
25.02.2025 14:30;0,3074551666666667
25.02.2025 14:45;0,2810175833333334
25.02.2025 15:00;0,25458000000000003
25.02.2025 15:15;0,2177156666666667
25.02.2025 15:30;0,18085133333333336
25.02.2025 15:45;0,143987
25.02.2025 16:00;0,10712266666666667
25.02.2025 16:15;0,080342
25.02.2025 16:30;0,053561333333333336
25.02.2025 16:45;0,02678066666666666
25.02.2025 17:00;0,0
25.02.2025 17:15;0,0
25.02.2025 17:30;0,0
25.02.2025 17:45;0,0
25.02.2025 18:00;0,0
25.02.2025 18:15;0,0
25.02.2025 18:30;0,0
25.02.2025 18:45;0,0
25.02.2025 19:00;0,0
25.02.2025 19:15;0,0
25.02.2025 19:30;0,0
25.02.2025 19:45;0,0
25.02.2025 20:00;0,0
25.02.2025 20:15;0,0
25.02.2025 20:30;0,0
25.02.2025 20:45;0,0
25.02.2025 21:00;0,0
25.02.2025 21:15;0,0
25.02.2025 21:30;0,0
25.02.2025 21:45;0,0
25.02.2025 22:00;0,0
25.02.2025 22:15;0,0
25.02.2025 22:30;0,0
25.02.2025 22:45;0,0
25.02.2025 23:00;0,0
25.02.2025 23:15;0,0
25.02.2025 23:30;0,0
25.02.2025 23:45;0,0
26.02.2025 00:00;0,0
26.02.2025 00:15;0,0
26.02.2025 00:30;0,0
26.02.2025 00:45;0,0
26.02.2025 01:00;0,0
26.02.2025 01:15;0,0
26.02.2025 01:30;0,0
26.02.2025 01:45;0,0
26.02.2025 02:00;0,0
26.02.2025 02:15;0,0
26.02.2025 02:30;0,0
26.02.2025 02:45;0,0
26.02.2025 03:00;0,0
26.02.2025 03:15;0,0
26.02.2025 03:30;0,0
26.02.2025 03:45;0,0
26.02.2025 04:00;0,0
26.02.2025 04:15;0,0
26.02.2025 04:30;0,0
26.02.2025 04:45;0,0
26.02.2025 05:00;0,0
26.02.2025 05:15;0,0
26.02.2025 05:30;0,0
26.02.2025 05:45;0,0
26.02.2025 06:00;0,0
26.02.2025 06:15;0,027692166666666664
26.02.2025 06:30;0,05538433333333333
26.02.2025 06:45;0,0830765
26.02.2025 07:00;0,11076866666666667
26.02.2025 07:15;0,14692966666666668
26.02.2025 07:30;0,18309066666666668
26.02.2025 07:45;0,21925166666666668
26.02.2025 08:00;0,2554126666666667
26.02.2025 08:15;0,28262291666666667
26.02.2025 08:30;0,30983316666666666
26.02.2025 08:45;0,33704341666666665
26.02.2025 09:00;0,36425366666666664
26.02.2025 09:15;0,39032
26.02.2025 09:30;0,4163863333333333
26.02.2025 09:45;0,44245266666666666
26.02.2025 10:00;0,468519
26.02.2025 10:15;0,47785533333333335
26.02.2025 10:30;0,4871916666666667
26.02.2025 10:45;0,496528
26.02.2025 11:00;0,5058643333333334
26.02.2025 11:15;0,4927863333333334
26.02.2025 11:30;0,4797083333333334
26.02.2025 11:45;0,46663033333333337
26.02.2025 12:00;0,4535523333333334
26.02.2025 12:15;0,4458618333333334
26.02.2025 12:30;0,43817133333333336
26.02.2025 12:45;0,4304808333333333
26.02.2025 13:00;0,4227903333333333
26.02.2025 13:15;0,40804966666666664
26.02.2025 13:30;0,393309
26.02.2025 13:45;0,37856833333333334
26.02.2025 14:00;0,36382766666666666
26.02.2025 14:15;0,3345295833333333
26.02.2025 14:30;0,3052315
26.02.2025 14:45;0,2759334166666667
26.02.2025 15:00;0,24663533333333335
26.02.2025 15:15;0,2101636666666667
26.02.2025 15:30;0,173692
26.02.2025 15:45;0,13722033333333333
26.02.2025 16:00;0,10074866666666667
26.02.2025 16:15;0,0755615
26.02.2025 16:30;0,05037433333333333
26.02.2025 16:45;0,025187166666666663
26.02.2025 17:00;0,0
26.02.2025 17:15;0,0
26.02.2025 17:30;0,0
26.02.2025 17:45;0,0
26.02.2025 18:00;0,0
26.02.2025 18:15;0,0
26.02.2025 18:30;0,0
26.02.2025 18:45;0,0
26.02.2025 19:00;0,0
26.02.2025 19:15;0,0
26.02.2025 19:30;0,0
26.02.2025 19:45;0,0
26.02.2025 20:00;0,0
26.02.2025 20:15;0,0
26.02.2025 20:30;0,0
26.02.2025 20:45;0,0
26.02.2025 21:00;0,0
26.02.2025 21:15;0,0
26.02.2025 21:30;0,0
26.02.2025 21:45;0,0
26.02.2025 22:00;0,0
26.02.2025 22:15;0,0
26.02.2025 22:30;0,0
26.02.2025 22:45;0,0
26.02.2025 23:00;0,0
26.02.2025 23:15;0,0
26.02.2025 23:30;0,0
26.02.2025 23:45;0,0
27.02.2025 00:00;0,0
27.02.2025 00:15;0,0
27.02.2025 00:30;0,0
27.02.2025 00:45;0,0
27.02.2025 01:00;0,0
27.02.2025 01:15;0,0
27.02.2025 01:30;0,0
27.02.2025 01:45;0,0
27.02.2025 02:00;0,0
27.02.2025 02:15;0,0
27.02.2025 02:30;0,0
27.02.2025 02:45;0,0
27.02.2025 03:00;0,0
27.02.2025 03:15;0,0
27.02.2025 03:30;0,0
27.02.2025 03:45;0,0
27.02.2025 04:00;0,0
27.02.2025 04:15;0,0
27.02.2025 04:30;0,0
27.02.2025 04:45;0,0
27.02.2025 05:00;0,0
27.02.2025 05:15;0,0
27.02.2025 05:30;0,0
27.02.2025 05:45;0,0
27.02.2025 06:00;0,0
27.02.2025 06:15;0,03461908333333333
27.02.2025 06:30;0,06923816666666666
27.02.2025 06:45;0,10385724999999998
27.02.2025 07:00;0,1384763333333333
27.02.2025 07:15;0,17764674999999996
27.02.2025 07:30;0,21681716666666664
27.02.2025 07:45;0,2559875833333333
27.02.2025 08:00;0,295158
27.02.2025 08:15;0,32203916666666665
27.02.2025 08:30;0,3489203333333333
27.02.2025 08:45;0,37580149999999996
27.02.2025 09:00;0,40268266666666663
27.02.2025 09:15;0,42299041666666665
27.02.2025 09:30;0,44329816666666666
27.02.2025 09:45;0,4636059166666667
27.02.2025 10:00;0,4839136666666667
27.02.2025 10:15;0,4954760833333334
27.02.2025 10:30;0,5070385
27.02.2025 10:45;0,5186009166666666
27.02.2025 11:00;0,5301633333333333
27.02.2025 11:15;0,49485341666666666
27.02.2025 11:30;0,4595435
27.02.2025 11:45;0,42423358333333333
27.02.2025 12:00;0,38892366666666667
27.02.2025 12:15;0,407382
27.02.2025 12:30;0,4258403333333333
27.02.2025 12:45;0,4442986666666666
27.02.2025 13:00;0,462757
27.02.2025 13:15;0,44283124999999995
27.02.2025 13:30;0,42290549999999993
27.02.2025 13:45;0,40297974999999997
27.02.2025 14:00;0,38305399999999995
27.02.2025 14:15;0,3541534166666666
27.02.2025 14:30;0,3252528333333333
27.02.2025 14:45;0,29635225
27.02.2025 15:00;0,2674516666666667
27.02.2025 15:15;0,23522916666666668
27.02.2025 15:30;0,20300666666666667
27.02.2025 15:45;0,17078416666666668
27.02.2025 16:00;0,13856166666666667
27.02.2025 16:15;0,10392124999999999
27.02.2025 16:30;0,06928083333333333
27.02.2025 16:45;0,034640416666666674
27.02.2025 17:00;0,0
27.02.2025 17:15;0,0
27.02.2025 17:30;0,0
27.02.2025 17:45;0,0
27.02.2025 18:00;0,0
27.02.2025 18:15;0,0
27.02.2025 18:30;0,0
27.02.2025 18:45;0,0
27.02.2025 19:00;0,0
27.02.2025 19:15;0,0
27.02.2025 19:30;0,0
27.02.2025 19:45;0,0
27.02.2025 20:00;0,0
27.02.2025 20:15;0,0
27.02.2025 20:30;0,0
27.02.2025 20:45;0,0
27.02.2025 21:00;0,0
27.02.2025 21:15;0,0
27.02.2025 21:30;0,0
27.02.2025 21:45;0,0
27.02.2025 22:00;0,0
27.02.2025 22:15;0,0
27.02.2025 22:30;0,0
27.02.2025 22:45;0,0
27.02.2025 23:00;0,0
27.02.2025 23:15;0,0
27.02.2025 23:30;0,0
27.02.2025 23:45;0,0
28.02.2025 00:00;0,0
28.02.2025 00:15;0,0
28.02.2025 00:30;0,0
28.02.2025 00:45;0,0
28.02.2025 01:00;0,0
28.02.2025 01:15;0,0
28.02.2025 01:30;0,0
28.02.2025 01:45;0,0
28.02.2025 02:00;0,0
28.02.2025 02:15;0,0
28.02.2025 02:30;0,0
28.02.2025 02:45;0,0
28.02.2025 03:00;0,0
28.02.2025 03:15;0,0
28.02.2025 03:30;0,0
28.02.2025 03:45;0,0
28.02.2025 04:00;0,0
28.02.2025 04:15;0,0
28.02.2025 04:30;0,0
28.02.2025 04:45;0,0
28.02.2025 05:00;0,0
28.02.2025 05:15;0,0
28.02.2025 05:30;0,0
28.02.2025 05:45;0,0
28.02.2025 06:00;0,0
28.02.2025 06:15;0,029825833333333333
28.02.2025 06:30;0,059651666666666665
28.02.2025 06:45;0,0894775
28.02.2025 07:00;0,11930333333333333
28.02.2025 07:15;0,158601
28.02.2025 07:30;0,19789866666666667
28.02.2025 07:45;0,23719633333333331
28.02.2025 08:00;0,27649399999999996
28.02.2025 08:15;0,30181141666666667
28.02.2025 08:30;0,3271288333333333
28.02.2025 08:45;0,35244624999999996
28.02.2025 09:00;0,37776366666666666
28.02.2025 09:15;0,40205091666666665
28.02.2025 09:30;0,4263381666666667
28.02.2025 09:45;0,45062541666666667
28.02.2025 10:00;0,47491266666666665
28.02.2025 10:15;0,4868720833333333
28.02.2025 10:30;0,4988315
28.02.2025 10:45;0,5107909166666667
28.02.2025 11:00;0,5227503333333333
28.02.2025 11:15;0,5111265
28.02.2025 11:30;0,49950266666666665
28.02.2025 11:45;0,4878788333333333
28.02.2025 12:00;0,476255
28.02.2025 12:15;0,48554366666666665
28.02.2025 12:30;0,4948323333333333
28.02.2025 12:45;0,504121
28.02.2025 13:00;0,5134096666666667
28.02.2025 13:15;0,47426091666666664
28.02.2025 13:30;0,43511216666666663
28.02.2025 13:45;0,3959634166666667
28.02.2025 14:00;0,35681466666666667
28.02.2025 14:15;0,3148444166666667
28.02.2025 14:30;0,27287416666666664
28.02.2025 14:45;0,23090391666666668
28.02.2025 15:00;0,18893366666666667
28.02.2025 15:15;0,16174225
28.02.2025 15:30;0,13455083333333334
28.02.2025 15:45;0,10735941666666667
28.02.2025 16:00;0,080168
28.02.2025 16:15;0,060126
28.02.2025 16:30;0,040084
28.02.2025 16:45;0,020042000000000004
28.02.2025 17:00;0,0
28.02.2025 17:15;0,0
28.02.2025 17:30;0,0
28.02.2025 17:45;0,0
28.02.2025 18:00;0,0
28.02.2025 18:15;0,0
28.02.2025 18:30;0,0
28.02.2025 18:45;0,0
28.02.2025 19:00;0,0
28.02.2025 19:15;0,0
28.02.2025 19:30;0,0
28.02.2025 19:45;0,0
28.02.2025 20:00;0,0
28.02.2025 20:15;0,0
28.02.2025 20:30;0,0
28.02.2025 20:45;0,0
28.02.2025 21:00;0,0
28.02.2025 21:15;0,0
28.02.2025 21:30;0,0
28.02.2025 21:45;0,0
28.02.2025 22:00;0,0
28.02.2025 22:15;0,0
28.02.2025 22:30;0,0
28.02.2025 22:45;0,0
28.02.2025 23:00;0,0
28.02.2025 23:15;0,0
28.02.2025 23:30;0,0
28.02.2025 23:45;0,0
01.03.2025 00:00;0,0
01.03.2025 00:15;0,0
01.03.2025 00:30;0,0
01.03.2025 00:45;0,0
01.03.2025 01:00;0,0
01.03.2025 01:15;0,0
01.03.2025 01:30;0,0
01.03.2025 01:45;0,0
01.03.2025 02:00;0,0
01.03.2025 02:15;0,0
01.03.2025 02:30;0,0
01.03.2025 02:45;0,0
01.03.2025 03:00;0,0
01.03.2025 03:15;0,0
01.03.2025 03:30;0,0
01.03.2025 03:45;0,0
01.03.2025 04:00;0,0
01.03.2025 04:15;0,0
01.03.2025 04:30;0,0
01.03.2025 04:45;0,0
01.03.2025 05:00;0,0
01.03.2025 05:15;0,0
01.03.2025 05:30;0,0
01.03.2025 05:45;0,0
01.03.2025 06:00;0,0
01.03.2025 06:15;0,01327975
01.03.2025 06:30;0,0265595
01.03.2025 06:45;0,03983925
01.03.2025 07:00;0,053119
01.03.2025 07:15;0,07163483333333334
01.03.2025 07:30;0,09015066666666667
01.03.2025 07:45;0,1086665
01.03.2025 08:00;0,12718233333333334
01.03.2025 08:15;0,14800125
01.03.2025 08:30;0,16882016666666666
01.03.2025 08:45;0,18963908333333335
01.03.2025 09:00;0,210458
01.03.2025 09:15;0,21974716666666666
01.03.2025 09:30;0,22903633333333334
01.03.2025 09:45;0,23832550000000002
01.03.2025 10:00;0,24761466666666668
01.03.2025 10:15;0,25088883333333334
01.03.2025 10:30;0,25416300000000003
01.03.2025 10:45;0,25743716666666666
01.03.2025 11:00;0,26071133333333335
01.03.2025 11:15;0,25979816666666666
01.03.2025 11:30;0,25888500000000003
01.03.2025 11:45;0,25797183333333334
01.03.2025 12:00;0,25705866666666666
01.03.2025 12:15;0,2678980833333333
01.03.2025 12:30;0,27873749999999997
01.03.2025 12:45;0,2895769166666667
01.03.2025 13:00;0,30041633333333334
01.03.2025 13:15;0,2902845
01.03.2025 13:30;0,28015266666666666
01.03.2025 13:45;0,2700208333333333
01.03.2025 14:00;0,259889
01.03.2025 14:15;0,234729
01.03.2025 14:30;0,209569
01.03.2025 14:45;0,184409
01.03.2025 15:00;0,159249
01.03.2025 15:15;0,13343725
01.03.2025 15:30;0,1076255
01.03.2025 15:45;0,08181375
01.03.2025 16:00;0,056002
01.03.2025 16:15;0,0420015
01.03.2025 16:30;0,028000999999999998
01.03.2025 16:45;0,014000499999999999
01.03.2025 17:00;0,0
01.03.2025 17:15;0,0
01.03.2025 17:30;0,0
01.03.2025 17:45;0,0
01.03.2025 18:00;0,0
01.03.2025 18:15;0,0
01.03.2025 18:30;0,0
01.03.2025 18:45;0,0
01.03.2025 19:00;0,0
01.03.2025 19:15;0,0
01.03.2025 19:30;0,0
01.03.2025 19:45;0,0
01.03.2025 20:00;0,0
01.03.2025 20:15;0,0
01.03.2025 20:30;0,0
01.03.2025 20:45;0,0
01.03.2025 21:00;0,0
01.03.2025 21:15;0,0
01.03.2025 21:30;0,0
01.03.2025 21:45;0,0
01.03.2025 22:00;0,0
01.03.2025 22:15;0,0
01.03.2025 22:30;0,0
01.03.2025 22:45;0,0
01.03.2025 23:00;0,0
01.03.2025 23:15;0,0
01.03.2025 23:30;0,0
01.03.2025 23:45;0,0
02.03.2025 00:00;0,0
02.03.2025 00:15;0,0
02.03.2025 00:30;0,0
02.03.2025 00:45;0,0
02.03.2025 01:00;0,0
02.03.2025 01:15;0,0
02.03.2025 01:30;0,0
02.03.2025 01:45;0,0
02.03.2025 02:00;0,0
02.03.2025 02:15;0,0
02.03.2025 02:30;0,0
02.03.2025 02:45;0,0
02.03.2025 03:00;0,0
02.03.2025 03:15;0,0
02.03.2025 03:30;0,0
02.03.2025 03:45;0,0
02.03.2025 04:00;0,0
02.03.2025 04:15;0,0
02.03.2025 04:30;0,0
02.03.2025 04:45;0,0
02.03.2025 05:00;0,0
02.03.2025 05:15;0,0
02.03.2025 05:30;0,0
02.03.2025 05:45;0,0
02.03.2025 06:00;0,0
02.03.2025 06:15;0,011636249999999999
02.03.2025 06:30;0,023272499999999998
02.03.2025 06:45;0,03490875
02.03.2025 07:00;0,046544999999999996
02.03.2025 07:15;0,060411999999999993
02.03.2025 07:30;0,074279
02.03.2025 07:45;0,088146
02.03.2025 08:00;0,10201299999999999
02.03.2025 08:15;0,123774
02.03.2025 08:30;0,145535
02.03.2025 08:45;0,167296
02.03.2025 09:00;0,189057
02.03.2025 09:15;0,195579
02.03.2025 09:30;0,202101
02.03.2025 09:45;0,208623
02.03.2025 10:00;0,215145
02.03.2025 10:15;0,22540716666666666
02.03.2025 10:30;0,23566933333333334
02.03.2025 10:45;0,2459315
02.03.2025 11:00;0,25619366666666665
02.03.2025 11:15;0,236003
02.03.2025 11:30;0,21581233333333333
02.03.2025 11:45;0,19562166666666667
02.03.2025 12:00;0,175431
02.03.2025 12:15;0,18554641666666666
02.03.2025 12:30;0,1956618333333333
02.03.2025 12:45;0,20577725
02.03.2025 13:00;0,21589266666666665
02.03.2025 13:15;0,20591158333333331
02.03.2025 13:30;0,1959305
02.03.2025 13:45;0,18594941666666667
02.03.2025 14:00;0,17596833333333334
02.03.2025 14:15;0,15684808333333333
02.03.2025 14:30;0,13772783333333333
02.03.2025 14:45;0,11860758333333332
02.03.2025 15:00;0,09948733333333333
02.03.2025 15:15;0,08575775
02.03.2025 15:30;0,07202816666666667
02.03.2025 15:45;0,05829858333333333
02.03.2025 16:00;0,044569
02.03.2025 16:15;0,03342675
02.03.2025 16:30;0,0222845
02.03.2025 16:45;0,01114225
02.03.2025 17:00;0,0
02.03.2025 17:15;0,0
02.03.2025 17:30;0,0
02.03.2025 17:45;0,0
02.03.2025 18:00;0,0
02.03.2025 18:15;0,0
02.03.2025 18:30;0,0
02.03.2025 18:45;0,0
02.03.2025 19:00;0,0
02.03.2025 19:15;0,0
02.03.2025 19:30;0,0
02.03.2025 19:45;0,0
02.03.2025 20:00;0,0
02.03.2025 20:15;0,0
02.03.2025 20:30;0,0
02.03.2025 20:45;0,0
02.03.2025 21:00;0,0
02.03.2025 21:15;0,0
02.03.2025 21:30;0,0
02.03.2025 21:45;0,0
02.03.2025 22:00;0,0
02.03.2025 22:15;0,0
02.03.2025 22:30;0,0
02.03.2025 22:45;0,0
02.03.2025 23:00;0,0
02.03.2025 23:15;0,0
02.03.2025 23:30;0,0
02.03.2025 23:45;0,0
03.03.2025 00:00;0,0
03.03.2025 00:15;0,0
03.03.2025 00:30;0,0
03.03.2025 00:45;0,0
03.03.2025 01:00;0,0
03.03.2025 01:15;0,0
03.03.2025 01:30;0,0
03.03.2025 01:45;0,0
03.03.2025 02:00;0,0
03.03.2025 02:15;0,0
03.03.2025 02:30;0,0
03.03.2025 02:45;0,0
03.03.2025 03:00;0,0
03.03.2025 03:15;0,0
03.03.2025 03:30;0,0
03.03.2025 03:45;0,0
03.03.2025 04:00;0,0
03.03.2025 04:15;0,0
03.03.2025 04:30;0,0
03.03.2025 04:45;0,0
03.03.2025 05:00;0,0
03.03.2025 05:15;0,0
03.03.2025 05:30;0,0
03.03.2025 05:45;0,0
03.03.2025 06:00;0,0
03.03.2025 06:15;0,020563333333333333
03.03.2025 06:30;0,041126666666666666
03.03.2025 06:45;0,06169
03.03.2025 07:00;0,08225333333333333
03.03.2025 07:15;0,11658208333333332
03.03.2025 07:30;0,15091083333333333
03.03.2025 07:45;0,1852395833333333
03.03.2025 08:00;0,2195683333333333
03.03.2025 08:15;0,24915374999999998
03.03.2025 08:30;0,27873916666666665
03.03.2025 08:45;0,30832458333333335
03.03.2025 09:00;0,33791
03.03.2025 09:15;0,34861033333333336
03.03.2025 09:30;0,35931066666666667
03.03.2025 09:45;0,370011
03.03.2025 10:00;0,38071133333333335
03.03.2025 10:15;0,38593041666666666
03.03.2025 10:30;0,39114950000000004
03.03.2025 10:45;0,39636858333333336
03.03.2025 11:00;0,4015876666666667
03.03.2025 11:15;0,38365041666666666
03.03.2025 11:30;0,36571316666666664
03.03.2025 11:45;0,3477759166666667
03.03.2025 12:00;0,32983866666666667
03.03.2025 12:15;0,31957091666666665
03.03.2025 12:30;0,3093031666666667
03.03.2025 12:45;0,29903541666666666
03.03.2025 13:00;0,28876766666666664
03.03.2025 13:15;0,26912149999999996
03.03.2025 13:30;0,24947533333333333
03.03.2025 13:45;0,22982916666666664
03.03.2025 14:00;0,21018299999999998
03.03.2025 14:15;0,1899370833333333
03.03.2025 14:30;0,16969116666666667
03.03.2025 14:45;0,14944525
03.03.2025 15:00;0,12919933333333333
03.03.2025 15:15;0,11032883333333333
03.03.2025 15:30;0,09145833333333334
03.03.2025 15:45;0,07258783333333335
03.03.2025 16:00;0,05371733333333333
03.03.2025 16:15;0,040288
03.03.2025 16:30;0,026858666666666666
03.03.2025 16:45;0,013429333333333328
03.03.2025 17:00;0,0
03.03.2025 17:15;0,0
03.03.2025 17:30;0,0
03.03.2025 17:45;0,0
03.03.2025 18:00;0,0
03.03.2025 18:15;0,0
03.03.2025 18:30;0,0
03.03.2025 18:45;0,0
03.03.2025 19:00;0,0
03.03.2025 19:15;0,0
03.03.2025 19:30;0,0
03.03.2025 19:45;0,0
03.03.2025 20:00;0,0
03.03.2025 20:15;0,0
03.03.2025 20:30;0,0
03.03.2025 20:45;0,0
03.03.2025 21:00;0,0
03.03.2025 21:15;0,0
03.03.2025 21:30;0,0
03.03.2025 21:45;0,0
03.03.2025 22:00;0,0
03.03.2025 22:15;0,0
03.03.2025 22:30;0,0
03.03.2025 22:45;0,0
03.03.2025 23:00;0,0
03.03.2025 23:15;0,0
03.03.2025 23:30;0,0
03.03.2025 23:45;0,0
04.03.2025 00:00;0,0
04.03.2025 00:15;0,0
04.03.2025 00:30;0,0
04.03.2025 00:45;0,0
04.03.2025 01:00;0,0
04.03.2025 01:15;0,0
04.03.2025 01:30;0,0
04.03.2025 01:45;0,0
04.03.2025 02:00;0,0
04.03.2025 02:15;0,0
04.03.2025 02:30;0,0
04.03.2025 02:45;0,0
04.03.2025 03:00;0,0
04.03.2025 03:15;0,0
04.03.2025 03:30;0,0
04.03.2025 03:45;0,0
04.03.2025 04:00;0,0
04.03.2025 04:15;0,0
04.03.2025 04:30;0,0
04.03.2025 04:45;0,0
04.03.2025 05:00;0,0
04.03.2025 05:15;0,0
04.03.2025 05:30;0,0
04.03.2025 05:45;0,0
04.03.2025 06:00;0,0
04.03.2025 06:15;0,013728666666666667
04.03.2025 06:30;0,027457333333333334
04.03.2025 06:45;0,041186
04.03.2025 07:00;0,05491466666666667
04.03.2025 07:15;0,08135583333333334
04.03.2025 07:30;0,107797
04.03.2025 07:45;0,13423816666666666
04.03.2025 08:00;0,16067933333333334
04.03.2025 08:15;0,18917008333333335
04.03.2025 08:30;0,21766083333333333
04.03.2025 08:45;0,24615158333333334
04.03.2025 09:00;0,2746423333333333
04.03.2025 09:15;0,29183566666666666
04.03.2025 09:30;0,309029
04.03.2025 09:45;0,32622233333333334
04.03.2025 10:00;0,3434156666666667
04.03.2025 10:15;0,34571725
04.03.2025 10:30;0,34801883333333333
04.03.2025 10:45;0,3503204166666667
04.03.2025 11:00;0,352622
04.03.2025 11:15;0,3432065833333333
04.03.2025 11:30;0,33379116666666664
04.03.2025 11:45;0,32437575
04.03.2025 12:00;0,31496033333333334
04.03.2025 12:15;0,3143660833333333
04.03.2025 12:30;0,31377183333333336
04.03.2025 12:45;0,31317758333333334
04.03.2025 13:00;0,3125833333333333
04.03.2025 13:15;0,30571675
04.03.2025 13:30;0,29885016666666664
04.03.2025 13:45;0,2919835833333333
04.03.2025 14:00;0,28511699999999995
04.03.2025 14:15;0,2566840833333333
04.03.2025 14:30;0,22825116666666664
04.03.2025 14:45;0,19981824999999998
04.03.2025 15:00;0,17138533333333333
04.03.2025 15:15;0,15033708333333334
04.03.2025 15:30;0,12928883333333333
04.03.2025 15:45;0,10824058333333333
04.03.2025 16:00;0,08719233333333333
04.03.2025 16:15;0,06539425
04.03.2025 16:30;0,043596166666666665
04.03.2025 16:45;0,02179808333333333
04.03.2025 17:00;0,0
04.03.2025 17:15;0,0
04.03.2025 17:30;0,0
04.03.2025 17:45;0,0
04.03.2025 18:00;0,0
04.03.2025 18:15;0,0
04.03.2025 18:30;0,0
04.03.2025 18:45;0,0
04.03.2025 19:00;0,0
04.03.2025 19:15;0,0
04.03.2025 19:30;0,0
04.03.2025 19:45;0,0
04.03.2025 20:00;0,0
04.03.2025 20:15;0,0
04.03.2025 20:30;0,0
04.03.2025 20:45;0,0
04.03.2025 21:00;0,0
04.03.2025 21:15;0,0
04.03.2025 21:30;0,0
04.03.2025 21:45;0,0
04.03.2025 22:00;0,0
04.03.2025 22:15;0,0
04.03.2025 22:30;0,0
04.03.2025 22:45;0,0
04.03.2025 23:00;0,0
04.03.2025 23:15;0,0
04.03.2025 23:30;0,0
04.03.2025 23:45;0,0
05.03.2025 00:00;0,0
05.03.2025 00:15;0,0
05.03.2025 00:30;0,0
05.03.2025 00:45;0,0
05.03.2025 01:00;0,0
05.03.2025 01:15;0,0
05.03.2025 01:30;0,0
05.03.2025 01:45;0,0
05.03.2025 02:00;0,0
05.03.2025 02:15;0,0
05.03.2025 02:30;0,0
05.03.2025 02:45;0,0
05.03.2025 03:00;0,0
05.03.2025 03:15;0,0
05.03.2025 03:30;0,0
05.03.2025 03:45;0,0
05.03.2025 04:00;0,0
05.03.2025 04:15;0,0
05.03.2025 04:30;0,0
05.03.2025 04:45;0,0
05.03.2025 05:00;0,0
05.03.2025 05:15;0,0
05.03.2025 05:30;0,0
05.03.2025 05:45;0,0
05.03.2025 06:00;0,0
05.03.2025 06:15;0,02326975
05.03.2025 06:30;0,0465395
05.03.2025 06:45;0,06980924999999999
05.03.2025 07:00;0,093079
05.03.2025 07:15;0,11930608333333333
05.03.2025 07:30;0,14553316666666666
05.03.2025 07:45;0,17176025
05.03.2025 08:00;0,19798733333333332
05.03.2025 08:15;0,21893216666666665
05.03.2025 08:30;0,239877
05.03.2025 08:45;0,2608218333333333
05.03.2025 09:00;0,28176666666666667
05.03.2025 09:15;0,30066366666666666
05.03.2025 09:30;0,3195606666666667
05.03.2025 09:45;0,3384576666666667
05.03.2025 10:00;0,3573546666666667
05.03.2025 10:15;0,36830550000000006
05.03.2025 10:30;0,37925633333333336
05.03.2025 10:45;0,39020716666666666
05.03.2025 11:00;0,401158
05.03.2025 11:15;0,38526
05.03.2025 11:30;0,36936199999999997
05.03.2025 11:45;0,353464
05.03.2025 12:00;0,337566
05.03.2025 12:15;0,3323245833333333
05.03.2025 12:30;0,3270831666666667
05.03.2025 12:45;0,32184175000000004
05.03.2025 13:00;0,3166003333333334
05.03.2025 13:15;0,2927076666666667
05.03.2025 13:30;0,268815
05.03.2025 13:45;0,24492233333333333
05.03.2025 14:00;0,22102966666666665
05.03.2025 14:15;0,19935391666666666
05.03.2025 14:30;0,17767816666666664
05.03.2025 14:45;0,15600241666666664
05.03.2025 15:00;0,13432666666666665
05.03.2025 15:15;0,11517058333333333
05.03.2025 15:30;0,09601449999999999
05.03.2025 15:45;0,07685841666666665
05.03.2025 16:00;0,05770233333333333
05.03.2025 16:15;0,043276749999999996
05.03.2025 16:30;0,02885116666666666
05.03.2025 16:45;0,014425583333333332
05.03.2025 17:00;0,0
05.03.2025 17:15;0,0
05.03.2025 17:30;0,0
05.03.2025 17:45;0,0
05.03.2025 18:00;0,0
05.03.2025 18:15;0,0
05.03.2025 18:30;0,0
05.03.2025 18:45;0,0
05.03.2025 19:00;0,0
05.03.2025 19:15;0,0
05.03.2025 19:30;0,0
05.03.2025 19:45;0,0
05.03.2025 20:00;0,0
05.03.2025 20:15;0,0
05.03.2025 20:30;0,0
05.03.2025 20:45;0,0
05.03.2025 21:00;0,0
05.03.2025 21:15;0,0
05.03.2025 21:30;0,0
05.03.2025 21:45;0,0
05.03.2025 22:00;0,0
05.03.2025 22:15;0,0
05.03.2025 22:30;0,0
05.03.2025 22:45;0,0
05.03.2025 23:00;0,0
05.03.2025 23:15;0,0
05.03.2025 23:30;0,0
05.03.2025 23:45;0,0
06.03.2025 00:00;0,0
06.03.2025 00:15;0,0
06.03.2025 00:30;0,0
06.03.2025 00:45;0,0
06.03.2025 01:00;0,0
06.03.2025 01:15;0,0
06.03.2025 01:30;0,0
06.03.2025 01:45;0,0
06.03.2025 02:00;0,0
06.03.2025 02:15;0,0
06.03.2025 02:30;0,0
06.03.2025 02:45;0,0
06.03.2025 03:00;0,0
06.03.2025 03:15;0,0
06.03.2025 03:30;0,0
06.03.2025 03:45;0,0
06.03.2025 04:00;0,0
06.03.2025 04:15;0,0
06.03.2025 04:30;0,0
06.03.2025 04:45;0,0
06.03.2025 05:00;0,0
06.03.2025 05:15;0,0
06.03.2025 05:30;0,0
06.03.2025 05:45;0,0
06.03.2025 06:00;0,0
06.03.2025 06:15;0,015209083333333335
06.03.2025 06:30;0,03041816666666667
06.03.2025 06:45;0,04562725
06.03.2025 07:00;0,06083633333333333
06.03.2025 07:15;0,08733774999999999
06.03.2025 07:30;0,11383916666666666
06.03.2025 07:45;0,14034058333333332
06.03.2025 08:00;0,166842
06.03.2025 08:15;0,17127791666666664
06.03.2025 08:30;0,17571383333333332
06.03.2025 08:45;0,18014975
06.03.2025 09:00;0,18458566666666665
06.03.2025 09:15;0,2064258333333333
06.03.2025 09:30;0,228266
06.03.2025 09:45;0,2501061666666667
06.03.2025 10:00;0,27194633333333335
06.03.2025 10:15;0,26609175
06.03.2025 10:30;0,2602371666666667
06.03.2025 10:45;0,25438258333333336
06.03.2025 11:00;0,248528
06.03.2025 11:15;0,23118483333333334
06.03.2025 11:30;0,21384166666666665
06.03.2025 11:45;0,19649849999999996
06.03.2025 12:00;0,1791553333333333
06.03.2025 12:15;0,18116924999999998
06.03.2025 12:30;0,18318316666666665
06.03.2025 12:45;0,18519708333333332
06.03.2025 13:00;0,187211
06.03.2025 13:15;0,1737310833333333
06.03.2025 13:30;0,16025116666666667
06.03.2025 13:45;0,14677125
06.03.2025 14:00;0,13329133333333334
06.03.2025 14:15;0,12394391666666668
06.03.2025 14:30;0,11459650000000002
06.03.2025 14:45;0,10524908333333334
06.03.2025 15:00;0,09590166666666668
06.03.2025 15:15;0,08342783333333334
06.03.2025 15:30;0,070954
06.03.2025 15:45;0,05848016666666667
06.03.2025 16:00;0,04600633333333334
06.03.2025 16:15;0,03450475
06.03.2025 16:30;0,02300316666666667
06.03.2025 16:45;0,011501583333333336
06.03.2025 17:00;0,0
06.03.2025 17:15;0,0
06.03.2025 17:30;0,0
06.03.2025 17:45;0,0
06.03.2025 18:00;0,0
06.03.2025 18:15;0,0
06.03.2025 18:30;0,0
06.03.2025 18:45;0,0
06.03.2025 19:00;0,0
06.03.2025 19:15;0,0
06.03.2025 19:30;0,0
06.03.2025 19:45;0,0
06.03.2025 20:00;0,0
06.03.2025 20:15;0,0
06.03.2025 20:30;0,0
06.03.2025 20:45;0,0
06.03.2025 21:00;0,0
06.03.2025 21:15;0,0
06.03.2025 21:30;0,0
06.03.2025 21:45;0,0
06.03.2025 22:00;0,0
06.03.2025 22:15;0,0
06.03.2025 22:30;0,0
06.03.2025 22:45;0,0
06.03.2025 23:00;0,0
06.03.2025 23:15;0,0
06.03.2025 23:30;0,0
06.03.2025 23:45;0,0
07.03.2025 00:00;0,0
07.03.2025 00:15;0,0
07.03.2025 00:30;0,0
07.03.2025 00:45;0,0
07.03.2025 01:00;0,0
07.03.2025 01:15;0,0
07.03.2025 01:30;0,0
07.03.2025 01:45;0,0
07.03.2025 02:00;0,0
07.03.2025 02:15;0,0
07.03.2025 02:30;0,0
07.03.2025 02:45;0,0
07.03.2025 03:00;0,0
07.03.2025 03:15;0,0
07.03.2025 03:30;0,0
07.03.2025 03:45;0,0
07.03.2025 04:00;0,0
07.03.2025 04:15;0,0
07.03.2025 04:30;0,0
07.03.2025 04:45;0,0
07.03.2025 05:00;0,0
07.03.2025 05:15;9,499999999999999e-06
07.03.2025 05:30;1,8999999999999998e-05
07.03.2025 05:45;2,8499999999999998e-05
07.03.2025 06:00;3,7999999999999995e-05
07.03.2025 06:15;0,017787583333333332
07.03.2025 06:30;0,03553716666666667
07.03.2025 06:45;0,05328675
07.03.2025 07:00;0,07103633333333333
07.03.2025 07:15;0,10599283333333333
07.03.2025 07:30;0,14094933333333332
07.03.2025 07:45;0,17590583333333332
07.03.2025 08:00;0,21086233333333335
07.03.2025 08:15;0,2303215
07.03.2025 08:30;0,2497806666666667
07.03.2025 08:45;0,26923983333333334
07.03.2025 09:00;0,28869900000000004
07.03.2025 09:15;0,2847191666666667
07.03.2025 09:30;0,28073933333333334
07.03.2025 09:45;0,2767595
07.03.2025 10:00;0,27277966666666664
07.03.2025 10:15;0,2931668333333333
07.03.2025 10:30;0,313554
07.03.2025 10:45;0,3339411666666667
07.03.2025 11:00;0,35432833333333336
07.03.2025 11:15;0,33207183333333334
07.03.2025 11:30;0,30981533333333333
07.03.2025 11:45;0,2875588333333334
07.03.2025 12:00;0,26530233333333336
07.03.2025 12:15;0,2804256666666667
07.03.2025 12:30;0,29554900000000006
07.03.2025 12:45;0,3106723333333334
07.03.2025 13:00;0,3257956666666667
07.03.2025 13:15;0,3366401666666667
07.03.2025 13:30;0,34748466666666666
07.03.2025 13:45;0,3583291666666667
07.03.2025 14:00;0,3691736666666667
07.03.2025 14:15;0,3338603333333333
07.03.2025 14:30;0,298547
07.03.2025 14:45;0,2632336666666667
07.03.2025 15:00;0,22792033333333334
07.03.2025 15:15;0,19813758333333334
07.03.2025 15:30;0,16835483333333334
07.03.2025 15:45;0,13857208333333332
07.03.2025 16:00;0,10878933333333334
07.03.2025 16:15;0,081592
07.03.2025 16:30;0,054394666666666674
07.03.2025 16:45;0,027197333333333337
07.03.2025 17:00;0,0
07.03.2025 17:15;0,0
07.03.2025 17:30;0,0
07.03.2025 17:45;0,0
07.03.2025 18:00;0,0
07.03.2025 18:15;0,0
07.03.2025 18:30;0,0
07.03.2025 18:45;0,0
07.03.2025 19:00;0,0
07.03.2025 19:15;0,0
07.03.2025 19:30;0,0
07.03.2025 19:45;0,0
07.03.2025 20:00;0,0
07.03.2025 20:15;0,0
07.03.2025 20:30;0,0
07.03.2025 20:45;0,0
07.03.2025 21:00;0,0
07.03.2025 21:15;0,0
07.03.2025 21:30;0,0
07.03.2025 21:45;0,0
07.03.2025 22:00;0,0
07.03.2025 22:15;0,0
07.03.2025 22:30;0,0
07.03.2025 22:45;0,0
07.03.2025 23:00;0,0
07.03.2025 23:15;0,0
07.03.2025 23:30;0,0
07.03.2025 23:45;0,0
08.03.2025 00:00;0,0
08.03.2025 00:15;0,0
08.03.2025 00:30;0,0
08.03.2025 00:45;0,0
08.03.2025 01:00;0,0
08.03.2025 01:15;0,0
08.03.2025 01:30;0,0
08.03.2025 01:45;0,0
08.03.2025 02:00;0,0
08.03.2025 02:15;0,0
08.03.2025 02:30;0,0
08.03.2025 02:45;0,0
08.03.2025 03:00;0,0
08.03.2025 03:15;0,0
08.03.2025 03:30;0,0
08.03.2025 03:45;0,0
08.03.2025 04:00;0,0
08.03.2025 04:15;0,0
08.03.2025 04:30;0,0
08.03.2025 04:45;0,0
08.03.2025 05:00;0,0
08.03.2025 05:15;1,3666666666666666e-05
08.03.2025 05:30;2,733333333333333e-05
08.03.2025 05:45;4,1e-05
08.03.2025 06:00;5,466666666666666e-05
08.03.2025 06:15;0,018383750000000004
08.03.2025 06:30;0,03671283333333334
08.03.2025 06:45;0,05504191666666668
08.03.2025 07:00;0,073371
08.03.2025 07:15;0,10843133333333334
08.03.2025 07:30;0,14349166666666668
08.03.2025 07:45;0,178552
08.03.2025 08:00;0,21361233333333335
08.03.2025 08:15;0,23390983333333334
08.03.2025 08:30;0,25420733333333334
08.03.2025 08:45;0,2745048333333333
08.03.2025 09:00;0,29480233333333333
08.03.2025 09:15;0,31113525
08.03.2025 09:30;0,32746816666666667
08.03.2025 09:45;0,34380108333333337
08.03.2025 10:00;0,360134
08.03.2025 10:15;0,3673498333333334
08.03.2025 10:30;0,3745656666666667
08.03.2025 10:45;0,3817815
08.03.2025 11:00;0,38899733333333336
08.03.2025 11:15;0,37794975000000003
08.03.2025 11:30;0,3669021666666667
08.03.2025 11:45;0,35585458333333336
08.03.2025 12:00;0,34480700000000003
08.03.2025 12:15;0,34487475
08.03.2025 12:30;0,34494250000000004
08.03.2025 12:45;0,34501025
08.03.2025 13:00;0,345078
08.03.2025 13:15;0,33402241666666665
08.03.2025 13:30;0,3229668333333333
08.03.2025 13:45;0,31191125000000003
08.03.2025 14:00;0,3008556666666667
08.03.2025 14:15;0,27780475000000004
08.03.2025 14:30;0,25475383333333335
08.03.2025 14:45;0,23170291666666668
08.03.2025 15:00;0,208652
08.03.2025 15:15;0,17980491666666668
08.03.2025 15:30;0,15095783333333335
08.03.2025 15:45;0,12211074999999999
08.03.2025 16:00;0,09326366666666666
08.03.2025 16:15;0,06996066666666667
08.03.2025 16:30;0,04665766666666667
08.03.2025 16:45;0,023354666666666662
08.03.2025 17:00;5,1666666666666664e-05
08.03.2025 17:15;3,875e-05
08.03.2025 17:30;2,5833333333333332e-05
08.03.2025 17:45;1,2916666666666671e-05
08.03.2025 18:00;0,0
08.03.2025 18:15;0,0
08.03.2025 18:30;0,0
08.03.2025 18:45;0,0
08.03.2025 19:00;0,0
08.03.2025 19:15;0,0
08.03.2025 19:30;0,0
08.03.2025 19:45;0,0
08.03.2025 20:00;0,0
08.03.2025 20:15;0,0
08.03.2025 20:30;0,0
08.03.2025 20:45;0,0
08.03.2025 21:00;0,0
08.03.2025 21:15;0,0
08.03.2025 21:30;0,0
08.03.2025 21:45;0,0
08.03.2025 22:00;0,0
08.03.2025 22:15;0,0
08.03.2025 22:30;0,0
08.03.2025 22:45;0,0
08.03.2025 23:00;0,0
08.03.2025 23:15;0,0
08.03.2025 23:30;0,0
08.03.2025 23:45;0,0
09.03.2025 00:00;0,0
09.03.2025 00:15;0,0
09.03.2025 00:30;0,0
09.03.2025 00:45;0,0
09.03.2025 01:00;0,0
09.03.2025 01:15;0,0
09.03.2025 01:30;0,0
09.03.2025 01:45;0,0
09.03.2025 02:00;0,0
09.03.2025 02:15;0,0
09.03.2025 02:30;0,0
09.03.2025 02:45;0,0
09.03.2025 03:00;0,0
09.03.2025 03:15;0,0
09.03.2025 03:30;0,0
09.03.2025 03:45;0,0
09.03.2025 04:00;0,0
09.03.2025 04:15;0,0
09.03.2025 04:30;0,0
09.03.2025 04:45;0,0
09.03.2025 05:00;0,0
09.03.2025 05:15;5,108333333333333e-05
09.03.2025 05:30;0,00010216666666666667
09.03.2025 05:45;0,00015325
09.03.2025 06:00;0,00020433333333333333
09.03.2025 06:15;0,01059275
09.03.2025 06:30;0,020981166666666665
09.03.2025 06:45;0,03136958333333333
09.03.2025 07:00;0,041757999999999997
09.03.2025 07:15;0,081192
09.03.2025 07:30;0,12062600000000001
09.03.2025 07:45;0,16006
09.03.2025 08:00;0,199494
09.03.2025 08:15;0,2019571666666667
09.03.2025 08:30;0,20442033333333334
09.03.2025 08:45;0,2068835
09.03.2025 09:00;0,20934666666666668
09.03.2025 09:15;0,22672458333333334
09.03.2025 09:30;0,2441025
09.03.2025 09:45;0,26148041666666666
09.03.2025 10:00;0,2788583333333333
09.03.2025 10:15;0,283445
09.03.2025 10:30;0,2880316666666667
09.03.2025 10:45;0,2926183333333333
09.03.2025 11:00;0,297205
09.03.2025 11:15;0,29203941666666666
09.03.2025 11:30;0,28687383333333333
09.03.2025 11:45;0,28170825
09.03.2025 12:00;0,27654266666666666
09.03.2025 12:15;0,27978675
09.03.2025 12:30;0,28303083333333334
09.03.2025 12:45;0,2862749166666667
09.03.2025 13:00;0,289519
09.03.2025 13:15;0,2832824166666667
09.03.2025 13:30;0,2770458333333333
09.03.2025 13:45;0,27080925
09.03.2025 14:00;0,2645726666666667
09.03.2025 14:15;0,24476066666666668
09.03.2025 14:30;0,22494866666666669
09.03.2025 14:45;0,20513666666666666
09.03.2025 15:00;0,18532466666666667
09.03.2025 15:15;0,16198383333333333
09.03.2025 15:30;0,13864300000000002
09.03.2025 15:45;0,11530216666666666
09.03.2025 16:00;0,09196133333333334
09.03.2025 16:15;0,06900875000000001
09.03.2025 16:30;0,04605616666666667
09.03.2025 16:45;0,02310358333333333
09.03.2025 17:00;0,000151
09.03.2025 17:15;0,00011325000000000002
09.03.2025 17:30;7,55e-05
09.03.2025 17:45;3,775000000000001e-05
09.03.2025 18:00;0,0
09.03.2025 18:15;0,0
09.03.2025 18:30;0,0
09.03.2025 18:45;0,0
09.03.2025 19:00;0,0
09.03.2025 19:15;0,0
09.03.2025 19:30;0,0
09.03.2025 19:45;0,0
09.03.2025 20:00;0,0
09.03.2025 20:15;0,0
09.03.2025 20:30;0,0
09.03.2025 20:45;0,0
09.03.2025 21:00;0,0
09.03.2025 21:15;0,0
09.03.2025 21:30;0,0
09.03.2025 21:45;0,0
09.03.2025 22:00;0,0
09.03.2025 22:15;0,0
09.03.2025 22:30;0,0
09.03.2025 22:45;0,0
09.03.2025 23:00;0,0
09.03.2025 23:15;0,0
09.03.2025 23:30;0,0
09.03.2025 23:45;0,0
10.03.2025 00:00;0,0
10.03.2025 00:15;0,0
10.03.2025 00:30;0,0
10.03.2025 00:45;0,0
10.03.2025 01:00;0,0
10.03.2025 01:15;0,0
10.03.2025 01:30;0,0
10.03.2025 01:45;0,0
10.03.2025 02:00;0,0
10.03.2025 02:15;0,0
10.03.2025 02:30;0,0
10.03.2025 02:45;0,0
10.03.2025 03:00;0,0
10.03.2025 03:15;0,0
10.03.2025 03:30;0,0
10.03.2025 03:45;0,0
10.03.2025 04:00;0,0
10.03.2025 04:15;0,0
10.03.2025 04:30;0,0
10.03.2025 04:45;0,0
10.03.2025 05:00;0,0
10.03.2025 05:15;0,0001920833333333333
10.03.2025 05:30;0,0003841666666666666
10.03.2025 05:45;0,0005762499999999999
10.03.2025 06:00;0,0007683333333333332
10.03.2025 06:15;0,023013166666666664
10.03.2025 06:30;0,045258
10.03.2025 06:45;0,06750283333333332
10.03.2025 07:00;0,08974766666666666
10.03.2025 07:15;0,11727208333333333
10.03.2025 07:30;0,1447965
10.03.2025 07:45;0,17232091666666666
10.03.2025 08:00;0,19984533333333332
10.03.2025 08:15;0,2177258333333333
10.03.2025 08:30;0,2356063333333333
10.03.2025 08:45;0,25348683333333333
10.03.2025 09:00;0,2713673333333333
10.03.2025 09:15;0,28629841666666667
10.03.2025 09:30;0,3012295
10.03.2025 09:45;0,31616058333333336
10.03.2025 10:00;0,3310916666666667
10.03.2025 10:15;0,33958125
10.03.2025 10:30;0,34807083333333333
10.03.2025 10:45;0,35656041666666666
10.03.2025 11:00;0,36505
10.03.2025 11:15;0,3604339166666667
10.03.2025 11:30;0,35581783333333333
10.03.2025 11:45;0,35120175
10.03.2025 12:00;0,3465856666666667
10.03.2025 12:15;0,35094441666666665
10.03.2025 12:30;0,35530316666666667
10.03.2025 12:45;0,3596619166666667
10.03.2025 13:00;0,36402066666666666
10.03.2025 13:15;0,34891625
10.03.2025 13:30;0,3338118333333333
10.03.2025 13:45;0,3187074166666667
10.03.2025 14:00;0,303603
10.03.2025 14:15;0,28721675
10.03.2025 14:30;0,27083050000000003
10.03.2025 14:45;0,25444425000000004
10.03.2025 15:00;0,23805800000000002
10.03.2025 15:15;0,2090576666666667
10.03.2025 15:30;0,18005733333333335
10.03.2025 15:45;0,151057
10.03.2025 16:00;0,12205666666666667
10.03.2025 16:15;0,09163766666666667
10.03.2025 16:30;0,061218666666666664
10.03.2025 16:45;0,030799666666666656
10.03.2025 17:00;0,00038066666666666663
10.03.2025 17:15;0,00028549999999999995
10.03.2025 17:30;0,00019033333333333332
10.03.2025 17:45;9,516666666666663e-05
10.03.2025 18:00;0,0
10.03.2025 18:15;0,0
10.03.2025 18:30;0,0
10.03.2025 18:45;0,0
10.03.2025 19:00;0,0
10.03.2025 19:15;0,0
10.03.2025 19:30;0,0
10.03.2025 19:45;0,0
10.03.2025 20:00;0,0
10.03.2025 20:15;0,0
10.03.2025 20:30;0,0
10.03.2025 20:45;0,0
10.03.2025 21:00;0,0
10.03.2025 21:15;0,0
10.03.2025 21:30;0,0
10.03.2025 21:45;0,0
10.03.2025 22:00;0,0
10.03.2025 22:15;0,0
10.03.2025 22:30;0,0
10.03.2025 22:45;0,0
10.03.2025 23:00;0,0
10.03.2025 23:15;0,0
10.03.2025 23:30;0,0
10.03.2025 23:45;0,0
11.03.2025 00:00;0,0
11.03.2025 00:15;0,0
11.03.2025 00:30;0,0
11.03.2025 00:45;0,0
11.03.2025 01:00;0,0
11.03.2025 01:15;0,0
11.03.2025 01:30;0,0
11.03.2025 01:45;0,0
11.03.2025 02:00;0,0
11.03.2025 02:15;0,0
11.03.2025 02:30;0,0
11.03.2025 02:45;0,0
11.03.2025 03:00;0,0
11.03.2025 03:15;0,0
11.03.2025 03:30;0,0
11.03.2025 03:45;0,0
11.03.2025 04:00;0,0
11.03.2025 04:15;0,0
11.03.2025 04:30;0,0
11.03.2025 04:45;0,0
11.03.2025 05:00;0,0
11.03.2025 05:15;0,0005593333333333333
11.03.2025 05:30;0,0011186666666666667
11.03.2025 05:45;0,001678
11.03.2025 06:00;0,0022373333333333334
11.03.2025 06:15;0,029110083333333335
11.03.2025 06:30;0,055982833333333336
11.03.2025 06:45;0,08285558333333333
11.03.2025 07:00;0,10972833333333334
11.03.2025 07:15;0,13729933333333333
11.03.2025 07:30;0,16487033333333334
11.03.2025 07:45;0,19244133333333335
11.03.2025 08:00;0,22001233333333334
11.03.2025 08:15;0,24426641666666665
11.03.2025 08:30;0,2685205
11.03.2025 08:45;0,2927745833333333
11.03.2025 09:00;0,3170286666666666
11.03.2025 09:15;0,32817925
11.03.2025 09:30;0,33932983333333333
11.03.2025 09:45;0,3504804166666666
11.03.2025 10:00;0,361631
11.03.2025 10:15;0,36124124999999996
11.03.2025 10:30;0,3608515
11.03.2025 10:45;0,36046175
11.03.2025 11:00;0,360072
11.03.2025 11:15;0,3619503333333333
11.03.2025 11:30;0,3638286666666667
11.03.2025 11:45;0,365707
11.03.2025 12:00;0,3675853333333333
11.03.2025 12:15;0,35467266666666664
11.03.2025 12:30;0,34175999999999995
11.03.2025 12:45;0,3288473333333333
11.03.2025 13:00;0,31593466666666664
11.03.2025 13:15;0,30417241666666667
11.03.2025 13:30;0,29241016666666664
11.03.2025 13:45;0,28064791666666666
11.03.2025 14:00;0,2688856666666667
11.03.2025 14:15;0,24463358333333335
11.03.2025 14:30;0,2203815
11.03.2025 14:45;0,19612941666666667
11.03.2025 15:00;0,17187733333333333
11.03.2025 15:15;0,15239933333333333
11.03.2025 15:30;0,13292133333333334
11.03.2025 15:45;0,11344333333333333
11.03.2025 16:00;0,09396533333333333
11.03.2025 16:15;0,07067733333333333
11.03.2025 16:30;0,04738933333333333
11.03.2025 16:45;0,024101333333333336
11.03.2025 17:00;0,0008133333333333332
11.03.2025 17:15;0,0006099999999999999
11.03.2025 17:30;0,0004066666666666666
11.03.2025 17:45;0,00020333333333333325
11.03.2025 18:00;0,0
11.03.2025 18:15;0,0
11.03.2025 18:30;0,0
11.03.2025 18:45;0,0
11.03.2025 19:00;0,0
11.03.2025 19:15;0,0
11.03.2025 19:30;0,0
11.03.2025 19:45;0,0
11.03.2025 20:00;0,0
11.03.2025 20:15;0,0
11.03.2025 20:30;0,0
11.03.2025 20:45;0,0
11.03.2025 21:00;0,0
11.03.2025 21:15;0,0
11.03.2025 21:30;0,0
11.03.2025 21:45;0,0
11.03.2025 22:00;0,0
11.03.2025 22:15;0,0
11.03.2025 22:30;0,0
11.03.2025 22:45;0,0
11.03.2025 23:00;0,0
11.03.2025 23:15;0,0
11.03.2025 23:30;0,0
11.03.2025 23:45;0,0
12.03.2025 00:00;0,0
12.03.2025 00:15;0,0
12.03.2025 00:30;0,0
12.03.2025 00:45;0,0
12.03.2025 01:00;0,0
12.03.2025 01:15;0,0
12.03.2025 01:30;0,0
12.03.2025 01:45;0,0
12.03.2025 02:00;0,0
12.03.2025 02:15;0,0
12.03.2025 02:30;0,0
12.03.2025 02:45;0,0
12.03.2025 03:00;0,0
12.03.2025 03:15;0,0
12.03.2025 03:30;0,0
12.03.2025 03:45;0,0
12.03.2025 04:00;0,0
12.03.2025 04:15;0,0
12.03.2025 04:30;0,0
12.03.2025 04:45;0,0
12.03.2025 05:00;0,0
12.03.2025 05:15;0,0010074166666666667
12.03.2025 05:30;0,0020148333333333333
12.03.2025 05:45;0,00302225
12.03.2025 06:00;0,004029666666666667
12.03.2025 06:15;0,03559383333333334
12.03.2025 06:30;0,06715800000000001
12.03.2025 06:45;0,09872216666666668
12.03.2025 07:00;0,13028633333333334
12.03.2025 07:15;0,16164008333333335
12.03.2025 07:30;0,19299383333333334
12.03.2025 07:45;0,22434758333333332
12.03.2025 08:00;0,25570133333333334
12.03.2025 08:15;0,276125
12.03.2025 08:30;0,2965486666666667
12.03.2025 08:45;0,3169723333333333
12.03.2025 09:00;0,337396
12.03.2025 09:15;0,34639991666666664
12.03.2025 09:30;0,35540383333333336
12.03.2025 09:45;0,36440775000000003
12.03.2025 10:00;0,3734116666666667
12.03.2025 10:15;0,37294225000000003
12.03.2025 10:30;0,37247283333333336
12.03.2025 10:45;0,37200341666666664
12.03.2025 11:00;0,371534
12.03.2025 11:15;0,36446349999999994
12.03.2025 11:30;0,35739299999999996
12.03.2025 11:45;0,3503225
12.03.2025 12:00;0,34325199999999995
12.03.2025 12:15;0,3498790833333333
12.03.2025 12:30;0,3565061666666667
12.03.2025 12:45;0,36313325
12.03.2025 13:00;0,36976033333333336
12.03.2025 13:15;0,35157175
12.03.2025 13:30;0,3333831666666667
12.03.2025 13:45;0,31519458333333333
12.03.2025 14:00;0,297006
12.03.2025 14:15;0,2765634166666667
12.03.2025 14:30;0,25612083333333335
12.03.2025 14:45;0,23567824999999998
12.03.2025 15:00;0,21523566666666666
12.03.2025 15:15;0,18573325
12.03.2025 15:30;0,15623083333333332
12.03.2025 15:45;0,12672841666666668
12.03.2025 16:00;0,097226
12.03.2025 16:15;0,07325100000000001
12.03.2025 16:30;0,049276
12.03.2025 16:45;0,02530099999999999
12.03.2025 17:00;0,0013260000000000001
12.03.2025 17:15;0,0009945000000000002
12.03.2025 17:30;0,0006630000000000001
12.03.2025 17:45;0,0003315
12.03.2025 18:00;0,0
12.03.2025 18:15;0,0
12.03.2025 18:30;0,0
12.03.2025 18:45;0,0
12.03.2025 19:00;0,0
12.03.2025 19:15;0,0
12.03.2025 19:30;0,0
12.03.2025 19:45;0,0
12.03.2025 20:00;0,0
12.03.2025 20:15;0,0
12.03.2025 20:30;0,0
12.03.2025 20:45;0,0
12.03.2025 21:00;0,0
12.03.2025 21:15;0,0
12.03.2025 21:30;0,0
12.03.2025 21:45;0,0
12.03.2025 22:00;0,0
12.03.2025 22:15;0,0
12.03.2025 22:30;0,0
12.03.2025 22:45;0,0
12.03.2025 23:00;0,0
12.03.2025 23:15;0,0
12.03.2025 23:30;0,0
12.03.2025 23:45;0,0
13.03.2025 00:00;0,0
13.03.2025 00:15;0,0
13.03.2025 00:30;0,0
13.03.2025 00:45;0,0
13.03.2025 01:00;0,0
13.03.2025 01:15;0,0
13.03.2025 01:30;0,0
13.03.2025 01:45;0,0
13.03.2025 02:00;0,0
13.03.2025 02:15;0,0
13.03.2025 02:30;0,0
13.03.2025 02:45;0,0
13.03.2025 03:00;0,0
13.03.2025 03:15;0,0
13.03.2025 03:30;0,0
13.03.2025 03:45;0,0
13.03.2025 04:00;0,0
13.03.2025 04:15;0,0
13.03.2025 04:30;0,0
13.03.2025 04:45;0,0
13.03.2025 05:00;0,0
13.03.2025 05:15;0,00114675
13.03.2025 05:30;0,0022935
13.03.2025 05:45;0,0034402499999999997
13.03.2025 06:00;0,004587
13.03.2025 06:15;0,029303333333333334
13.03.2025 06:30;0,05401966666666667
13.03.2025 06:45;0,078736
13.03.2025 07:00;0,10345233333333333
13.03.2025 07:15;0,12992375
13.03.2025 07:30;0,15639516666666667
13.03.2025 07:45;0,18286658333333333
13.03.2025 08:00;0,209338
13.03.2025 08:15;0,22662758333333333
13.03.2025 08:30;0,24391716666666663
13.03.2025 08:45;0,26120675
13.03.2025 09:00;0,2784963333333333
13.03.2025 09:15;0,28597999999999996
13.03.2025 09:30;0,2934636666666666
13.03.2025 09:45;0,30094733333333334
13.03.2025 10:00;0,308431
13.03.2025 10:15;0,321841
13.03.2025 10:30;0,335251
13.03.2025 10:45;0,348661
13.03.2025 11:00;0,36207100000000003
13.03.2025 11:15;0,3581870833333334
13.03.2025 11:30;0,3543031666666667
13.03.2025 11:45;0,35041925
13.03.2025 12:00;0,34653533333333336
13.03.2025 12:15;0,34860075
13.03.2025 12:30;0,35066616666666667
13.03.2025 12:45;0,3527315833333333
13.03.2025 13:00;0,354797
13.03.2025 13:15;0,33521233333333333
13.03.2025 13:30;0,31562766666666664
13.03.2025 13:45;0,29604299999999995
13.03.2025 14:00;0,2764583333333333
13.03.2025 14:15;0,25724933333333333
13.03.2025 14:30;0,2380403333333333
13.03.2025 14:45;0,21883133333333332
13.03.2025 15:00;0,19962233333333332
13.03.2025 15:15;0,17693591666666666
13.03.2025 15:30;0,15424949999999998
13.03.2025 15:45;0,13156308333333333
13.03.2025 16:00;0,10887666666666668
13.03.2025 16:15;0,08218683333333335
13.03.2025 16:30;0,05549700000000001
13.03.2025 16:45;0,028807166666666675
13.03.2025 17:00;0,002117333333333333
13.03.2025 17:15;0,0015879999999999998
13.03.2025 17:30;0,0010586666666666665
13.03.2025 17:45;0,0005293333333333333
13.03.2025 18:00;0,0
13.03.2025 18:15;0,0
13.03.2025 18:30;0,0
13.03.2025 18:45;0,0
13.03.2025 19:00;0,0
13.03.2025 19:15;0,0
13.03.2025 19:30;0,0
13.03.2025 19:45;0,0
13.03.2025 20:00;0,0
13.03.2025 20:15;0,0
13.03.2025 20:30;0,0
13.03.2025 20:45;0,0
13.03.2025 21:00;0,0
13.03.2025 21:15;0,0
13.03.2025 21:30;0,0
13.03.2025 21:45;0,0
13.03.2025 22:00;0,0
13.03.2025 22:15;0,0
13.03.2025 22:30;0,0
13.03.2025 22:45;0,0
13.03.2025 23:00;0,0
13.03.2025 23:15;0,0
13.03.2025 23:30;0,0
13.03.2025 23:45;0,0
14.03.2025 00:00;0,0
14.03.2025 00:15;0,0
14.03.2025 00:30;0,0
14.03.2025 00:45;0,0
14.03.2025 01:00;0,0
14.03.2025 01:15;0,0
14.03.2025 01:30;0,0
14.03.2025 01:45;0,0
14.03.2025 02:00;0,0
14.03.2025 02:15;0,0
14.03.2025 02:30;0,0
14.03.2025 02:45;0,0
14.03.2025 03:00;0,0
14.03.2025 03:15;0,0
14.03.2025 03:30;0,0
14.03.2025 03:45;0,0
14.03.2025 04:00;0,0
14.03.2025 04:15;0,0
14.03.2025 04:30;0,0
14.03.2025 04:45;0,0
14.03.2025 05:00;0,0
14.03.2025 05:15;0,0015819166666666666
14.03.2025 05:30;0,003163833333333333
14.03.2025 05:45;0,00474575
14.03.2025 06:00;0,006327666666666666
14.03.2025 06:15;0,03519183333333333
14.03.2025 06:30;0,06405599999999999
14.03.2025 06:45;0,09292016666666665
14.03.2025 07:00;0,12178433333333333
14.03.2025 07:15;0,14932866666666667
14.03.2025 07:30;0,176873
14.03.2025 07:45;0,20441733333333334
14.03.2025 08:00;0,23196166666666668
14.03.2025 08:15;0,2534706666666667
14.03.2025 08:30;0,2749796666666667
14.03.2025 08:45;0,2964886666666667
14.03.2025 09:00;0,3179976666666667
14.03.2025 09:15;0,3253509166666667
14.03.2025 09:30;0,3327041666666667
14.03.2025 09:45;0,34005741666666667
14.03.2025 10:00;0,3474106666666667
14.03.2025 10:15;0,36262333333333335
14.03.2025 10:30;0,377836
14.03.2025 10:45;0,39304866666666666
14.03.2025 11:00;0,4082613333333333
14.03.2025 11:15;0,4006005833333333
14.03.2025 11:30;0,3929398333333333
14.03.2025 11:45;0,3852790833333333
14.03.2025 12:00;0,37761833333333333
14.03.2025 12:15;0,3750768333333333
14.03.2025 12:30;0,37253533333333333
14.03.2025 12:45;0,36999383333333336
14.03.2025 13:00;0,3674523333333333
14.03.2025 13:15;0,3535885833333333
14.03.2025 13:30;0,3397248333333333
14.03.2025 13:45;0,32586108333333336
14.03.2025 14:00;0,31199733333333335
14.03.2025 14:15;0,28956350000000003
14.03.2025 14:30;0,2671296666666667
14.03.2025 14:45;0,24469583333333333
14.03.2025 15:00;0,22226200000000002
14.03.2025 15:15;0,19547650000000003
14.03.2025 15:30;0,168691
14.03.2025 15:45;0,14190550000000002
14.03.2025 16:00;0,11512000000000001
14.03.2025 16:15;0,08720358333333335
14.03.2025 16:30;0,05928716666666668
14.03.2025 16:45;0,03137075000000002
14.03.2025 17:00;0,003454333333333333
14.03.2025 17:15;0,0025907499999999997
14.03.2025 17:30;0,0017271666666666666
14.03.2025 17:45;0,000863583333333333
14.03.2025 18:00;0,0
14.03.2025 18:15;0,0
14.03.2025 18:30;0,0
14.03.2025 18:45;0,0
14.03.2025 19:00;0,0
14.03.2025 19:15;0,0
14.03.2025 19:30;0,0
14.03.2025 19:45;0,0
14.03.2025 20:00;0,0
14.03.2025 20:15;0,0
14.03.2025 20:30;0,0
14.03.2025 20:45;0,0
14.03.2025 21:00;0,0
14.03.2025 21:15;0,0
14.03.2025 21:30;0,0
14.03.2025 21:45;0,0
14.03.2025 22:00;0,0
14.03.2025 22:15;0,0
14.03.2025 22:30;0,0
14.03.2025 22:45;0,0
14.03.2025 23:00;0,0
14.03.2025 23:15;0,0
14.03.2025 23:30;0,0
14.03.2025 23:45;0,0
15.03.2025 00:00;0,0
15.03.2025 00:15;0,0
15.03.2025 00:30;0,0
15.03.2025 00:45;0,0
15.03.2025 01:00;0,0
15.03.2025 01:15;0,0
15.03.2025 01:30;0,0
15.03.2025 01:45;0,0
15.03.2025 02:00;0,0
15.03.2025 02:15;0,0
15.03.2025 02:30;0,0
15.03.2025 02:45;0,0
15.03.2025 03:00;0,0
15.03.2025 03:15;0,0
15.03.2025 03:30;0,0
15.03.2025 03:45;0,0
15.03.2025 04:00;0,0
15.03.2025 04:15;0,0
15.03.2025 04:30;0,0
15.03.2025 04:45;0,0
15.03.2025 05:00;0,0
15.03.2025 05:15;0,0026713333333333333
15.03.2025 05:30;0,005342666666666667
15.03.2025 05:45;0,008014
15.03.2025 06:00;0,010685333333333333
15.03.2025 06:15;0,0429905
15.03.2025 06:30;0,07529566666666668
15.03.2025 06:45;0,10760083333333334
15.03.2025 07:00;0,139906
15.03.2025 07:15;0,16884416666666666
15.03.2025 07:30;0,19778233333333334
15.03.2025 07:45;0,2267205
15.03.2025 08:00;0,25565866666666665
15.03.2025 08:15;0,2823570833333333
15.03.2025 08:30;0,30905550000000004
15.03.2025 08:45;0,3357539166666667
15.03.2025 09:00;0,3624523333333334
15.03.2025 09:15;0,37937950000000004
15.03.2025 09:30;0,3963066666666667
15.03.2025 09:45;0,41323383333333336
15.03.2025 10:00;0,430161
15.03.2025 10:15;0,44201358333333335
15.03.2025 10:30;0,4538661666666667
15.03.2025 10:45;0,46571875
15.03.2025 11:00;0,47757133333333335
15.03.2025 11:15;0,47066908333333335
15.03.2025 11:30;0,46376683333333335
15.03.2025 11:45;0,45686458333333335
15.03.2025 12:00;0,44996233333333335
15.03.2025 12:15;0,43902358333333336
15.03.2025 12:30;0,42808483333333336
15.03.2025 12:45;0,41714608333333336
15.03.2025 13:00;0,40620733333333336
15.03.2025 13:15;0,3852735833333334
15.03.2025 13:30;0,36433983333333336
15.03.2025 13:45;0,34340608333333333
15.03.2025 14:00;0,32247233333333336
15.03.2025 14:15;0,29873750000000004
15.03.2025 14:30;0,2750026666666667
15.03.2025 14:45;0,25126783333333336
15.03.2025 15:00;0,227533
15.03.2025 15:15;0,19679766666666668
15.03.2025 15:30;0,16606233333333334
15.03.2025 15:45;0,13532700000000003
15.03.2025 16:00;0,10459166666666667
15.03.2025 16:15;0,07947525
15.03.2025 16:30;0,054358833333333335
15.03.2025 16:45;0,029242416666666673
15.03.2025 17:00;0,004126
15.03.2025 17:15;0,0030945
15.03.2025 17:30;0,002063
15.03.2025 17:45;0,0010315000000000003
15.03.2025 18:00;0,0
15.03.2025 18:15;0,0
15.03.2025 18:30;0,0
15.03.2025 18:45;0,0
15.03.2025 19:00;0,0
15.03.2025 19:15;0,0
15.03.2025 19:30;0,0
15.03.2025 19:45;0,0
15.03.2025 20:00;0,0
15.03.2025 20:15;0,0
15.03.2025 20:30;0,0
15.03.2025 20:45;0,0
15.03.2025 21:00;0,0
15.03.2025 21:15;0,0
15.03.2025 21:30;0,0
15.03.2025 21:45;0,0
15.03.2025 22:00;0,0
15.03.2025 22:15;0,0
15.03.2025 22:30;0,0
15.03.2025 22:45;0,0
15.03.2025 23:00;0,0
15.03.2025 23:15;0,0
15.03.2025 23:30;0,0
15.03.2025 23:45;0,0
16.03.2025 00:00;0,0
16.03.2025 00:15;0,0
16.03.2025 00:30;0,0
16.03.2025 00:45;0,0
16.03.2025 01:00;0,0
16.03.2025 01:15;0,0
16.03.2025 01:30;0,0
16.03.2025 01:45;0,0
16.03.2025 02:00;0,0
16.03.2025 02:15;0,0
16.03.2025 02:30;0,0
16.03.2025 02:45;0,0
16.03.2025 03:00;0,0
16.03.2025 03:15;0,0
16.03.2025 03:30;0,0
16.03.2025 03:45;0,0
16.03.2025 04:00;0,0
16.03.2025 04:15;0,0
16.03.2025 04:30;0,0
16.03.2025 04:45;0,0
16.03.2025 05:00;0,0
16.03.2025 05:15;0,0037955
16.03.2025 05:30;0,007591
16.03.2025 05:45;0,011386499999999999
16.03.2025 06:00;0,015182
16.03.2025 06:15;0,05323966666666667
16.03.2025 06:30;0,09129733333333334
16.03.2025 06:45;0,129355
16.03.2025 07:00;0,16741266666666668
16.03.2025 07:15;0,20451558333333333
16.03.2025 07:30;0,2416185
16.03.2025 07:45;0,27872141666666667
16.03.2025 08:00;0,3158243333333333
16.03.2025 08:15;0,34806533333333334
16.03.2025 08:30;0,3803063333333333
16.03.2025 08:45;0,4125473333333333
16.03.2025 09:00;0,44478833333333334
16.03.2025 09:15;0,46392558333333334
16.03.2025 09:30;0,48306283333333333
16.03.2025 09:45;0,5022000833333333
16.03.2025 10:00;0,5213373333333333
16.03.2025 10:15;0,5307206666666666
16.03.2025 10:30;0,540104
16.03.2025 10:45;0,5494873333333334
16.03.2025 11:00;0,5588706666666667
16.03.2025 11:15;0,5633653333333334
16.03.2025 11:30;0,56786
16.03.2025 11:45;0,5723546666666667
16.03.2025 12:00;0,5768493333333333
16.03.2025 12:15;0,5686718333333334
16.03.2025 12:30;0,5604943333333333
16.03.2025 12:45;0,5523168333333334
16.03.2025 13:00;0,5441393333333333
16.03.2025 13:15;0,5181728333333333
16.03.2025 13:30;0,4922063333333333
16.03.2025 13:45;0,46623983333333335
16.03.2025 14:00;0,44027333333333335
16.03.2025 14:15;0,41062841666666666
16.03.2025 14:30;0,38098350000000003
16.03.2025 14:45;0,35133858333333334
16.03.2025 15:00;0,32169366666666666
16.03.2025 15:15;0,2822443333333333
16.03.2025 15:30;0,24279499999999998
16.03.2025 15:45;0,20334566666666667
16.03.2025 16:00;0,16389633333333334
16.03.2025 16:15;0,124545
16.03.2025 16:30;0,08519366666666667
16.03.2025 16:45;0,04584233333333332
16.03.2025 17:00;0,006491
16.03.2025 17:15;0,00486825
16.03.2025 17:30;0,0032455
16.03.2025 17:45;0,00162275
16.03.2025 18:00;0,0
16.03.2025 18:15;0,0
16.03.2025 18:30;0,0
16.03.2025 18:45;0,0
16.03.2025 19:00;0,0
16.03.2025 19:15;0,0
16.03.2025 19:30;0,0
16.03.2025 19:45;0,0
16.03.2025 20:00;0,0
16.03.2025 20:15;0,0
16.03.2025 20:30;0,0
16.03.2025 20:45;0,0
16.03.2025 21:00;0,0
16.03.2025 21:15;0,0
16.03.2025 21:30;0,0
16.03.2025 21:45;0,0
16.03.2025 22:00;0,0
16.03.2025 22:15;0,0
16.03.2025 22:30;0,0
16.03.2025 22:45;0,0
16.03.2025 23:00;0,0
16.03.2025 23:15;0,0
16.03.2025 23:30;0,0
16.03.2025 23:45;0,0
17.03.2025 00:00;0,0
17.03.2025 00:15;0,0
17.03.2025 00:30;0,0
17.03.2025 00:45;0,0
17.03.2025 01:00;0,0
17.03.2025 01:15;0,0
17.03.2025 01:30;0,0
17.03.2025 01:45;0,0
17.03.2025 02:00;0,0
17.03.2025 02:15;0,0
17.03.2025 02:30;0,0
17.03.2025 02:45;0,0
17.03.2025 03:00;0,0
17.03.2025 03:15;0,0
17.03.2025 03:30;0,0
17.03.2025 03:45;0,0
17.03.2025 04:00;0,0
17.03.2025 04:15;0,0
17.03.2025 04:30;0,0
17.03.2025 04:45;0,0
17.03.2025 05:00;0,0
17.03.2025 05:15;0,004551833333333334
17.03.2025 05:30;0,009103666666666668
17.03.2025 05:45;0,013655500000000001
17.03.2025 06:00;0,018207333333333336
17.03.2025 06:15;0,05934908333333333
17.03.2025 06:30;0,10049083333333333
17.03.2025 06:45;0,14163258333333334
17.03.2025 07:00;0,18277433333333332
17.03.2025 07:15;0,22077141666666666
17.03.2025 07:30;0,25876849999999996
17.03.2025 07:45;0,2967655833333333
17.03.2025 08:00;0,33476266666666665
17.03.2025 08:15;0,36305408333333333
17.03.2025 08:30;0,3913455
17.03.2025 08:45;0,41963691666666664
17.03.2025 09:00;0,4479283333333333
17.03.2025 09:15;0,4509695833333333
17.03.2025 09:30;0,4540108333333333
17.03.2025 09:45;0,4570520833333333
17.03.2025 10:00;0,4600933333333333
17.03.2025 10:15;0,4669020833333333
17.03.2025 10:30;0,4737108333333333
17.03.2025 10:45;0,48051958333333333
17.03.2025 11:00;0,4873283333333333
17.03.2025 11:15;0,4915933333333333
17.03.2025 11:30;0,4958583333333333
17.03.2025 11:45;0,5001233333333334
17.03.2025 12:00;0,5043883333333333
17.03.2025 12:15;0,48790158333333333
17.03.2025 12:30;0,47141483333333334
17.03.2025 12:45;0,45492808333333334
17.03.2025 13:00;0,43844133333333335
17.03.2025 13:15;0,41547666666666666
17.03.2025 13:30;0,39251199999999997
17.03.2025 13:45;0,36954733333333334
17.03.2025 14:00;0,34658266666666665
17.03.2025 14:15;0,3188358333333333
17.03.2025 14:30;0,291089
17.03.2025 14:45;0,26334216666666665
17.03.2025 15:00;0,23559533333333332
17.03.2025 15:15;0,20978091666666665
17.03.2025 15:30;0,18396649999999998
17.03.2025 15:45;0,1581520833333333
17.03.2025 16:00;0,13233766666666666
17.03.2025 16:15;0,10084749999999999
17.03.2025 16:30;0,06935733333333333
17.03.2025 16:45;0,037867166666666674
17.03.2025 17:00;0,006377
17.03.2025 17:15;0,00478275
17.03.2025 17:30;0,0031885
17.03.2025 17:45;0,0015942500000000002
17.03.2025 18:00;0,0
17.03.2025 18:15;0,0
17.03.2025 18:30;0,0
17.03.2025 18:45;0,0
17.03.2025 19:00;0,0
17.03.2025 19:15;0,0
17.03.2025 19:30;0,0
17.03.2025 19:45;0,0
17.03.2025 20:00;0,0
17.03.2025 20:15;0,0
17.03.2025 20:30;0,0
17.03.2025 20:45;0,0
17.03.2025 21:00;0,0
17.03.2025 21:15;0,0
17.03.2025 21:30;0,0
17.03.2025 21:45;0,0
17.03.2025 22:00;0,0
17.03.2025 22:15;0,0
17.03.2025 22:30;0,0
17.03.2025 22:45;0,0
17.03.2025 23:00;0,0
17.03.2025 23:15;0,0
17.03.2025 23:30;0,0
17.03.2025 23:45;0,0
18.03.2025 00:00;0,0
18.03.2025 00:15;0,0
18.03.2025 00:30;0,0
18.03.2025 00:45;0,0
18.03.2025 01:00;0,0
18.03.2025 01:15;0,0
18.03.2025 01:30;0,0
18.03.2025 01:45;0,0
18.03.2025 02:00;0,0
18.03.2025 02:15;0,0
18.03.2025 02:30;0,0
18.03.2025 02:45;0,0
18.03.2025 03:00;0,0
18.03.2025 03:15;0,0
18.03.2025 03:30;0,0
18.03.2025 03:45;0,0
18.03.2025 04:00;0,0
18.03.2025 04:15;0,0
18.03.2025 04:30;0,0
18.03.2025 04:45;0,0
18.03.2025 05:00;0,0
18.03.2025 05:15;0,004300333333333334
18.03.2025 05:30;0,008600666666666668
18.03.2025 05:45;0,012901000000000001
18.03.2025 06:00;0,017201333333333336
18.03.2025 06:15;0,050199916666666664
18.03.2025 06:30;0,0831985
18.03.2025 06:45;0,11619708333333333
18.03.2025 07:00;0,14919566666666667
18.03.2025 07:15;0,17978708333333332
18.03.2025 07:30;0,2103785
18.03.2025 07:45;0,24096991666666664
18.03.2025 08:00;0,2715613333333333
18.03.2025 08:15;0,2863995833333333
18.03.2025 08:30;0,3012378333333333
18.03.2025 08:45;0,3160760833333333
18.03.2025 09:00;0,3309143333333333
18.03.2025 09:15;0,3461450833333333
18.03.2025 09:30;0,36137583333333334
18.03.2025 09:45;0,3766065833333333
18.03.2025 10:00;0,3918373333333333
18.03.2025 10:15;0,39336675
18.03.2025 10:30;0,3948961666666666
18.03.2025 10:45;0,3964255833333333
18.03.2025 11:00;0,39795499999999995
18.03.2025 11:15;0,38927066666666665
18.03.2025 11:30;0,3805863333333333
18.03.2025 11:45;0,37190199999999995
18.03.2025 12:00;0,36321766666666666
18.03.2025 12:15;0,357264
18.03.2025 12:30;0,35131033333333334
18.03.2025 12:45;0,34535666666666665
18.03.2025 13:00;0,339403
18.03.2025 13:15;0,3315985
18.03.2025 13:30;0,323794
18.03.2025 13:45;0,3159895
18.03.2025 14:00;0,308185
18.03.2025 14:15;0,2895005
18.03.2025 14:30;0,270816
18.03.2025 14:45;0,2521315
18.03.2025 15:00;0,233447
18.03.2025 15:15;0,2084605
18.03.2025 15:30;0,18347399999999997
18.03.2025 15:45;0,15848749999999998
18.03.2025 16:00;0,13350099999999998
18.03.2025 16:15;0,1020565
18.03.2025 16:30;0,070612
18.03.2025 16:45;0,03916750000000001
18.03.2025 17:00;0,007723
18.03.2025 17:15;0,00579225
18.03.2025 17:30;0,0038615
18.03.2025 17:45;0,0019307500000000002
18.03.2025 18:00;0,0
18.03.2025 18:15;0,0
18.03.2025 18:30;0,0
18.03.2025 18:45;0,0
18.03.2025 19:00;0,0
18.03.2025 19:15;0,0
18.03.2025 19:30;0,0
18.03.2025 19:45;0,0
18.03.2025 20:00;0,0
18.03.2025 20:15;0,0
18.03.2025 20:30;0,0
18.03.2025 20:45;0,0
18.03.2025 21:00;0,0
18.03.2025 21:15;0,0
18.03.2025 21:30;0,0
18.03.2025 21:45;0,0
18.03.2025 22:00;0,0
18.03.2025 22:15;0,0
18.03.2025 22:30;0,0
18.03.2025 22:45;0,0
18.03.2025 23:00;0,0
18.03.2025 23:15;0,0
18.03.2025 23:30;0,0
18.03.2025 23:45;0,0
19.03.2025 00:00;0,0
19.03.2025 00:15;0,0
19.03.2025 00:30;0,0
19.03.2025 00:45;0,0
19.03.2025 01:00;0,0
19.03.2025 01:15;0,0
19.03.2025 01:30;0,0
19.03.2025 01:45;0,0
19.03.2025 02:00;0,0
19.03.2025 02:15;0,0
19.03.2025 02:30;0,0
19.03.2025 02:45;0,0
19.03.2025 03:00;0,0
19.03.2025 03:15;0,0
19.03.2025 03:30;0,0
19.03.2025 03:45;0,0
19.03.2025 04:00;0,0
19.03.2025 04:15;0,0
19.03.2025 04:30;0,0
19.03.2025 04:45;0,0
19.03.2025 05:00;0,0
19.03.2025 05:15;0,005818166666666667
19.03.2025 05:30;0,011636333333333334
19.03.2025 05:45;0,0174545
19.03.2025 06:00;0,023272666666666667
19.03.2025 06:15;0,0599485
19.03.2025 06:30;0,09662433333333334
19.03.2025 06:45;0,1333001666666667
19.03.2025 07:00;0,16997600000000002
19.03.2025 07:15;0,20589733333333335
19.03.2025 07:30;0,24181866666666668
19.03.2025 07:45;0,27774
19.03.2025 08:00;0,31366133333333335
19.03.2025 08:15;0,3495665
19.03.2025 08:30;0,38547166666666666
19.03.2025 08:45;0,42137683333333337
19.03.2025 09:00;0,457282
19.03.2025 09:15;0,469658
19.03.2025 09:30;0,4820340000000001
19.03.2025 09:45;0,49441000000000007
19.03.2025 10:00;0,5067860000000001
19.03.2025 10:15;0,5069958333333333
19.03.2025 10:30;0,5072056666666667
19.03.2025 10:45;0,5074154999999999
19.03.2025 11:00;0,5076253333333333
19.03.2025 11:15;0,49425408333333326
19.03.2025 11:30;0,48088283333333326
19.03.2025 11:45;0,4675115833333333
19.03.2025 12:00;0,4541403333333333
19.03.2025 12:15;0,4483953333333333
19.03.2025 12:30;0,44265033333333337
19.03.2025 12:45;0,43690533333333337
19.03.2025 13:00;0,43116033333333337
19.03.2025 13:15;0,42384125
19.03.2025 13:30;0,41652216666666664
19.03.2025 13:45;0,40920308333333333
19.03.2025 14:00;0,40188399999999996
19.03.2025 14:15;0,3770865
19.03.2025 14:30;0,35228899999999996
19.03.2025 14:45;0,32749149999999994
19.03.2025 15:00;0,30269399999999996
19.03.2025 15:15;0,2701186666666666
19.03.2025 15:30;0,23754333333333333
19.03.2025 15:45;0,20496799999999998
19.03.2025 16:00;0,17239266666666667
19.03.2025 16:15;0,1323275
19.03.2025 16:30;0,09226233333333334
19.03.2025 16:45;0,05219716666666667
19.03.2025 17:00;0,012132
19.03.2025 17:15;0,009099
19.03.2025 17:30;0,006066
19.03.2025 17:45;0,003033000000000001
19.03.2025 18:00;0,0
19.03.2025 18:15;0,0
19.03.2025 18:30;0,0
19.03.2025 18:45;0,0
19.03.2025 19:00;0,0
19.03.2025 19:15;0,0
19.03.2025 19:30;0,0
19.03.2025 19:45;0,0
19.03.2025 20:00;0,0
19.03.2025 20:15;0,0
19.03.2025 20:30;0,0
19.03.2025 20:45;0,0
19.03.2025 21:00;0,0
19.03.2025 21:15;0,0
19.03.2025 21:30;0,0
19.03.2025 21:45;0,0
19.03.2025 22:00;0,0
19.03.2025 22:15;0,0
19.03.2025 22:30;0,0
19.03.2025 22:45;0,0
19.03.2025 23:00;0,0
19.03.2025 23:15;0,0
19.03.2025 23:30;0,0
19.03.2025 23:45;0,0
20.03.2025 00:00;0,0
20.03.2025 00:15;0,0
20.03.2025 00:30;0,0
20.03.2025 00:45;0,0
20.03.2025 01:00;0,0
20.03.2025 01:15;0,0
20.03.2025 01:30;0,0
20.03.2025 01:45;0,0
20.03.2025 02:00;0,0
20.03.2025 02:15;0,0
20.03.2025 02:30;0,0
20.03.2025 02:45;0,0
20.03.2025 03:00;0,0
20.03.2025 03:15;0,0
20.03.2025 03:30;0,0
20.03.2025 03:45;0,0
20.03.2025 04:00;0,0
20.03.2025 04:15;0,0
20.03.2025 04:30;0,0
20.03.2025 04:45;0,0
20.03.2025 05:00;0,0
20.03.2025 05:15;0,006281083333333334
20.03.2025 05:30;0,012562166666666668
20.03.2025 05:45;0,018843250000000002
20.03.2025 06:00;0,025124333333333335
20.03.2025 06:15;0,058688000000000004
20.03.2025 06:30;0,09225166666666666
20.03.2025 06:45;0,12581533333333333
20.03.2025 07:00;0,159379
20.03.2025 07:15;0,18539291666666666
20.03.2025 07:30;0,21140683333333332
20.03.2025 07:45;0,23742074999999999
20.03.2025 08:00;0,26343466666666665
20.03.2025 08:15;0,2887180833333333
20.03.2025 08:30;0,3140015
20.03.2025 08:45;0,33928491666666666
20.03.2025 09:00;0,3645683333333333
20.03.2025 09:15;0,39104225
20.03.2025 09:30;0,41751616666666663
20.03.2025 09:45;0,44399008333333334
20.03.2025 10:00;0,470464
20.03.2025 10:15;0,4936465
20.03.2025 10:30;0,516829
20.03.2025 10:45;0,5400115
20.03.2025 11:00;0,563194
20.03.2025 11:15;0,56303825
20.03.2025 11:30;0,5628825
20.03.2025 11:45;0,56272675
20.03.2025 12:00;0,562571
20.03.2025 12:15;0,5547230833333334
20.03.2025 12:30;0,5468751666666667
20.03.2025 12:45;0,53902725
20.03.2025 13:00;0,5311793333333333
20.03.2025 13:15;0,5149120833333334
20.03.2025 13:30;0,4986448333333333
20.03.2025 13:45;0,4823775833333333
20.03.2025 14:00;0,4661103333333333
20.03.2025 14:15;0,43086733333333327
20.03.2025 14:30;0,3956243333333333
20.03.2025 14:45;0,36038133333333333
20.03.2025 15:00;0,3251383333333333
20.03.2025 15:15;0,28536466666666666
20.03.2025 15:30;0,24559099999999998
20.03.2025 15:45;0,2058173333333333
20.03.2025 16:00;0,16604366666666664
20.03.2025 16:15;0,12781416666666665
20.03.2025 16:30;0,08958466666666666
20.03.2025 16:45;0,051355166666666674
20.03.2025 17:00;0,013125666666666667
20.03.2025 17:15;0,00984425
20.03.2025 17:30;0,006562833333333334
20.03.2025 17:45;0,003281416666666667
20.03.2025 18:00;0,0
20.03.2025 18:15;0,0
20.03.2025 18:30;0,0
20.03.2025 18:45;0,0
20.03.2025 19:00;0,0
20.03.2025 19:15;0,0
20.03.2025 19:30;0,0
20.03.2025 19:45;0,0
20.03.2025 20:00;0,0
20.03.2025 20:15;0,0
20.03.2025 20:30;0,0
20.03.2025 20:45;0,0
20.03.2025 21:00;0,0
20.03.2025 21:15;0,0
20.03.2025 21:30;0,0
20.03.2025 21:45;0,0
20.03.2025 22:00;0,0
20.03.2025 22:15;0,0
20.03.2025 22:30;0,0
20.03.2025 22:45;0,0
20.03.2025 23:00;0,0
20.03.2025 23:15;0,0
20.03.2025 23:30;0,0
20.03.2025 23:45;0,0
21.03.2025 00:00;0,0
21.03.2025 00:15;0,0
21.03.2025 00:30;0,0
21.03.2025 00:45;0,0
21.03.2025 01:00;0,0
21.03.2025 01:15;0,0
21.03.2025 01:30;0,0
21.03.2025 01:45;0,0
21.03.2025 02:00;0,0
21.03.2025 02:15;0,0
21.03.2025 02:30;0,0
21.03.2025 02:45;0,0
21.03.2025 03:00;0,0
21.03.2025 03:15;0,0
21.03.2025 03:30;0,0
21.03.2025 03:45;0,0
21.03.2025 04:00;0,0
21.03.2025 04:15;0,0
21.03.2025 04:30;0,0
21.03.2025 04:45;0,0
21.03.2025 05:00;0,0
21.03.2025 05:15;0,006684833333333333
21.03.2025 05:30;0,013369666666666667
21.03.2025 05:45;0,0200545
21.03.2025 06:00;0,026739333333333334
21.03.2025 06:15;0,05402816666666666
21.03.2025 06:30;0,08131699999999999
21.03.2025 06:45;0,10860583333333332
21.03.2025 07:00;0,13589466666666666
21.03.2025 07:15;0,1682145
21.03.2025 07:30;0,20053433333333331
21.03.2025 07:45;0,23285416666666664
21.03.2025 08:00;0,26517399999999997
21.03.2025 08:15;0,29358016666666664
21.03.2025 08:30;0,3219863333333333
21.03.2025 08:45;0,3503925
21.03.2025 09:00;0,3787986666666667
21.03.2025 09:15;0,3943554166666667
21.03.2025 09:30;0,40991216666666663
21.03.2025 09:45;0,42546891666666664
21.03.2025 10:00;0,44102566666666665
21.03.2025 10:15;0,44392183333333335
21.03.2025 10:30;0,446818
21.03.2025 10:45;0,44971416666666664
21.03.2025 11:00;0,45261033333333334
21.03.2025 11:15;0,44820533333333334
21.03.2025 11:30;0,44380033333333335
21.03.2025 11:45;0,4393953333333333
21.03.2025 12:00;0,4349903333333333
21.03.2025 12:15;0,4360865
21.03.2025 12:30;0,43718266666666666
21.03.2025 12:45;0,43827883333333334
21.03.2025 13:00;0,439375
21.03.2025 13:15;0,42464650000000004
21.03.2025 13:30;0,409918
21.03.2025 13:45;0,3951895
21.03.2025 14:00;0,38046100000000005
21.03.2025 14:15;0,35619008333333335
21.03.2025 14:30;0,33191916666666665
21.03.2025 14:45;0,30764825
21.03.2025 15:00;0,2833773333333333
21.03.2025 15:15;0,25035074999999996
21.03.2025 15:30;0,21732416666666665
21.03.2025 15:45;0,18429758333333332
21.03.2025 16:00;0,151271
21.03.2025 16:15;0,11714866666666665
21.03.2025 16:30;0,08302633333333333
21.03.2025 16:45;0,048904
21.03.2025 17:00;0,014781666666666667
21.03.2025 17:15;0,01108625
21.03.2025 17:30;0,0073908333333333335
21.03.2025 17:45;0,0036954166666666663
21.03.2025 18:00;0,0
21.03.2025 18:15;0,0
21.03.2025 18:30;0,0
21.03.2025 18:45;0,0
21.03.2025 19:00;0,0
21.03.2025 19:15;0,0
21.03.2025 19:30;0,0
21.03.2025 19:45;0,0
21.03.2025 20:00;0,0
21.03.2025 20:15;0,0
21.03.2025 20:30;0,0
21.03.2025 20:45;0,0
21.03.2025 21:00;0,0
21.03.2025 21:15;0,0
21.03.2025 21:30;0,0
21.03.2025 21:45;0,0
21.03.2025 22:00;0,0
21.03.2025 22:15;0,0
21.03.2025 22:30;0,0
21.03.2025 22:45;0,0
21.03.2025 23:00;0,0
21.03.2025 23:15;0,0
21.03.2025 23:30;0,0
21.03.2025 23:45;0,0
22.03.2025 00:00;0,0
22.03.2025 00:15;0,0
22.03.2025 00:30;0,0
22.03.2025 00:45;0,0
22.03.2025 01:00;0,0
22.03.2025 01:15;0,0
22.03.2025 01:30;0,0
22.03.2025 01:45;0,0
22.03.2025 02:00;0,0
22.03.2025 02:15;0,0
22.03.2025 02:30;0,0
22.03.2025 02:45;0,0
22.03.2025 03:00;0,0
22.03.2025 03:15;0,0
22.03.2025 03:30;0,0
22.03.2025 03:45;0,0
22.03.2025 04:00;0,0
22.03.2025 04:15;0,0
22.03.2025 04:30;0,0
22.03.2025 04:45;0,0
22.03.2025 05:00;0,0
22.03.2025 05:15;0,008871750000000001
22.03.2025 05:30;0,017743500000000002
22.03.2025 05:45;0,026615250000000003
22.03.2025 06:00;0,035487000000000005
22.03.2025 06:15;0,07122758333333334
22.03.2025 06:30;0,10696816666666668
22.03.2025 06:45;0,14270875
22.03.2025 07:00;0,17844933333333335
22.03.2025 07:15;0,211314
22.03.2025 07:30;0,24417866666666668
22.03.2025 07:45;0,27704333333333336
22.03.2025 08:00;0,309908
22.03.2025 08:15;0,3331615
22.03.2025 08:30;0,35641500000000004
22.03.2025 08:45;0,3796685
22.03.2025 09:00;0,402922
22.03.2025 09:15;0,410312
22.03.2025 09:30;0,417702
22.03.2025 09:45;0,425092
22.03.2025 10:00;0,43248200000000003
22.03.2025 10:15;0,43512408333333336
22.03.2025 10:30;0,4377661666666667
22.03.2025 10:45;0,44040825000000006
22.03.2025 11:00;0,4430503333333334
22.03.2025 11:15;0,44872900000000004
22.03.2025 11:30;0,45440766666666665
22.03.2025 11:45;0,4600863333333333
22.03.2025 12:00;0,465765
22.03.2025 12:15;0,4563353333333333
22.03.2025 12:30;0,44690566666666665
22.03.2025 12:45;0,43747600000000003
22.03.2025 13:00;0,42804633333333336
22.03.2025 13:15;0,40804191666666667
22.03.2025 13:30;0,38803750000000004
22.03.2025 13:45;0,3680330833333334
22.03.2025 14:00;0,3480286666666667
22.03.2025 14:15;0,3282644166666667
22.03.2025 14:30;0,3085001666666667
22.03.2025 14:45;0,28873591666666665
22.03.2025 15:00;0,26897166666666666
22.03.2025 15:15;0,23660958333333332
22.03.2025 15:30;0,2042475
22.03.2025 15:45;0,17188541666666668
22.03.2025 16:00;0,13952333333333333
22.03.2025 16:15;0,10809016666666667
22.03.2025 16:30;0,076657
22.03.2025 16:45;0,045223833333333324
22.03.2025 17:00;0,013790666666666666
22.03.2025 17:15;0,010343
22.03.2025 17:30;0,006895333333333333
22.03.2025 17:45;0,0034476666666666666
22.03.2025 18:00;0,0
22.03.2025 18:15;0,0
22.03.2025 18:30;0,0
22.03.2025 18:45;0,0
22.03.2025 19:00;0,0
22.03.2025 19:15;0,0
22.03.2025 19:30;0,0
22.03.2025 19:45;0,0
22.03.2025 20:00;0,0
22.03.2025 20:15;0,0
22.03.2025 20:30;0,0
22.03.2025 20:45;0,0
22.03.2025 21:00;0,0
22.03.2025 21:15;0,0
22.03.2025 21:30;0,0
22.03.2025 21:45;0,0
22.03.2025 22:00;0,0
22.03.2025 22:15;0,0
22.03.2025 22:30;0,0
22.03.2025 22:45;0,0
22.03.2025 23:00;0,0
22.03.2025 23:15;0,0
22.03.2025 23:30;0,0
22.03.2025 23:45;0,0
23.03.2025 00:00;0,0
23.03.2025 00:15;0,0
23.03.2025 00:30;0,0
23.03.2025 00:45;0,0
23.03.2025 01:00;0,0
23.03.2025 01:15;0,0
23.03.2025 01:30;0,0
23.03.2025 01:45;0,0
23.03.2025 02:00;0,0
23.03.2025 02:15;0,0
23.03.2025 02:30;0,0
23.03.2025 02:45;0,0
23.03.2025 03:00;0,0
23.03.2025 03:15;0,0
23.03.2025 03:30;0,0
23.03.2025 03:45;0,0
23.03.2025 04:00;0,0
23.03.2025 04:15;0,0
23.03.2025 04:30;0,0
23.03.2025 04:45;0,0
23.03.2025 05:00;0,0
23.03.2025 05:15;0,009791
23.03.2025 05:30;0,019582
23.03.2025 05:45;0,029373
23.03.2025 06:00;0,039164
23.03.2025 06:15;0,07717225
23.03.2025 06:30;0,11518049999999999
23.03.2025 06:45;0,15318874999999998
23.03.2025 07:00;0,19119699999999998
23.03.2025 07:15;0,22751016666666665
23.03.2025 07:30;0,2638233333333333
23.03.2025 07:45;0,3001365
23.03.2025 08:00;0,33644966666666665
23.03.2025 08:15;0,36520125
23.03.2025 08:30;0,3939528333333333
23.03.2025 08:45;0,4227044166666667
23.03.2025 09:00;0,451456
23.03.2025 09:15;0,48078750000000003
23.03.2025 09:30;0,510119
23.03.2025 09:45;0,5394505
23.03.2025 10:00;0,568782
23.03.2025 10:15;0,5941126666666667
23.03.2025 10:30;0,6194433333333333
23.03.2025 10:45;0,644774
23.03.2025 11:00;0,6701046666666667
23.03.2025 11:15;0,6580590833333333
23.03.2025 11:30;0,6460135
23.03.2025 11:45;0,6339679166666667
23.03.2025 12:00;0,6219223333333334
23.03.2025 12:15;0,6085535833333333
23.03.2025 12:30;0,5951848333333334
23.03.2025 12:45;0,5818160833333333
23.03.2025 13:00;0,5684473333333333
23.03.2025 13:15;0,54247
23.03.2025 13:30;0,5164926666666667
23.03.2025 13:45;0,4905153333333333
23.03.2025 14:00;0,464538
23.03.2025 14:15;0,43706158333333334
23.03.2025 14:30;0,40958516666666667
23.03.2025 14:45;0,38210875
23.03.2025 15:00;0,3546323333333333
23.03.2025 15:15;0,31171058333333335
23.03.2025 15:30;0,26878883333333337
23.03.2025 15:45;0,22586708333333333
23.03.2025 16:00;0,18294533333333335
23.03.2025 16:15;0,1406434166666667
23.03.2025 16:30;0,09834150000000001
23.03.2025 16:45;0,05603958333333334
23.03.2025 17:00;0,013737666666666667
23.03.2025 17:15;0,01030325
23.03.2025 17:30;0,006868833333333333
23.03.2025 17:45;0,0034344166666666655
23.03.2025 18:00;0,0
23.03.2025 18:15;0,0
23.03.2025 18:30;0,0
23.03.2025 18:45;0,0
23.03.2025 19:00;0,0
23.03.2025 19:15;0,0
23.03.2025 19:30;0,0
23.03.2025 19:45;0,0
23.03.2025 20:00;0,0
23.03.2025 20:15;0,0
23.03.2025 20:30;0,0
23.03.2025 20:45;0,0
23.03.2025 21:00;0,0
23.03.2025 21:15;0,0
23.03.2025 21:30;0,0
23.03.2025 21:45;0,0
23.03.2025 22:00;0,0
23.03.2025 22:15;0,0
23.03.2025 22:30;0,0
23.03.2025 22:45;0,0
23.03.2025 23:00;0,0
23.03.2025 23:15;0,0
23.03.2025 23:30;0,0
23.03.2025 23:45;0,0
24.03.2025 00:00;0,0
24.03.2025 00:15;0,0
24.03.2025 00:30;0,0
24.03.2025 00:45;0,0
24.03.2025 01:00;0,0
24.03.2025 01:15;0,0
24.03.2025 01:30;0,0
24.03.2025 01:45;0,0
24.03.2025 02:00;0,0
24.03.2025 02:15;0,0
24.03.2025 02:30;0,0
24.03.2025 02:45;0,0
24.03.2025 03:00;0,0
24.03.2025 03:15;0,0
24.03.2025 03:30;0,0
24.03.2025 03:45;0,0
24.03.2025 04:00;0,0
24.03.2025 04:15;0,0
24.03.2025 04:30;0,0
24.03.2025 04:45;0,0
24.03.2025 05:00;0,0
24.03.2025 05:15;0,0119275
24.03.2025 05:30;0,023855
24.03.2025 05:45;0,0357825
24.03.2025 06:00;0,04771
24.03.2025 06:15;0,09280574999999999
24.03.2025 06:30;0,1379015
24.03.2025 06:45;0,18299725
24.03.2025 07:00;0,228093
24.03.2025 07:15;0,26997408333333334
24.03.2025 07:30;0,3118551666666667
24.03.2025 07:45;0,35373625
24.03.2025 08:00;0,3956173333333333
24.03.2025 08:15;0,43012216666666664
24.03.2025 08:30;0,464627
24.03.2025 08:45;0,49913183333333333
24.03.2025 09:00;0,5336366666666666
24.03.2025 09:15;0,5480741666666666
24.03.2025 09:30;0,5625116666666666
24.03.2025 09:45;0,5769491666666666
24.03.2025 10:00;0,5913866666666666
24.03.2025 10:15;0,6037403333333333
24.03.2025 10:30;0,6160939999999999
24.03.2025 10:45;0,6284476666666666
24.03.2025 11:00;0,6408013333333333
24.03.2025 11:15;0,6379149166666667
24.03.2025 11:30;0,6350285
24.03.2025 11:45;0,6321420833333334
24.03.2025 12:00;0,6292556666666668
24.03.2025 12:15;0,6244445000000001
24.03.2025 12:30;0,6196333333333334
24.03.2025 12:45;0,6148221666666667
24.03.2025 13:00;0,610011
24.03.2025 13:15;0,5853399166666666
24.03.2025 13:30;0,5606688333333334
24.03.2025 13:45;0,53599775
24.03.2025 14:00;0,5113266666666667
24.03.2025 14:15;0,47519916666666673
24.03.2025 14:30;0,4390716666666667
24.03.2025 14:45;0,40294416666666666
24.03.2025 15:00;0,3668166666666667
24.03.2025 15:15;0,32495216666666665
24.03.2025 15:30;0,2830876666666667
24.03.2025 15:45;0,24122316666666666
24.03.2025 16:00;0,19935866666666666
24.03.2025 16:15;0,15529933333333332
24.03.2025 16:30;0,11123999999999999
24.03.2025 16:45;0,06718066666666667
24.03.2025 17:00;0,023121333333333334
24.03.2025 17:15;0,017341000000000002
24.03.2025 17:30;0,011560666666666667
24.03.2025 17:45;0,005780333333333332
24.03.2025 18:00;0,0
24.03.2025 18:15;0,0
24.03.2025 18:30;0,0
24.03.2025 18:45;0,0
24.03.2025 19:00;0,0
24.03.2025 19:15;0,0
24.03.2025 19:30;0,0
24.03.2025 19:45;0,0
24.03.2025 20:00;0,0
24.03.2025 20:15;0,0
24.03.2025 20:30;0,0
24.03.2025 20:45;0,0
24.03.2025 21:00;0,0
24.03.2025 21:15;0,0
24.03.2025 21:30;0,0
24.03.2025 21:45;0,0
24.03.2025 22:00;0,0
24.03.2025 22:15;0,0
24.03.2025 22:30;0,0
24.03.2025 22:45;0,0
24.03.2025 23:00;0,0
24.03.2025 23:15;0,0
24.03.2025 23:30;0,0
24.03.2025 23:45;0,0
25.03.2025 00:00;0,0
25.03.2025 00:15;0,0
25.03.2025 00:30;0,0
25.03.2025 00:45;0,0
25.03.2025 01:00;0,0
25.03.2025 01:15;0,0
25.03.2025 01:30;0,0
25.03.2025 01:45;0,0
25.03.2025 02:00;0,0
25.03.2025 02:15;0,0
25.03.2025 02:30;0,0
25.03.2025 02:45;0,0
25.03.2025 03:00;0,0
25.03.2025 03:15;0,0
25.03.2025 03:30;0,0
25.03.2025 03:45;0,0
25.03.2025 04:00;0,0
25.03.2025 04:15;0,0
25.03.2025 04:30;0,0
25.03.2025 04:45;0,0
25.03.2025 05:00;0,0
25.03.2025 05:15;0,010022583333333333
25.03.2025 05:30;0,020045166666666666
25.03.2025 05:45;0,03006775
25.03.2025 06:00;0,04009033333333333
25.03.2025 06:15;0,07413775
25.03.2025 06:30;0,10818516666666667
25.03.2025 06:45;0,14223258333333333
25.03.2025 07:00;0,17628000000000002
25.03.2025 07:15;0,21092575000000002
25.03.2025 07:30;0,2455715
25.03.2025 07:45;0,28021725
25.03.2025 08:00;0,314863
25.03.2025 08:15;0,3449681666666667
25.03.2025 08:30;0,37507333333333337
25.03.2025 08:45;0,4051785
25.03.2025 09:00;0,4352836666666667
25.03.2025 09:15;0,45877266666666666
25.03.2025 09:30;0,4822616666666667
25.03.2025 09:45;0,5057506666666667
25.03.2025 10:00;0,5292396666666667
25.03.2025 10:15;0,54418525
25.03.2025 10:30;0,5591308333333334
25.03.2025 10:45;0,5740764166666668
25.03.2025 11:00;0,589022
25.03.2025 11:15;0,5685708333333334
25.03.2025 11:30;0,5481196666666667
25.03.2025 11:45;0,5276685
25.03.2025 12:00;0,5072173333333333
25.03.2025 12:15;0,48581149999999995
25.03.2025 12:30;0,4644056666666666
25.03.2025 12:45;0,4429998333333333
25.03.2025 13:00;0,42159399999999997
25.03.2025 13:15;0,40447641666666667
25.03.2025 13:30;0,3873588333333333
25.03.2025 13:45;0,37024124999999997
25.03.2025 14:00;0,35312366666666667
25.03.2025 14:15;0,32407091666666665
25.03.2025 14:30;0,2950181666666667
25.03.2025 14:45;0,2659654166666667
25.03.2025 15:00;0,23691266666666666
25.03.2025 15:15;0,21514408333333332
25.03.2025 15:30;0,19337549999999998
25.03.2025 15:45;0,17160691666666666
25.03.2025 16:00;0,14983833333333332
25.03.2025 16:15;0,11690408333333333
25.03.2025 16:30;0,08396983333333333
25.03.2025 16:45;0,05103558333333333
25.03.2025 17:00;0,018101333333333334
25.03.2025 17:15;0,013576000000000001
25.03.2025 17:30;0,009050666666666667
25.03.2025 17:45;0,004525333333333333
25.03.2025 18:00;0,0
25.03.2025 18:15;0,0
25.03.2025 18:30;0,0
25.03.2025 18:45;0,0
25.03.2025 19:00;0,0
25.03.2025 19:15;0,0
25.03.2025 19:30;0,0
25.03.2025 19:45;0,0
25.03.2025 20:00;0,0
25.03.2025 20:15;0,0
25.03.2025 20:30;0,0
25.03.2025 20:45;0,0
25.03.2025 21:00;0,0
25.03.2025 21:15;0,0
25.03.2025 21:30;0,0
25.03.2025 21:45;0,0
25.03.2025 22:00;0,0
25.03.2025 22:15;0,0
25.03.2025 22:30;0,0
25.03.2025 22:45;0,0
25.03.2025 23:00;0,0
25.03.2025 23:15;0,0
25.03.2025 23:30;0,0
25.03.2025 23:45;0,0
26.03.2025 00:00;0,0
26.03.2025 00:15;0,0
26.03.2025 00:30;0,0
26.03.2025 00:45;0,0
26.03.2025 01:00;0,0
26.03.2025 01:15;0,0
26.03.2025 01:30;0,0
26.03.2025 01:45;0,0
26.03.2025 02:00;0,0
26.03.2025 02:15;0,0
26.03.2025 02:30;0,0
26.03.2025 02:45;0,0
26.03.2025 03:00;0,0
26.03.2025 03:15;0,0
26.03.2025 03:30;0,0
26.03.2025 03:45;0,0
26.03.2025 04:00;0,0
26.03.2025 04:15;0,0
26.03.2025 04:30;0,0
26.03.2025 04:45;0,0
26.03.2025 05:00;0,0
26.03.2025 05:15;0,009907416666666667
26.03.2025 05:30;0,019814833333333334
26.03.2025 05:45;0,02972225
26.03.2025 06:00;0,03962966666666667
26.03.2025 06:15;0,07578008333333333
26.03.2025 06:30;0,11193049999999999
26.03.2025 06:45;0,14808091666666667
26.03.2025 07:00;0,18423133333333333
26.03.2025 07:15;0,21635933333333335
26.03.2025 07:30;0,24848733333333334
26.03.2025 07:45;0,2806153333333333
26.03.2025 08:00;0,3127433333333334
26.03.2025 08:15;0,34851625
26.03.2025 08:30;0,3842891666666667
26.03.2025 08:45;0,4200620833333333
26.03.2025 09:00;0,45583499999999993
26.03.2025 09:15;0,48506358333333327
26.03.2025 09:30;0,5142921666666666
26.03.2025 09:45;0,5435207499999999
26.03.2025 10:00;0,5727493333333332
26.03.2025 10:15;0,5627219166666666
26.03.2025 10:30;0,5526945
26.03.2025 10:45;0,5426670833333334
26.03.2025 11:00;0,5326396666666667
26.03.2025 11:15;0,5222321666666667
26.03.2025 11:30;0,5118246666666667
26.03.2025 11:45;0,5014171666666667
26.03.2025 12:00;0,4910096666666667
26.03.2025 12:15;0,4739631666666667
26.03.2025 12:30;0,4569166666666667
26.03.2025 12:45;0,4398701666666667
26.03.2025 13:00;0,4228236666666667
26.03.2025 13:15;0,41118275000000004
26.03.2025 13:30;0,3995418333333334
26.03.2025 13:45;0,3879009166666667
26.03.2025 14:00;0,37626000000000004
26.03.2025 14:15;0,35906925
26.03.2025 14:30;0,3418785
26.03.2025 14:45;0,32468775
26.03.2025 15:00;0,30749699999999996
26.03.2025 15:15;0,27504033333333333
26.03.2025 15:30;0,24258366666666664
26.03.2025 15:45;0,210127
26.03.2025 16:00;0,17767033333333335
26.03.2025 16:15;0,13989941666666666
26.03.2025 16:30;0,10212850000000001
26.03.2025 16:45;0,06435758333333334
26.03.2025 17:00;0,026586666666666665
26.03.2025 17:15;0,01994
26.03.2025 17:30;0,013293333333333332
26.03.2025 17:45;0,006646666666666665
26.03.2025 18:00;0,0
26.03.2025 18:15;0,0
26.03.2025 18:30;0,0
26.03.2025 18:45;0,0
26.03.2025 19:00;0,0
26.03.2025 19:15;0,0
26.03.2025 19:30;0,0
26.03.2025 19:45;0,0
26.03.2025 20:00;0,0
26.03.2025 20:15;0,0
26.03.2025 20:30;0,0
26.03.2025 20:45;0,0
26.03.2025 21:00;0,0
26.03.2025 21:15;0,0
26.03.2025 21:30;0,0
26.03.2025 21:45;0,0
26.03.2025 22:00;0,0
26.03.2025 22:15;0,0
26.03.2025 22:30;0,0
26.03.2025 22:45;0,0
26.03.2025 23:00;0,0
26.03.2025 23:15;0,0
26.03.2025 23:30;0,0
26.03.2025 23:45;0,0
27.03.2025 00:00;0,0
27.03.2025 00:15;0,0
27.03.2025 00:30;0,0
27.03.2025 00:45;0,0
27.03.2025 01:00;0,0
27.03.2025 01:15;0,0
27.03.2025 01:30;0,0
27.03.2025 01:45;0,0
27.03.2025 02:00;0,0
27.03.2025 02:15;0,0
27.03.2025 02:30;0,0
27.03.2025 02:45;0,0
27.03.2025 03:00;0,0
27.03.2025 03:15;0,0
27.03.2025 03:30;0,0
27.03.2025 03:45;0,0
27.03.2025 04:00;0,0
27.03.2025 04:15;0,0
27.03.2025 04:30;0,0
27.03.2025 04:45;0,0
27.03.2025 05:00;0,0
27.03.2025 05:15;0,013067500000000001
27.03.2025 05:30;0,026135000000000002
27.03.2025 05:45;0,0392025
27.03.2025 06:00;0,052270000000000004
27.03.2025 06:15;0,09379108333333333
27.03.2025 06:30;0,13531216666666668
27.03.2025 06:45;0,17683325
27.03.2025 07:00;0,21835433333333334
27.03.2025 07:15;0,25476258333333335
27.03.2025 07:30;0,2911708333333333
27.03.2025 07:45;0,3275790833333333
27.03.2025 08:00;0,36398733333333333
27.03.2025 08:15;0,39347391666666665
27.03.2025 08:30;0,42296049999999996
27.03.2025 08:45;0,45244708333333333
27.03.2025 09:00;0,48193366666666665
27.03.2025 09:15;0,4955893333333333
27.03.2025 09:30;0,509245
27.03.2025 09:45;0,5229006666666667
27.03.2025 10:00;0,5365563333333333
27.03.2025 10:15;0,5433525833333332
27.03.2025 10:30;0,5501488333333333
27.03.2025 10:45;0,5569450833333334
27.03.2025 11:00;0,5637413333333333
27.03.2025 11:15;0,5629985833333333
27.03.2025 11:30;0,5622558333333334
27.03.2025 11:45;0,5615130833333334
27.03.2025 12:00;0,5607703333333334
27.03.2025 12:15;0,5464025833333334
27.03.2025 12:30;0,5320348333333333
27.03.2025 12:45;0,5176670833333333
27.03.2025 13:00;0,5032993333333333
27.03.2025 13:15;0,4735835
27.03.2025 13:30;0,44386766666666666
27.03.2025 13:45;0,41415183333333333
27.03.2025 14:00;0,384436
27.03.2025 14:15;0,3516980833333333
27.03.2025 14:30;0,31896016666666666
27.03.2025 14:45;0,28622225
27.03.2025 15:00;0,2534843333333333
27.03.2025 15:15;0,22700616666666665
27.03.2025 15:30;0,20052799999999998
27.03.2025 15:45;0,17404983333333335
27.03.2025 16:00;0,14757166666666668
27.03.2025 16:15;0,11647325000000001
27.03.2025 16:30;0,08537483333333334
27.03.2025 16:45;0,054276416666666674
27.03.2025 17:00;0,023178
27.03.2025 17:15;0,0173835
27.03.2025 17:30;0,011589
27.03.2025 17:45;0,005794500000000001
27.03.2025 18:00;0,0
27.03.2025 18:15;0,0
27.03.2025 18:30;0,0
27.03.2025 18:45;0,0
27.03.2025 19:00;0,0
27.03.2025 19:15;0,0
27.03.2025 19:30;0,0
27.03.2025 19:45;0,0
27.03.2025 20:00;0,0
27.03.2025 20:15;0,0
27.03.2025 20:30;0,0
27.03.2025 20:45;0,0
27.03.2025 21:00;0,0
27.03.2025 21:15;0,0
27.03.2025 21:30;0,0
27.03.2025 21:45;0,0
27.03.2025 22:00;0,0
27.03.2025 22:15;0,0
27.03.2025 22:30;0,0
27.03.2025 22:45;0,0
27.03.2025 23:00;0,0
27.03.2025 23:15;0,0
27.03.2025 23:30;0,0
27.03.2025 23:45;0,0
28.03.2025 00:00;0,0
28.03.2025 00:15;0,0
28.03.2025 00:30;0,0
28.03.2025 00:45;0,0
28.03.2025 01:00;0,0
28.03.2025 01:15;0,0
28.03.2025 01:30;0,0
28.03.2025 01:45;0,0
28.03.2025 02:00;0,0
28.03.2025 02:15;0,0
28.03.2025 02:30;0,0
28.03.2025 02:45;0,0
28.03.2025 03:00;0,0
28.03.2025 03:15;0,0
28.03.2025 03:30;0,0
28.03.2025 03:45;0,0
28.03.2025 04:00;0,0
28.03.2025 04:15;0,0
28.03.2025 04:30;0,0
28.03.2025 04:45;0,0
28.03.2025 05:00;0,0
28.03.2025 05:15;0,014059583333333334
28.03.2025 05:30;0,028119166666666667
28.03.2025 05:45;0,04217875
28.03.2025 06:00;0,05623833333333333
28.03.2025 06:15;0,09641716666666666
28.03.2025 06:30;0,136596
28.03.2025 06:45;0,17677483333333333
28.03.2025 07:00;0,21695366666666666
28.03.2025 07:15;0,25410208333333334
28.03.2025 07:30;0,29125049999999997
28.03.2025 07:45;0,32839891666666665
28.03.2025 08:00;0,36554733333333334
28.03.2025 08:15;0,3892995833333333
28.03.2025 08:30;0,4130518333333333
28.03.2025 08:45;0,4368040833333333
28.03.2025 09:00;0,4605563333333333
28.03.2025 09:15;0,47116199999999997
28.03.2025 09:30;0,4817676666666666
28.03.2025 09:45;0,4923733333333333
28.03.2025 10:00;0,502979
28.03.2025 10:15;0,5133984166666666
28.03.2025 10:30;0,5238178333333333
28.03.2025 10:45;0,53423725
28.03.2025 11:00;0,5446566666666667
28.03.2025 11:15;0,5532679166666666
28.03.2025 11:30;0,5618791666666667
28.03.2025 11:45;0,5704904166666667
28.03.2025 12:00;0,5791016666666666
28.03.2025 12:15;0,5777550833333333
28.03.2025 12:30;0,5764084999999999
28.03.2025 12:45;0,5750619166666666
28.03.2025 13:00;0,5737153333333332
28.03.2025 13:15;0,5443582499999999
28.03.2025 13:30;0,5150011666666666
28.03.2025 13:45;0,4856440833333333
28.03.2025 14:00;0,456287
28.03.2025 14:15;0,422653
28.03.2025 14:30;0,389019
28.03.2025 14:45;0,355385
28.03.2025 15:00;0,321751
28.03.2025 15:15;0,28445925
28.03.2025 15:30;0,2471675
28.03.2025 15:45;0,20987575000000003
28.03.2025 16:00;0,17258400000000002
28.03.2025 16:15;0,1359671666666667
28.03.2025 16:30;0,09935033333333335
28.03.2025 16:45;0,06273350000000001
28.03.2025 17:00;0,026116666666666667
28.03.2025 17:15;0,0195875
28.03.2025 17:30;0,013058333333333333
28.03.2025 17:45;0,006529166666666669
28.03.2025 18:00;0,0
28.03.2025 18:15;0,0
28.03.2025 18:30;0,0
28.03.2025 18:45;0,0
28.03.2025 19:00;0,0
28.03.2025 19:15;0,0
28.03.2025 19:30;0,0
28.03.2025 19:45;0,0
28.03.2025 20:00;0,0
28.03.2025 20:15;0,0
28.03.2025 20:30;0,0
28.03.2025 20:45;0,0
28.03.2025 21:00;0,0
28.03.2025 21:15;0,0
28.03.2025 21:30;0,0
28.03.2025 21:45;0,0
28.03.2025 22:00;0,0
28.03.2025 22:15;0,0
28.03.2025 22:30;0,0
28.03.2025 22:45;0,0
28.03.2025 23:00;0,0
28.03.2025 23:15;0,0
28.03.2025 23:30;0,0
28.03.2025 23:45;0,0
29.03.2025 00:00;0,0
29.03.2025 00:15;0,0
29.03.2025 00:30;0,0
29.03.2025 00:45;0,0
29.03.2025 01:00;0,0
29.03.2025 01:15;0,0
29.03.2025 01:30;0,0
29.03.2025 01:45;0,0
29.03.2025 02:00;0,0
29.03.2025 02:15;0,0
29.03.2025 02:30;0,0
29.03.2025 02:45;0,0
29.03.2025 03:00;0,0
29.03.2025 03:15;0,0
29.03.2025 03:30;0,0
29.03.2025 03:45;0,0
29.03.2025 04:00;0,0
29.03.2025 04:15;0,0
29.03.2025 04:30;0,0
29.03.2025 04:45;0,0
29.03.2025 05:00;0,0
29.03.2025 05:15;0,013296916666666667
29.03.2025 05:30;0,026593833333333334
29.03.2025 05:45;0,03989075
29.03.2025 06:00;0,05318766666666666
29.03.2025 06:15;0,08577108333333333
29.03.2025 06:30;0,11835449999999999
29.03.2025 06:45;0,15093791666666664
29.03.2025 07:00;0,18352133333333331
29.03.2025 07:15;0,22082025
29.03.2025 07:30;0,2581191666666667
29.03.2025 07:45;0,2954180833333333
29.03.2025 08:00;0,332717
29.03.2025 08:15;0,35537566666666665
29.03.2025 08:30;0,37803433333333336
29.03.2025 08:45;0,400693
29.03.2025 09:00;0,4233516666666667
29.03.2025 09:15;0,4322151666666667
29.03.2025 09:30;0,4410786666666667
29.03.2025 09:45;0,44994216666666664
29.03.2025 10:00;0,45880566666666667
29.03.2025 10:15;0,46354558333333334
29.03.2025 10:30;0,4682855
29.03.2025 10:45;0,47302541666666664
29.03.2025 11:00;0,4777653333333333
29.03.2025 11:15;0,47472824999999996
29.03.2025 11:30;0,47169116666666666
29.03.2025 11:45;0,46865408333333336
29.03.2025 12:00;0,465617
29.03.2025 12:15;0,44661066666666666
29.03.2025 12:30;0,42760433333333336
29.03.2025 12:45;0,408598
29.03.2025 13:00;0,38959166666666667
29.03.2025 13:15;0,3716115
29.03.2025 13:30;0,3536313333333333
29.03.2025 13:45;0,33565116666666667
29.03.2025 14:00;0,317671
29.03.2025 14:15;0,29613849999999997
29.03.2025 14:30;0,274606
29.03.2025 14:45;0,2530735
29.03.2025 15:00;0,231541
29.03.2025 15:15;0,20408608333333333
29.03.2025 15:30;0,17663116666666667
29.03.2025 15:45;0,14917625
29.03.2025 16:00;0,12172133333333333
29.03.2025 16:15;0,097401
29.03.2025 16:30;0,07308066666666667
29.03.2025 16:45;0,048760333333333336
29.03.2025 17:00;0,02444
29.03.2025 17:15;0,01833
29.03.2025 17:30;0,01222
29.03.2025 17:45;0,006110000000000001
29.03.2025 18:00;0,0
29.03.2025 18:15;0,0
29.03.2025 18:30;0,0
29.03.2025 18:45;0,0
29.03.2025 19:00;0,0
29.03.2025 19:15;0,0
29.03.2025 19:30;0,0
29.03.2025 19:45;0,0
29.03.2025 20:00;0,0
29.03.2025 20:15;0,0
29.03.2025 20:30;0,0
29.03.2025 20:45;0,0
29.03.2025 21:00;0,0
29.03.2025 21:15;0,0
29.03.2025 21:30;0,0
29.03.2025 21:45;0,0
29.03.2025 22:00;0,0
29.03.2025 22:15;0,0
29.03.2025 22:30;0,0
29.03.2025 22:45;0,0
29.03.2025 23:00;0,0
29.03.2025 23:15;0,0
29.03.2025 23:30;0,0
29.03.2025 23:45;0,0
30.03.2025 00:00;0,0
30.03.2025 00:15;0,0
30.03.2025 00:30;0,0
30.03.2025 00:45;0,0
30.03.2025 01:00;0,0
30.03.2025 01:15;0,0
30.03.2025 01:30;0,0
30.03.2025 01:45;0,0
30.03.2025 02:00;0,0
30.03.2025 02:15;0,0
30.03.2025 02:30;0,0
30.03.2025 02:45;0,0
30.03.2025 03:00;0,0
30.03.2025 03:15;0,0
30.03.2025 03:30;0,0
30.03.2025 03:45;0,0
30.03.2025 04:00;0,0
30.03.2025 04:15;0,0
30.03.2025 04:30;0,0
30.03.2025 04:45;0,0
30.03.2025 05:00;0,0
30.03.2025 05:15;0,013440333333333334
30.03.2025 05:30;0,026880666666666667
30.03.2025 05:45;0,040321
30.03.2025 06:00;0,053761333333333335
30.03.2025 06:15;0,0861055
30.03.2025 06:30;0,11844966666666668
30.03.2025 06:45;0,15079383333333335
30.03.2025 07:00;0,183138
30.03.2025 07:15;0,2134105
30.03.2025 07:30;0,24368299999999998
30.03.2025 07:45;0,2739555
30.03.2025 08:00;0,304228
30.03.2025 08:15;0,3252729166666667
30.03.2025 08:30;0,3463178333333333
30.03.2025 08:45;0,36736274999999996
30.03.2025 09:00;0,38840766666666665
30.03.2025 09:15;0,4096221666666666
30.03.2025 09:30;0,43083666666666665
30.03.2025 09:45;0,45205116666666667
30.03.2025 10:00;0,47326566666666664
30.03.2025 10:15;0,49019366666666664
30.03.2025 10:30;0,5071216666666667
30.03.2025 10:45;0,5240496666666666
30.03.2025 11:00;0,5409776666666667
30.03.2025 11:15;0,5507535
30.03.2025 11:30;0,5605293333333333
30.03.2025 11:45;0,5703051666666666
30.03.2025 12:00;0,580081
30.03.2025 12:15;0,5530974166666667
30.03.2025 12:30;0,5261138333333333
30.03.2025 12:45;0,49913025
30.03.2025 13:00;0,47214666666666666
30.03.2025 13:15;0,445788
30.03.2025 13:30;0,4194293333333333
30.03.2025 13:45;0,3930706666666667
30.03.2025 14:00;0,366712
30.03.2025 14:15;0,3450770833333333
30.03.2025 14:30;0,3234421666666667
30.03.2025 14:45;0,30180725
30.03.2025 15:00;0,28017233333333336
30.03.2025 15:15;0,2491199166666667
30.03.2025 15:30;0,21806750000000003
30.03.2025 15:45;0,18701508333333333
30.03.2025 16:00;0,15596266666666667
30.03.2025 16:15;0,12356391666666666
30.03.2025 16:30;0,09116516666666667
30.03.2025 16:45;0,05876641666666668
30.03.2025 17:00;0,026367666666666668
30.03.2025 17:15;0,01977575
30.03.2025 17:30;0,013183833333333334
30.03.2025 17:45;0,006591916666666666
30.03.2025 18:00;0,0
30.03.2025 18:15;0,0
30.03.2025 18:30;0,0
30.03.2025 18:45;0,0
30.03.2025 19:00;0,0
30.03.2025 19:15;0,0
30.03.2025 19:30;0,0
30.03.2025 19:45;0,0
30.03.2025 20:00;0,0
30.03.2025 20:15;0,0
30.03.2025 20:30;0,0
30.03.2025 20:45;0,0
30.03.2025 21:00;0,0
30.03.2025 21:15;0,0
30.03.2025 21:30;0,0
30.03.2025 21:45;0,0
30.03.2025 22:00;0,0
30.03.2025 22:15;0,0
30.03.2025 22:30;0,0
30.03.2025 22:45;0,0
30.03.2025 23:00;0,0
30.03.2025 23:15;0,0
30.03.2025 23:30;0,0
30.03.2025 23:45;0,0
31.03.2025 00:00;0,0
31.03.2025 00:15;0,0
31.03.2025 00:30;0,0
31.03.2025 00:45;0,0
31.03.2025 01:00;0,0
31.03.2025 01:15;0,0
31.03.2025 01:30;0,0
31.03.2025 01:45;0,0
31.03.2025 02:00;0,0
31.03.2025 02:15;0,0
31.03.2025 02:30;0,0
31.03.2025 02:45;0,0
31.03.2025 03:00;0,0
31.03.2025 03:15;0,0
31.03.2025 03:30;0,0
31.03.2025 03:45;0,0
31.03.2025 04:00;0,0
31.03.2025 04:15;0,0
31.03.2025 04:30;0,0
31.03.2025 04:45;0,0
31.03.2025 05:00;0,0
31.03.2025 05:15;0,017972083333333333
31.03.2025 05:30;0,035944166666666666
31.03.2025 05:45;0,05391625
31.03.2025 06:00;0,07188833333333333
31.03.2025 06:15;0,11509983333333333
31.03.2025 06:30;0,15831133333333333
31.03.2025 06:45;0,20152283333333335
31.03.2025 07:00;0,24473433333333333
31.03.2025 07:15;0,28496900000000003
31.03.2025 07:30;0,32520366666666667
31.03.2025 07:45;0,3654383333333333
31.03.2025 08:00;0,405673
31.03.2025 08:15;0,43306
31.03.2025 08:30;0,46044700000000005
31.03.2025 08:45;0,48783400000000005
31.03.2025 09:00;0,515221
31.03.2025 09:15;0,5337295833333333
31.03.2025 09:30;0,5522381666666667
31.03.2025 09:45;0,5707467500000001
31.03.2025 10:00;0,5892553333333334
31.03.2025 10:15;0,5907565833333334
31.03.2025 10:30;0,5922578333333334
31.03.2025 10:45;0,5937590833333334
31.03.2025 11:00;0,5952603333333334
31.03.2025 11:15;0,5796261666666667
31.03.2025 11:30;0,563992
31.03.2025 11:45;0,5483578333333334
31.03.2025 12:00;0,5327236666666667
31.03.2025 12:15;0,5247365
31.03.2025 12:30;0,5167493333333334
31.03.2025 12:45;0,5087621666666667
31.03.2025 13:00;0,5007750000000001
31.03.2025 13:15;0,4871995833333334
31.03.2025 13:30;0,4736241666666667
31.03.2025 13:45;0,46004875
31.03.2025 14:00;0,44647333333333333
31.03.2025 14:15;0,4155329166666667
31.03.2025 14:30;0,3845925
31.03.2025 14:45;0,3536520833333333
31.03.2025 15:00;0,3227116666666667
31.03.2025 15:15;0,28607883333333334
31.03.2025 15:30;0,249446
31.03.2025 15:45;0,21281316666666666
31.03.2025 16:00;0,17618033333333333
31.03.2025 16:15;0,13970791666666665
31.03.2025 16:30;0,1032355
31.03.2025 16:45;0,06676308333333332
31.03.2025 17:00;0,030290666666666667
31.03.2025 17:15;0,022718
31.03.2025 17:30;0,015145333333333332
31.03.2025 17:45;0,007572666666666665
31.03.2025 18:00;0,0
31.03.2025 18:15;0,0
31.03.2025 18:30;0,0
31.03.2025 18:45;0,0
31.03.2025 19:00;0,0
31.03.2025 19:15;0,0
31.03.2025 19:30;0,0
31.03.2025 19:45;0,0
31.03.2025 20:00;0,0
31.03.2025 20:15;0,0
31.03.2025 20:30;0,0
31.03.2025 20:45;0,0
31.03.2025 21:00;0,0
31.03.2025 21:15;0,0
31.03.2025 21:30;0,0
31.03.2025 21:45;0,0
31.03.2025 22:00;0,0
31.03.2025 22:15;0,0
31.03.2025 22:30;0,0
31.03.2025 22:45;0,0
31.03.2025 23:00;0,0
31.03.2025 23:15;0,0
31.03.2025 23:30;0,0
31.03.2025 23:45;0,0
01.04.2025 00:00;0,0
01.04.2025 00:15;0,0
01.04.2025 00:30;0,0
01.04.2025 00:45;0,0
01.04.2025 01:00;0,0
01.04.2025 01:15;0,0
01.04.2025 01:30;0,0
01.04.2025 01:45;0,0
01.04.2025 02:00;0,0
01.04.2025 02:15;0,0
01.04.2025 02:30;0,0
01.04.2025 02:45;0,0
01.04.2025 03:00;0,0
01.04.2025 03:15;0,0
01.04.2025 03:30;0,0
01.04.2025 03:45;0,0
01.04.2025 04:00;0,0
01.04.2025 04:15;0,0
01.04.2025 04:30;0,0
01.04.2025 04:45;0,0
01.04.2025 05:00;0,0
01.04.2025 05:15;0,01381225
01.04.2025 05:30;0,0276245
01.04.2025 05:45;0,04143675
01.04.2025 06:00;0,055249
01.04.2025 06:15;0,09259658333333333
01.04.2025 06:30;0,12994416666666667
01.04.2025 06:45;0,16729175
01.04.2025 07:00;0,2046393333333333
01.04.2025 07:15;0,2405243333333333
01.04.2025 07:30;0,27640933333333334
01.04.2025 07:45;0,31229433333333334
01.04.2025 08:00;0,34817933333333334
01.04.2025 08:15;0,37280625
01.04.2025 08:30;0,39743316666666667
01.04.2025 08:45;0,42206008333333334
01.04.2025 09:00;0,446687
01.04.2025 09:15;0,46157716666666665
01.04.2025 09:30;0,47646733333333335
01.04.2025 09:45;0,4913575
01.04.2025 10:00;0,5062476666666667
01.04.2025 10:15;0,51241025
01.04.2025 10:30;0,5185728333333333
01.04.2025 10:45;0,5247354166666667
01.04.2025 11:00;0,530898
01.04.2025 11:15;0,5221268333333333
01.04.2025 11:30;0,5133556666666667
01.04.2025 11:45;0,5045845
01.04.2025 12:00;0,49581333333333333
01.04.2025 12:15;0,48569483333333335
01.04.2025 12:30;0,4755763333333334
01.04.2025 12:45;0,46545783333333335
01.04.2025 13:00;0,4553393333333334
01.04.2025 13:15;0,4382059166666667
01.04.2025 13:30;0,4210725
01.04.2025 13:45;0,40393908333333334
01.04.2025 14:00;0,38680566666666666
01.04.2025 14:15;0,3628520833333333
01.04.2025 14:30;0,3388985
01.04.2025 14:45;0,3149449166666667
01.04.2025 15:00;0,2909913333333333
01.04.2025 15:15;0,26055425
01.04.2025 15:30;0,23011716666666665
01.04.2025 15:45;0,1996800833333333
01.04.2025 16:00;0,16924299999999998
01.04.2025 16:15;0,13375458333333332
01.04.2025 16:30;0,09826616666666665
01.04.2025 16:45;0,06277775
01.04.2025 17:00;0,027289333333333336
01.04.2025 17:15;0,020467000000000003
01.04.2025 17:30;0,013644666666666668
01.04.2025 17:45;0,006822333333333333
01.04.2025 18:00;0,0
01.04.2025 18:15;0,0
01.04.2025 18:30;0,0
01.04.2025 18:45;0,0
01.04.2025 19:00;0,0
01.04.2025 19:15;0,0
01.04.2025 19:30;0,0
01.04.2025 19:45;0,0
01.04.2025 20:00;0,0
01.04.2025 20:15;0,0
01.04.2025 20:30;0,0
01.04.2025 20:45;0,0
01.04.2025 21:00;0,0
01.04.2025 21:15;0,0
01.04.2025 21:30;0,0
01.04.2025 21:45;0,0
01.04.2025 22:00;0,0
01.04.2025 22:15;0,0
01.04.2025 22:30;0,0
01.04.2025 22:45;0,0
01.04.2025 23:00;0,0
01.04.2025 23:15;0,0
01.04.2025 23:30;0,0
01.04.2025 23:45;0,0
02.04.2025 00:00;0,0
02.04.2025 00:15;0,0
02.04.2025 00:30;0,0
02.04.2025 00:45;0,0
02.04.2025 01:00;0,0
02.04.2025 01:15;0,0
02.04.2025 01:30;0,0
02.04.2025 01:45;0,0
02.04.2025 02:00;0,0
02.04.2025 02:15;0,0
02.04.2025 02:30;0,0
02.04.2025 02:45;0,0
02.04.2025 03:00;0,0
02.04.2025 03:15;0,0
02.04.2025 03:30;0,0
02.04.2025 03:45;0,0
02.04.2025 04:00;0,0
02.04.2025 04:15;0,0
02.04.2025 04:30;0,0
02.04.2025 04:45;0,0
02.04.2025 05:00;0,0
02.04.2025 05:15;0,011398
02.04.2025 05:30;0,022796
02.04.2025 05:45;0,034194
02.04.2025 06:00;0,045592
02.04.2025 06:15;0,07790133333333334
02.04.2025 06:30;0,11021066666666668
02.04.2025 06:45;0,14252
02.04.2025 07:00;0,17482933333333334
02.04.2025 07:15;0,21138433333333334
02.04.2025 07:30;0,24793933333333334
02.04.2025 07:45;0,28449433333333335
02.04.2025 08:00;0,32104933333333335
02.04.2025 08:15;0,3520074166666667
02.04.2025 08:30;0,3829655
02.04.2025 08:45;0,41392358333333334
02.04.2025 09:00;0,4448816666666667
02.04.2025 09:15;0,4605765
02.04.2025 09:30;0,4762713333333334
02.04.2025 09:45;0,4919661666666667
02.04.2025 10:00;0,507661
02.04.2025 10:15;0,5133931666666667
02.04.2025 10:30;0,5191253333333333
02.04.2025 10:45;0,5248575
02.04.2025 11:00;0,5305896666666666
02.04.2025 11:15;0,5283959166666666
02.04.2025 11:30;0,5262021666666666
02.04.2025 11:45;0,5240084166666666
02.04.2025 12:00;0,5218146666666666
02.04.2025 12:15;0,500242
02.04.2025 12:30;0,47866933333333334
02.04.2025 12:45;0,4570966666666667
02.04.2025 13:00;0,435524
02.04.2025 13:15;0,4090121666666667
02.04.2025 13:30;0,38250033333333333
02.04.2025 13:45;0,3559885
02.04.2025 14:00;0,32947666666666664
02.04.2025 14:15;0,29803175
02.04.2025 14:30;0,26658683333333333
02.04.2025 14:45;0,23514191666666667
02.04.2025 15:00;0,203697
02.04.2025 15:15;0,18123308333333332
02.04.2025 15:30;0,15876916666666666
02.04.2025 15:45;0,13630525
02.04.2025 16:00;0,11384133333333332
02.04.2025 16:15;0,09140008333333333
02.04.2025 16:30;0,06895883333333333
02.04.2025 16:45;0,046517583333333334
02.04.2025 17:00;0,02407633333333333
02.04.2025 17:15;0,018057249999999997
02.04.2025 17:30;0,012038166666666666
02.04.2025 17:45;0,006019083333333335
02.04.2025 18:00;0,0
02.04.2025 18:15;0,0
02.04.2025 18:30;0,0
02.04.2025 18:45;0,0
02.04.2025 19:00;0,0
02.04.2025 19:15;0,0
02.04.2025 19:30;0,0
02.04.2025 19:45;0,0
02.04.2025 20:00;0,0
02.04.2025 20:15;0,0
02.04.2025 20:30;0,0
02.04.2025 20:45;0,0
02.04.2025 21:00;0,0
02.04.2025 21:15;0,0
02.04.2025 21:30;0,0
02.04.2025 21:45;0,0
02.04.2025 22:00;0,0
02.04.2025 22:15;0,0
02.04.2025 22:30;0,0
02.04.2025 22:45;0,0
02.04.2025 23:00;0,0
02.04.2025 23:15;0,0
02.04.2025 23:30;0,0
02.04.2025 23:45;0,0
03.04.2025 00:00;0,0
03.04.2025 00:15;0,0
03.04.2025 00:30;0,0
03.04.2025 00:45;0,0
03.04.2025 01:00;0,0
03.04.2025 01:15;0,0
03.04.2025 01:30;0,0
03.04.2025 01:45;0,0
03.04.2025 02:00;0,0
03.04.2025 02:15;0,0
03.04.2025 02:30;0,0
03.04.2025 02:45;0,0
03.04.2025 03:00;0,0
03.04.2025 03:15;0,0
03.04.2025 03:30;0,0
03.04.2025 03:45;0,0
03.04.2025 04:00;0,0
03.04.2025 04:15;0,0
03.04.2025 04:30;0,0
03.04.2025 04:45;0,0
03.04.2025 05:00;0,0
03.04.2025 05:15;0,016339666666666666
03.04.2025 05:30;0,03267933333333333
03.04.2025 05:45;0,04901899999999999
03.04.2025 06:00;0,06535866666666666
03.04.2025 06:15;0,10456941666666666
03.04.2025 06:30;0,14378016666666665
03.04.2025 06:45;0,18299091666666667
03.04.2025 07:00;0,2222016666666667
03.04.2025 07:15;0,26042641666666666
03.04.2025 07:30;0,2986511666666667
03.04.2025 07:45;0,3368759166666667
03.04.2025 08:00;0,3751006666666667
03.04.2025 08:15;0,40122383333333334
03.04.2025 08:30;0,42734700000000003
03.04.2025 08:45;0,45347016666666673
03.04.2025 09:00;0,47959333333333337
03.04.2025 09:15;0,49270783333333334
03.04.2025 09:30;0,5058223333333334
03.04.2025 09:45;0,5189368333333333
03.04.2025 10:00;0,5320513333333333
03.04.2025 10:15;0,5278020833333333
03.04.2025 10:30;0,5235528333333332
03.04.2025 10:45;0,5193035833333333
03.04.2025 11:00;0,5150543333333333
03.04.2025 11:15;0,5084760833333333
03.04.2025 11:30;0,5018978333333333
03.04.2025 11:45;0,49531958333333337
03.04.2025 12:00;0,48874133333333336
03.04.2025 12:15;0,47306675000000004
03.04.2025 12:30;0,4573921666666667
03.04.2025 12:45;0,44171758333333333
03.04.2025 13:00;0,426043
03.04.2025 13:15;0,4026146666666667
03.04.2025 13:30;0,3791863333333333
03.04.2025 13:45;0,35575799999999996
03.04.2025 14:00;0,33232966666666663
03.04.2025 14:15;0,311669
03.04.2025 14:30;0,2910083333333333
03.04.2025 14:45;0,27034766666666665
03.04.2025 15:00;0,24968700000000002
03.04.2025 15:15;0,22234541666666668
03.04.2025 15:30;0,19500383333333335
03.04.2025 15:45;0,16766225
03.04.2025 16:00;0,14032066666666668
03.04.2025 16:15;0,11248675000000001
03.04.2025 16:30;0,08465283333333334
03.04.2025 16:45;0,05681891666666666
03.04.2025 17:00;0,028985
03.04.2025 17:15;0,02173875
03.04.2025 17:30;0,0144925
03.04.2025 17:45;0,007246249999999999
03.04.2025 18:00;0,0
03.04.2025 18:15;0,0
03.04.2025 18:30;0,0
03.04.2025 18:45;0,0
03.04.2025 19:00;0,0
03.04.2025 19:15;0,0
03.04.2025 19:30;0,0
03.04.2025 19:45;0,0
03.04.2025 20:00;0,0
03.04.2025 20:15;0,0
03.04.2025 20:30;0,0
03.04.2025 20:45;0,0
03.04.2025 21:00;0,0
03.04.2025 21:15;0,0
03.04.2025 21:30;0,0
03.04.2025 21:45;0,0
03.04.2025 22:00;0,0
03.04.2025 22:15;0,0
03.04.2025 22:30;0,0
03.04.2025 22:45;0,0
03.04.2025 23:00;0,0
03.04.2025 23:15;0,0
03.04.2025 23:30;0,0
03.04.2025 23:45;0,0
04.04.2025 00:00;0,0
04.04.2025 00:15;0,0
04.04.2025 00:30;0,0
04.04.2025 00:45;0,0
04.04.2025 01:00;0,0
04.04.2025 01:15;0,0
04.04.2025 01:30;0,0
04.04.2025 01:45;0,0
04.04.2025 02:00;0,0
04.04.2025 02:15;0,0
04.04.2025 02:30;0,0
04.04.2025 02:45;0,0
04.04.2025 03:00;0,0
04.04.2025 03:15;0,0
04.04.2025 03:30;0,0
04.04.2025 03:45;0,0
04.04.2025 04:00;0,0
04.04.2025 04:15;0,0
04.04.2025 04:30;0,0
04.04.2025 04:45;0,0
04.04.2025 05:00;0,0
04.04.2025 05:15;0,015870166666666668
04.04.2025 05:30;0,031740333333333336
04.04.2025 05:45;0,0476105
04.04.2025 06:00;0,06348066666666667
04.04.2025 06:15;0,10149075
04.04.2025 06:30;0,13950083333333335
04.04.2025 06:45;0,17751091666666668
04.04.2025 07:00;0,215521
04.04.2025 07:15;0,25181966666666666
04.04.2025 07:30;0,2881183333333333
04.04.2025 07:45;0,32441699999999996
04.04.2025 08:00;0,36071566666666666
04.04.2025 08:15;0,3831268333333333
04.04.2025 08:30;0,40553799999999995
04.04.2025 08:45;0,42794916666666666
04.04.2025 09:00;0,4503603333333333
04.04.2025 09:15;0,45804291666666663
04.04.2025 09:30;0,4657255
04.04.2025 09:45;0,47340808333333334
04.04.2025 10:00;0,48109066666666667
04.04.2025 10:15;0,4800876666666667
04.04.2025 10:30;0,47908466666666666
04.04.2025 10:45;0,4780816666666666
04.04.2025 11:00;0,47707866666666665
04.04.2025 11:15;0,45161091666666664
04.04.2025 11:30;0,42614316666666663
04.04.2025 11:45;0,4006754166666667
04.04.2025 12:00;0,37520766666666666
04.04.2025 12:15;0,35805591666666664
04.04.2025 12:30;0,3409041666666667
04.04.2025 12:45;0,32375241666666665
04.04.2025 13:00;0,30660066666666663
04.04.2025 13:15;0,29706416666666663
04.04.2025 13:30;0,2875276666666666
04.04.2025 13:45;0,2779911666666667
04.04.2025 14:00;0,2684546666666667
04.04.2025 14:15;0,2544410833333333
04.04.2025 14:30;0,24042750000000002
04.04.2025 14:45;0,2264139166666667
04.04.2025 15:00;0,21240033333333336
04.04.2025 15:15;0,18673050000000002
04.04.2025 15:30;0,16106066666666669
04.04.2025 15:45;0,13539083333333335
04.04.2025 16:00;0,109721
04.04.2025 16:15;0,08867558333333334
04.04.2025 16:30;0,06763016666666666
04.04.2025 16:45;0,046584749999999994
04.04.2025 17:00;0,025539333333333334
04.04.2025 17:15;0,0191545
04.04.2025 17:30;0,012769666666666667
04.04.2025 17:45;0,006384833333333336
04.04.2025 18:00;0,0
04.04.2025 18:15;0,0
04.04.2025 18:30;0,0
04.04.2025 18:45;0,0
04.04.2025 19:00;0,0
04.04.2025 19:15;0,0
04.04.2025 19:30;0,0
04.04.2025 19:45;0,0
04.04.2025 20:00;0,0
04.04.2025 20:15;0,0
04.04.2025 20:30;0,0
04.04.2025 20:45;0,0
04.04.2025 21:00;0,0
04.04.2025 21:15;0,0
04.04.2025 21:30;0,0
04.04.2025 21:45;0,0
04.04.2025 22:00;0,0
04.04.2025 22:15;0,0
04.04.2025 22:30;0,0
04.04.2025 22:45;0,0
04.04.2025 23:00;0,0
04.04.2025 23:15;0,0
04.04.2025 23:30;0,0
04.04.2025 23:45;0,0
05.04.2025 00:00;0,0
05.04.2025 00:15;0,0
05.04.2025 00:30;0,0
05.04.2025 00:45;0,0
05.04.2025 01:00;0,0
05.04.2025 01:15;0,0
05.04.2025 01:30;0,0
05.04.2025 01:45;0,0
05.04.2025 02:00;0,0
05.04.2025 02:15;0,0
05.04.2025 02:30;0,0
05.04.2025 02:45;0,0
05.04.2025 03:00;0,0
05.04.2025 03:15;0,0
05.04.2025 03:30;0,0
05.04.2025 03:45;0,0
05.04.2025 04:00;0,0
05.04.2025 04:15;0,0
05.04.2025 04:30;0,0
05.04.2025 04:45;0,0
05.04.2025 05:00;0,0
05.04.2025 05:15;0,015363666666666664
05.04.2025 05:30;0,03072733333333333
05.04.2025 05:45;0,04609099999999999
05.04.2025 06:00;0,061454666666666664
05.04.2025 06:15;0,09238591666666666
05.04.2025 06:30;0,12331716666666667
05.04.2025 06:45;0,15424841666666667
05.04.2025 07:00;0,18517966666666666
05.04.2025 07:15;0,21828283333333334
05.04.2025 07:30;0,251386
05.04.2025 07:45;0,2844891666666667
05.04.2025 08:00;0,31759233333333337
05.04.2025 08:15;0,34094558333333336
05.04.2025 08:30;0,36429883333333335
05.04.2025 08:45;0,38765208333333334
05.04.2025 09:00;0,41100533333333333
05.04.2025 09:15;0,41261075
05.04.2025 09:30;0,41421616666666666
05.04.2025 09:45;0,4158215833333333
05.04.2025 10:00;0,417427
05.04.2025 10:15;0,43063425
05.04.2025 10:30;0,4438415
05.04.2025 10:45;0,45704875
05.04.2025 11:00;0,470256
05.04.2025 11:15;0,47154233333333334
05.04.2025 11:30;0,4728286666666667
05.04.2025 11:45;0,47411499999999995
05.04.2025 12:00;0,4754013333333333
05.04.2025 12:15;0,45380449999999994
05.04.2025 12:30;0,43220766666666666
05.04.2025 12:45;0,41061083333333337
05.04.2025 13:00;0,389014
05.04.2025 13:15;0,3817743333333333
05.04.2025 13:30;0,3745346666666667
05.04.2025 13:45;0,36729500000000004
05.04.2025 14:00;0,36005533333333334
05.04.2025 14:15;0,33844875
05.04.2025 14:30;0,31684216666666665
05.04.2025 14:45;0,29523558333333333
05.04.2025 15:00;0,273629
05.04.2025 15:15;0,24416275
05.04.2025 15:30;0,2146965
05.04.2025 15:45;0,18523024999999999
05.04.2025 16:00;0,155764
05.04.2025 16:15;0,12549600000000002
05.04.2025 16:30;0,09522800000000001
05.04.2025 16:45;0,06496
05.04.2025 17:00;0,034691999999999994
05.04.2025 17:15;0,026018999999999994
05.04.2025 17:30;0,017345999999999997
05.04.2025 17:45;0,008672999999999997
05.04.2025 18:00;0,0
05.04.2025 18:15;0,0
05.04.2025 18:30;0,0
05.04.2025 18:45;0,0
05.04.2025 19:00;0,0
05.04.2025 19:15;0,0
05.04.2025 19:30;0,0
05.04.2025 19:45;0,0
05.04.2025 20:00;0,0
05.04.2025 20:15;0,0
05.04.2025 20:30;0,0
05.04.2025 20:45;0,0
05.04.2025 21:00;0,0
05.04.2025 21:15;0,0
05.04.2025 21:30;0,0
05.04.2025 21:45;0,0
05.04.2025 22:00;0,0
05.04.2025 22:15;0,0
05.04.2025 22:30;0,0
05.04.2025 22:45;0,0
05.04.2025 23:00;0,0
05.04.2025 23:15;0,0
05.04.2025 23:30;0,0
05.04.2025 23:45;0,0
06.04.2025 00:00;0,0
06.04.2025 00:15;0,0
06.04.2025 00:30;0,0
06.04.2025 00:45;0,0
06.04.2025 01:00;0,0
06.04.2025 01:15;0,0
06.04.2025 01:30;0,0
06.04.2025 01:45;0,0
06.04.2025 02:00;0,0
06.04.2025 02:15;0,0
06.04.2025 02:30;0,0
06.04.2025 02:45;0,0
06.04.2025 03:00;0,0
06.04.2025 03:15;0,0
06.04.2025 03:30;0,0
06.04.2025 03:45;0,0
06.04.2025 04:00;0,0
06.04.2025 04:15;0,0
06.04.2025 04:30;0,0
06.04.2025 04:45;0,0
06.04.2025 05:00;0,0
06.04.2025 05:15;0,015748166666666667
06.04.2025 05:30;0,031496333333333335
06.04.2025 05:45;0,0472445
06.04.2025 06:00;0,06299266666666667
06.04.2025 06:15;0,09868966666666668
06.04.2025 06:30;0,13438666666666665
06.04.2025 06:45;0,1700836666666667
06.04.2025 07:00;0,20578066666666667
06.04.2025 07:15;0,24401166666666668
06.04.2025 07:30;0,2822426666666667
06.04.2025 07:45;0,3204736666666667
06.04.2025 08:00;0,3587046666666667
06.04.2025 08:15;0,3934836666666667
06.04.2025 08:30;0,4282626666666667
06.04.2025 08:45;0,4630416666666667
06.04.2025 09:00;0,49782066666666663
06.04.2025 09:15;0,5065885
06.04.2025 09:30;0,5153563333333333
06.04.2025 09:45;0,5241241666666667
06.04.2025 10:00;0,532892
06.04.2025 10:15;0,5368511666666667
06.04.2025 10:30;0,5408103333333334
06.04.2025 10:45;0,5447695000000001
06.04.2025 11:00;0,5487286666666668
06.04.2025 11:15;0,5511723333333334
06.04.2025 11:30;0,553616
06.04.2025 11:45;0,5560596666666666
06.04.2025 12:00;0,5585033333333332
06.04.2025 12:15;0,5506553333333333
06.04.2025 12:30;0,5428073333333333
06.04.2025 12:45;0,5349593333333333
06.04.2025 13:00;0,5271113333333334
06.04.2025 13:15;0,515069
06.04.2025 13:30;0,5030266666666667
06.04.2025 13:45;0,49098433333333336
06.04.2025 14:00;0,478942
06.04.2025 14:15;0,45773241666666664
06.04.2025 14:30;0,4365228333333333
06.04.2025 14:45;0,41531325
06.04.2025 15:00;0,3941036666666667
06.04.2025 15:15;0,350521
06.04.2025 15:30;0,3069383333333333
06.04.2025 15:45;0,26335566666666665
06.04.2025 16:00;0,219773
06.04.2025 16:15;0,17580116666666668
06.04.2025 16:30;0,13182933333333333
06.04.2025 16:45;0,08785749999999998
06.04.2025 17:00;0,04388566666666667
06.04.2025 17:15;0,032914250000000006
06.04.2025 17:30;0,021942833333333335
06.04.2025 17:45;0,010971416666666671
06.04.2025 18:00;0,0
06.04.2025 18:15;0,0
06.04.2025 18:30;0,0
06.04.2025 18:45;0,0
06.04.2025 19:00;0,0
06.04.2025 19:15;0,0
06.04.2025 19:30;0,0
06.04.2025 19:45;0,0
06.04.2025 20:00;0,0
06.04.2025 20:15;0,0
06.04.2025 20:30;0,0
06.04.2025 20:45;0,0
06.04.2025 21:00;0,0
06.04.2025 21:15;0,0
06.04.2025 21:30;0,0
06.04.2025 21:45;0,0
06.04.2025 22:00;0,0
06.04.2025 22:15;0,0
06.04.2025 22:30;0,0
06.04.2025 22:45;0,0
06.04.2025 23:00;0,0
06.04.2025 23:15;0,0
06.04.2025 23:30;0,0
06.04.2025 23:45;0,0
07.04.2025 00:00;0,0
07.04.2025 00:15;0,0
07.04.2025 00:30;0,0
07.04.2025 00:45;0,0
07.04.2025 01:00;0,0
07.04.2025 01:15;0,0
07.04.2025 01:30;0,0
07.04.2025 01:45;0,0
07.04.2025 02:00;0,0
07.04.2025 02:15;0,0
07.04.2025 02:30;0,0
07.04.2025 02:45;0,0
07.04.2025 03:00;0,0
07.04.2025 03:15;0,0
07.04.2025 03:30;0,0
07.04.2025 03:45;0,0
07.04.2025 04:00;0,0
07.04.2025 04:15;1,3416666666666666e-05
07.04.2025 04:30;2,6833333333333333e-05
07.04.2025 04:45;4,0249999999999996e-05
07.04.2025 05:00;5,3666666666666666e-05
07.04.2025 05:15;0,018592916666666667
07.04.2025 05:30;0,03713216666666667
07.04.2025 05:45;0,05567141666666667
07.04.2025 06:00;0,07421066666666666
07.04.2025 06:15;0,11375866666666666
07.04.2025 06:30;0,15330666666666665
07.04.2025 06:45;0,19285466666666667
07.04.2025 07:00;0,23240266666666667
07.04.2025 07:15;0,26877058333333337
07.04.2025 07:30;0,30513850000000003
07.04.2025 07:45;0,3415064166666667
07.04.2025 08:00;0,37787433333333337
07.04.2025 08:15;0,3960788333333334
07.04.2025 08:30;0,41428333333333334
07.04.2025 08:45;0,43248783333333335
07.04.2025 09:00;0,45069233333333336
07.04.2025 09:15;0,45795008333333337
07.04.2025 09:30;0,4652078333333334
07.04.2025 09:45;0,4724655833333333
07.04.2025 10:00;0,47972333333333333
07.04.2025 10:15;0,48465475
07.04.2025 10:30;0,48958616666666666
07.04.2025 10:45;0,49451758333333334
07.04.2025 11:00;0,49944900000000003
07.04.2025 11:15;0,4970455833333334
07.04.2025 11:30;0,4946421666666667
07.04.2025 11:45;0,49223875
07.04.2025 12:00;0,48983533333333334
07.04.2025 12:15;0,48266200000000004
07.04.2025 12:30;0,47548866666666667
07.04.2025 12:45;0,4683153333333333
07.04.2025 13:00;0,461142
07.04.2025 13:15;0,44638924999999996
07.04.2025 13:30;0,4316365
07.04.2025 13:45;0,41688375
07.04.2025 14:00;0,40213099999999996
07.04.2025 14:15;0,37599699999999997
07.04.2025 14:30;0,349863
07.04.2025 14:45;0,323729
07.04.2025 15:00;0,297595
07.04.2025 15:15;0,26571758333333334
07.04.2025 15:30;0,23384016666666665
07.04.2025 15:45;0,20196275
07.04.2025 16:00;0,1700853333333333
07.04.2025 16:15;0,13678391666666664
07.04.2025 16:30;0,10348249999999999
07.04.2025 16:45;0,07018108333333332
07.04.2025 17:00;0,036879666666666665
07.04.2025 17:15;0,027659749999999997
07.04.2025 17:30;0,018439833333333332
07.04.2025 17:45;0,009219916666666668
07.04.2025 18:00;0,0
07.04.2025 18:15;0,0
07.04.2025 18:30;0,0
07.04.2025 18:45;0,0
07.04.2025 19:00;0,0
07.04.2025 19:15;0,0
07.04.2025 19:30;0,0
07.04.2025 19:45;0,0
07.04.2025 20:00;0,0
07.04.2025 20:15;0,0
07.04.2025 20:30;0,0
07.04.2025 20:45;0,0
07.04.2025 21:00;0,0
07.04.2025 21:15;0,0
07.04.2025 21:30;0,0
07.04.2025 21:45;0,0
07.04.2025 22:00;0,0
07.04.2025 22:15;0,0
07.04.2025 22:30;0,0
07.04.2025 22:45;0,0
07.04.2025 23:00;0,0
07.04.2025 23:15;0,0
07.04.2025 23:30;0,0
07.04.2025 23:45;0,0
08.04.2025 00:00;0,0
08.04.2025 00:15;0,0
08.04.2025 00:30;0,0
08.04.2025 00:45;0,0
08.04.2025 01:00;0,0
08.04.2025 01:15;0,0
08.04.2025 01:30;0,0
08.04.2025 01:45;0,0
08.04.2025 02:00;0,0
08.04.2025 02:15;0,0
08.04.2025 02:30;0,0
08.04.2025 02:45;0,0
08.04.2025 03:00;0,0
08.04.2025 03:15;0,0
08.04.2025 03:30;0,0
08.04.2025 03:45;0,0
08.04.2025 04:00;0,0
08.04.2025 04:15;8,975e-05
08.04.2025 04:30;0,0001795
08.04.2025 04:45;0,00026925
08.04.2025 05:00;0,000359
08.04.2025 05:15;0,020429833333333335
08.04.2025 05:30;0,040500666666666664
08.04.2025 05:45;0,0605715
08.04.2025 06:00;0,08064233333333333
08.04.2025 06:15;0,12015608333333333
08.04.2025 06:30;0,15966983333333334
08.04.2025 06:45;0,19918358333333333
08.04.2025 07:00;0,23869733333333334
08.04.2025 07:15;0,275705
08.04.2025 07:30;0,31271266666666664
08.04.2025 07:45;0,3497203333333333
08.04.2025 08:00;0,38672799999999996
08.04.2025 08:15;0,41330849999999997
08.04.2025 08:30;0,439889
08.04.2025 08:45;0,4664695
08.04.2025 09:00;0,49305
08.04.2025 09:15;0,5079788333333333
08.04.2025 09:30;0,5229076666666667
08.04.2025 09:45;0,5378365
08.04.2025 10:00;0,5527653333333333
08.04.2025 10:15;0,5571448333333333
08.04.2025 10:30;0,5615243333333333
08.04.2025 10:45;0,5659038333333334
08.04.2025 11:00;0,5702833333333334
08.04.2025 11:15;0,55301875
08.04.2025 11:30;0,5357541666666668
08.04.2025 11:45;0,5184895833333334
08.04.2025 12:00;0,501225
08.04.2025 12:15;0,49110375000000006
08.04.2025 12:30;0,48098250000000004
08.04.2025 12:45;0,47086125
08.04.2025 13:00;0,46074000000000004
08.04.2025 13:15;0,43892158333333336
08.04.2025 13:30;0,4171031666666667
08.04.2025 13:45;0,39528475
08.04.2025 14:00;0,37346633333333334
08.04.2025 14:15;0,3527423333333333
08.04.2025 14:30;0,3320183333333333
08.04.2025 14:45;0,31129433333333334
08.04.2025 15:00;0,2905703333333333
08.04.2025 15:15;0,25641075
08.04.2025 15:30;0,22225116666666667
08.04.2025 15:45;0,18809158333333334
08.04.2025 16:00;0,153932
08.04.2025 16:15;0,12377350000000001
08.04.2025 16:30;0,093615
08.04.2025 16:45;0,0634565
08.04.2025 17:00;0,033298
08.04.2025 17:15;0,024973500000000003
08.04.2025 17:30;0,016649
08.04.2025 17:45;0,008324500000000002
08.04.2025 18:00;0,0
08.04.2025 18:15;0,0
08.04.2025 18:30;0,0
08.04.2025 18:45;0,0
08.04.2025 19:00;0,0
08.04.2025 19:15;0,0
08.04.2025 19:30;0,0
08.04.2025 19:45;0,0
08.04.2025 20:00;0,0
08.04.2025 20:15;0,0
08.04.2025 20:30;0,0
08.04.2025 20:45;0,0
08.04.2025 21:00;0,0
08.04.2025 21:15;0,0
08.04.2025 21:30;0,0
08.04.2025 21:45;0,0
08.04.2025 22:00;0,0
08.04.2025 22:15;0,0
08.04.2025 22:30;0,0
08.04.2025 22:45;0,0
08.04.2025 23:00;0,0
08.04.2025 23:15;0,0
08.04.2025 23:30;0,0
08.04.2025 23:45;0,0
09.04.2025 00:00;0,0
09.04.2025 00:15;0,0
09.04.2025 00:30;0,0
09.04.2025 00:45;0,0
09.04.2025 01:00;0,0
09.04.2025 01:15;0,0
09.04.2025 01:30;0,0
09.04.2025 01:45;0,0
09.04.2025 02:00;0,0
09.04.2025 02:15;0,0
09.04.2025 02:30;0,0
09.04.2025 02:45;0,0
09.04.2025 03:00;0,0
09.04.2025 03:15;0,0
09.04.2025 03:30;0,0
09.04.2025 03:45;0,0
09.04.2025 04:00;0,0
09.04.2025 04:15;6,866666666666668e-05
09.04.2025 04:30;0,00013733333333333336
09.04.2025 04:45;0,00020600000000000002
09.04.2025 05:00;0,0002746666666666667
09.04.2025 05:15;0,014917499999999998
09.04.2025 05:30;0,02956033333333333
09.04.2025 05:45;0,04420316666666666
09.04.2025 06:00;0,058845999999999996
09.04.2025 06:15;0,08867541666666666
09.04.2025 06:30;0,11850483333333334
09.04.2025 06:45;0,14833425
09.04.2025 07:00;0,17816366666666666
09.04.2025 07:15;0,20774316666666665
09.04.2025 07:30;0,23732266666666665
09.04.2025 07:45;0,26690216666666666
09.04.2025 08:00;0,29648166666666664
09.04.2025 08:15;0,33352166666666666
09.04.2025 08:30;0,3705616666666667
09.04.2025 08:45;0,40760166666666664
09.04.2025 09:00;0,44464166666666666
09.04.2025 09:15;0,4608355833333333
09.04.2025 09:30;0,4770295
09.04.2025 09:45;0,49322341666666664
09.04.2025 10:00;0,5094173333333333
09.04.2025 10:15;0,51332925
09.04.2025 10:30;0,5172411666666666
09.04.2025 10:45;0,5211530833333333
09.04.2025 11:00;0,525065
09.04.2025 11:15;0,51534325
09.04.2025 11:30;0,5056215
09.04.2025 11:45;0,49589975
09.04.2025 12:00;0,486178
09.04.2025 12:15;0,479816
09.04.2025 12:30;0,473454
09.04.2025 12:45;0,46709199999999995
09.04.2025 13:00;0,46073
09.04.2025 13:15;0,4396585833333333
09.04.2025 13:30;0,4185871666666667
09.04.2025 13:45;0,39751575000000006
09.04.2025 14:00;0,3764443333333334
09.04.2025 14:15;0,35277650000000005
09.04.2025 14:30;0,3291086666666667
09.04.2025 14:45;0,30544083333333333
09.04.2025 15:00;0,281773
09.04.2025 15:15;0,2505025
09.04.2025 15:30;0,21923199999999998
09.04.2025 15:45;0,1879615
09.04.2025 16:00;0,156691
09.04.2025 16:15;0,12665425
09.04.2025 16:30;0,0966175
09.04.2025 16:45;0,06658075000000001
09.04.2025 17:00;0,036544
09.04.2025 17:15;0,027408000000000002
09.04.2025 17:30;0,018272
09.04.2025 17:45;0,009135999999999998
09.04.2025 18:00;0,0
09.04.2025 18:15;0,0
09.04.2025 18:30;0,0
09.04.2025 18:45;0,0
09.04.2025 19:00;0,0
09.04.2025 19:15;0,0
09.04.2025 19:30;0,0
09.04.2025 19:45;0,0
09.04.2025 20:00;0,0
09.04.2025 20:15;0,0
09.04.2025 20:30;0,0
09.04.2025 20:45;0,0
09.04.2025 21:00;0,0
09.04.2025 21:15;0,0
09.04.2025 21:30;0,0
09.04.2025 21:45;0,0
09.04.2025 22:00;0,0
09.04.2025 22:15;0,0
09.04.2025 22:30;0,0
09.04.2025 22:45;0,0
09.04.2025 23:00;0,0
09.04.2025 23:15;0,0
09.04.2025 23:30;0,0
09.04.2025 23:45;0,0
10.04.2025 00:00;0,0
10.04.2025 00:15;0,0
10.04.2025 00:30;0,0
10.04.2025 00:45;0,0
10.04.2025 01:00;0,0
10.04.2025 01:15;0,0
10.04.2025 01:30;0,0
10.04.2025 01:45;0,0
10.04.2025 02:00;0,0
10.04.2025 02:15;0,0
10.04.2025 02:30;0,0
10.04.2025 02:45;0,0
10.04.2025 03:00;0,0
10.04.2025 03:15;0,0
10.04.2025 03:30;0,0
10.04.2025 03:45;0,0
10.04.2025 04:00;0,0
10.04.2025 04:15;0,0003005833333333333
10.04.2025 04:30;0,0006011666666666666
10.04.2025 04:45;0,00090175
10.04.2025 05:00;0,0012023333333333332
10.04.2025 05:15;0,0246445
10.04.2025 05:30;0,048086666666666666
10.04.2025 05:45;0,07152883333333333
10.04.2025 06:00;0,094971
10.04.2025 06:15;0,12652891666666666
10.04.2025 06:30;0,15808683333333334
10.04.2025 06:45;0,18964475000000003
10.04.2025 07:00;0,2212026666666667
10.04.2025 07:15;0,27458258333333335
10.04.2025 07:30;0,3279625
10.04.2025 07:45;0,3813424166666667
10.04.2025 08:00;0,4347223333333333
10.04.2025 08:15;0,45473316666666663
10.04.2025 08:30;0,474744
10.04.2025 08:45;0,49475483333333337
10.04.2025 09:00;0,5147656666666667
10.04.2025 09:15;0,5310723333333334
10.04.2025 09:30;0,5473790000000001
10.04.2025 09:45;0,5636856666666666
10.04.2025 10:00;0,5799923333333333
10.04.2025 10:15;0,583909
10.04.2025 10:30;0,5878256666666666
10.04.2025 10:45;0,5917423333333333
10.04.2025 11:00;0,5956589999999999
10.04.2025 11:15;0,5818730833333333
10.04.2025 11:30;0,5680871666666667
10.04.2025 11:45;0,55430125
10.04.2025 12:00;0,5405153333333333
10.04.2025 12:15;0,5314429166666667
10.04.2025 12:30;0,5223705000000001
10.04.2025 12:45;0,5132980833333334
10.04.2025 13:00;0,5042256666666667
10.04.2025 13:15;0,47951283333333333
10.04.2025 13:30;0,4548
10.04.2025 13:45;0,4300871666666667
10.04.2025 14:00;0,40537433333333334
10.04.2025 14:15;0,38451216666666665
10.04.2025 14:30;0,36365000000000003
10.04.2025 14:45;0,34278783333333335
10.04.2025 15:00;0,32192566666666667
10.04.2025 15:15;0,289132
10.04.2025 15:30;0,25633833333333333
10.04.2025 15:45;0,22354466666666667
10.04.2025 16:00;0,190751
10.04.2025 16:15;0,15302833333333332
10.04.2025 16:30;0,11530566666666667
10.04.2025 16:45;0,077583
10.04.2025 17:00;0,03986033333333334
10.04.2025 17:15;0,029895250000000005
10.04.2025 17:30;0,01993016666666667
10.04.2025 17:45;0,009965083333333333
10.04.2025 18:00;0,0
10.04.2025 18:15;0,0
10.04.2025 18:30;0,0
10.04.2025 18:45;0,0
10.04.2025 19:00;0,0
10.04.2025 19:15;0,0
10.04.2025 19:30;0,0
10.04.2025 19:45;0,0
10.04.2025 20:00;0,0
10.04.2025 20:15;0,0
10.04.2025 20:30;0,0
10.04.2025 20:45;0,0
10.04.2025 21:00;0,0
10.04.2025 21:15;0,0
10.04.2025 21:30;0,0
10.04.2025 21:45;0,0
10.04.2025 22:00;0,0
10.04.2025 22:15;0,0
10.04.2025 22:30;0,0
10.04.2025 22:45;0,0
10.04.2025 23:00;0,0
10.04.2025 23:15;0,0
10.04.2025 23:30;0,0
10.04.2025 23:45;0,0
11.04.2025 00:00;0,0
11.04.2025 00:15;0,0
11.04.2025 00:30;0,0
11.04.2025 00:45;0,0
11.04.2025 01:00;0,0
11.04.2025 01:15;0,0
11.04.2025 01:30;0,0
11.04.2025 01:45;0,0
11.04.2025 02:00;0,0
11.04.2025 02:15;0,0
11.04.2025 02:30;0,0
11.04.2025 02:45;0,0
11.04.2025 03:00;0,0
11.04.2025 03:15;0,0
11.04.2025 03:30;0,0
11.04.2025 03:45;0,0
11.04.2025 04:00;0,0
11.04.2025 04:15;0,00054275
11.04.2025 04:30;0,0010855
11.04.2025 04:45;0,0016282500000000001
11.04.2025 05:00;0,002171
11.04.2025 05:15;0,021687666666666664
11.04.2025 05:30;0,04120433333333333
11.04.2025 05:45;0,060721
11.04.2025 06:00;0,08023766666666667
11.04.2025 06:15;0,11719808333333333
11.04.2025 06:30;0,15415849999999998
11.04.2025 06:45;0,19111891666666664
11.04.2025 07:00;0,22807933333333333
11.04.2025 07:15;0,25532133333333334
11.04.2025 07:30;0,28256333333333333
11.04.2025 07:45;0,3098053333333333
11.04.2025 08:00;0,3370473333333333
11.04.2025 08:15;0,36740866666666666
11.04.2025 08:30;0,39776999999999996
11.04.2025 08:45;0,4281313333333333
11.04.2025 09:00;0,45849266666666666
11.04.2025 09:15;0,448766
11.04.2025 09:30;0,43903933333333334
11.04.2025 09:45;0,4293126666666667
11.04.2025 10:00;0,419586
11.04.2025 10:15;0,45052033333333336
11.04.2025 10:30;0,4814546666666667
11.04.2025 10:45;0,512389
11.04.2025 11:00;0,5433233333333334
11.04.2025 11:15;0,544555
11.04.2025 11:30;0,5457866666666666
11.04.2025 11:45;0,5470183333333333
11.04.2025 12:00;0,5482499999999999
11.04.2025 12:15;0,5309808333333332
11.04.2025 12:30;0,5137116666666666
11.04.2025 12:45;0,4964425
11.04.2025 13:00;0,47917333333333334
11.04.2025 13:15;0,45593458333333337
11.04.2025 13:30;0,4326958333333334
11.04.2025 13:45;0,40945708333333336
11.04.2025 14:00;0,3862183333333334
11.04.2025 14:15;0,3613693333333334
11.04.2025 14:30;0,33652033333333337
11.04.2025 14:45;0,31167133333333336
11.04.2025 15:00;0,28682233333333335
11.04.2025 15:15;0,24924408333333334
11.04.2025 15:30;0,21166583333333333
11.04.2025 15:45;0,17408758333333332
11.04.2025 16:00;0,13650933333333332
11.04.2025 16:15;0,11100008333333332
11.04.2025 16:30;0,08549083333333332
11.04.2025 16:45;0,059981583333333324
11.04.2025 17:00;0,034472333333333334
11.04.2025 17:15;0,025854250000000002
11.04.2025 17:30;0,017236166666666667
11.04.2025 17:45;0,008618083333333332
11.04.2025 18:00;0,0
11.04.2025 18:15;0,0
11.04.2025 18:30;0,0
11.04.2025 18:45;0,0
11.04.2025 19:00;0,0
11.04.2025 19:15;0,0
11.04.2025 19:30;0,0
11.04.2025 19:45;0,0
11.04.2025 20:00;0,0
11.04.2025 20:15;0,0
11.04.2025 20:30;0,0
11.04.2025 20:45;0,0
11.04.2025 21:00;0,0
11.04.2025 21:15;0,0
11.04.2025 21:30;0,0
11.04.2025 21:45;0,0
11.04.2025 22:00;0,0
11.04.2025 22:15;0,0
11.04.2025 22:30;0,0
11.04.2025 22:45;0,0
11.04.2025 23:00;0,0
11.04.2025 23:15;0,0
11.04.2025 23:30;0,0
11.04.2025 23:45;0,0
12.04.2025 00:00;0,0
12.04.2025 00:15;0,0
12.04.2025 00:30;0,0
12.04.2025 00:45;0,0
12.04.2025 01:00;0,0
12.04.2025 01:15;0,0
12.04.2025 01:30;0,0
12.04.2025 01:45;0,0
12.04.2025 02:00;0,0
12.04.2025 02:15;0,0
12.04.2025 02:30;0,0
12.04.2025 02:45;0,0
12.04.2025 03:00;0,0
12.04.2025 03:15;0,0
12.04.2025 03:30;0,0
12.04.2025 03:45;0,0
12.04.2025 04:00;0,0
12.04.2025 04:15;0,0009441666666666665
12.04.2025 04:30;0,001888333333333333
12.04.2025 04:45;0,0028324999999999995
12.04.2025 05:00;0,0037766666666666665
12.04.2025 05:15;0,029493333333333337
12.04.2025 05:30;0,05521
12.04.2025 05:45;0,08092666666666667
12.04.2025 06:00;0,10664333333333334
12.04.2025 06:15;0,15227441666666666
12.04.2025 06:30;0,1979055
12.04.2025 06:45;0,24353658333333333
12.04.2025 07:00;0,28916766666666666
12.04.2025 07:15;0,33256241666666664
12.04.2025 07:30;0,3759571666666667
12.04.2025 07:45;0,4193519166666667
12.04.2025 08:00;0,4627466666666667
12.04.2025 08:15;0,49807833333333335
12.04.2025 08:30;0,53341
12.04.2025 08:45;0,5687416666666667
12.04.2025 09:00;0,6040733333333334
12.04.2025 09:15;0,6173645
12.04.2025 09:30;0,6306556666666666
12.04.2025 09:45;0,6439468333333334
12.04.2025 10:00;0,657238
12.04.2025 10:15;0,659507
12.04.2025 10:30;0,6617759999999999
12.04.2025 10:45;0,664045
12.04.2025 11:00;0,666314
12.04.2025 11:15;0,6630500833333333
12.04.2025 11:30;0,6597861666666667
12.04.2025 11:45;0,6565222500000001
12.04.2025 12:00;0,6532583333333334
12.04.2025 12:15;0,6351344166666667
12.04.2025 12:30;0,6170105
12.04.2025 12:45;0,5988865833333333
12.04.2025 13:00;0,5807626666666666
12.04.2025 13:15;0,5525729166666666
12.04.2025 13:30;0,5243831666666666
12.04.2025 13:45;0,49619341666666666
12.04.2025 14:00;0,46800366666666665
12.04.2025 14:15;0,43605791666666666
12.04.2025 14:30;0,4041121666666666
12.04.2025 14:45;0,3721664166666666
12.04.2025 15:00;0,3402206666666666
12.04.2025 15:15;0,3013519166666666
12.04.2025 15:30;0,26248316666666666
12.04.2025 15:45;0,22361441666666665
12.04.2025 16:00;0,18474566666666667
12.04.2025 16:15;0,14948575
12.04.2025 16:30;0,11422583333333333
12.04.2025 16:45;0,07896591666666668
12.04.2025 17:00;0,043706
12.04.2025 17:15;0,0327795
12.04.2025 17:30;0,021853
12.04.2025 17:45;0,010926500000000006
12.04.2025 18:00;0,0
12.04.2025 18:15;0,0
12.04.2025 18:30;0,0
12.04.2025 18:45;0,0
12.04.2025 19:00;0,0
12.04.2025 19:15;0,0
12.04.2025 19:30;0,0
12.04.2025 19:45;0,0
12.04.2025 20:00;0,0
12.04.2025 20:15;0,0
12.04.2025 20:30;0,0
12.04.2025 20:45;0,0
12.04.2025 21:00;0,0
12.04.2025 21:15;0,0
12.04.2025 21:30;0,0
12.04.2025 21:45;0,0
12.04.2025 22:00;0,0
12.04.2025 22:15;0,0
12.04.2025 22:30;0,0
12.04.2025 22:45;0,0
12.04.2025 23:00;0,0
12.04.2025 23:15;0,0
12.04.2025 23:30;0,0
12.04.2025 23:45;0,0
13.04.2025 00:00;0,0
13.04.2025 00:15;0,0
13.04.2025 00:30;0,0
13.04.2025 00:45;0,0
13.04.2025 01:00;0,0
13.04.2025 01:15;0,0
13.04.2025 01:30;0,0
13.04.2025 01:45;0,0
13.04.2025 02:00;0,0
13.04.2025 02:15;0,0
13.04.2025 02:30;0,0
13.04.2025 02:45;0,0
13.04.2025 03:00;0,0
13.04.2025 03:15;0,0
13.04.2025 03:30;0,0
13.04.2025 03:45;0,0
13.04.2025 04:00;0,0
13.04.2025 04:15;0,0010655833333333335
13.04.2025 04:30;0,002131166666666667
13.04.2025 04:45;0,003196750000000001
13.04.2025 05:00;0,004262333333333334
13.04.2025 05:15;0,02784708333333333
13.04.2025 05:30;0,05143183333333333
13.04.2025 05:45;0,07501658333333334
13.04.2025 06:00;0,09860133333333333
13.04.2025 06:15;0,13333741666666665
13.04.2025 06:30;0,1680735
13.04.2025 06:45;0,20280958333333332
13.04.2025 07:00;0,23754566666666665
13.04.2025 07:15;0,26926141666666664
13.04.2025 07:30;0,30097716666666663
13.04.2025 07:45;0,33269291666666667
13.04.2025 08:00;0,36440866666666666
13.04.2025 08:15;0,38459583333333336
13.04.2025 08:30;0,404783
13.04.2025 08:45;0,42497016666666665
13.04.2025 09:00;0,44515733333333335
13.04.2025 09:15;0,4543519166666667
13.04.2025 09:30;0,4635465
13.04.2025 09:45;0,4727410833333333
13.04.2025 10:00;0,48193566666666665
13.04.2025 10:15;0,491808
13.04.2025 10:30;0,5016803333333333
13.04.2025 10:45;0,5115526666666667
13.04.2025 11:00;0,521425
13.04.2025 11:15;0,5165134166666667
13.04.2025 11:30;0,5116018333333334
13.04.2025 11:45;0,50669025
13.04.2025 12:00;0,5017786666666667
13.04.2025 12:15;0,4877844166666667
13.04.2025 12:30;0,4737901666666667
13.04.2025 12:45;0,4597959166666667
13.04.2025 13:00;0,4458016666666667
13.04.2025 13:15;0,4255670833333334
13.04.2025 13:30;0,4053325
13.04.2025 13:45;0,38509791666666665
13.04.2025 14:00;0,3648633333333333
13.04.2025 14:15;0,34092758333333334
13.04.2025 14:30;0,31699183333333336
13.04.2025 14:45;0,29305608333333333
13.04.2025 15:00;0,26912033333333335
13.04.2025 15:15;0,2421705
13.04.2025 15:30;0,21522066666666667
13.04.2025 15:45;0,18827083333333333
13.04.2025 16:00;0,161321
13.04.2025 16:15;0,12998883333333333
13.04.2025 16:30;0,09865666666666666
13.04.2025 16:45;0,0673245
13.04.2025 17:00;0,03599233333333333
13.04.2025 17:15;0,026994249999999997
13.04.2025 17:30;0,017996166666666664
13.04.2025 17:45;0,00899808333333333
13.04.2025 18:00;0,0
13.04.2025 18:15;0,0
13.04.2025 18:30;0,0
13.04.2025 18:45;0,0
13.04.2025 19:00;0,0
13.04.2025 19:15;0,0
13.04.2025 19:30;0,0
13.04.2025 19:45;0,0
13.04.2025 20:00;0,0
13.04.2025 20:15;0,0
13.04.2025 20:30;0,0
13.04.2025 20:45;0,0
13.04.2025 21:00;0,0
13.04.2025 21:15;0,0
13.04.2025 21:30;0,0
13.04.2025 21:45;0,0
13.04.2025 22:00;0,0
13.04.2025 22:15;0,0
13.04.2025 22:30;0,0
13.04.2025 22:45;0,0
13.04.2025 23:00;0,0
13.04.2025 23:15;0,0
13.04.2025 23:30;0,0
13.04.2025 23:45;0,0
14.04.2025 00:00;0,0
14.04.2025 00:15;0,0
14.04.2025 00:30;0,0
14.04.2025 00:45;0,0
14.04.2025 01:00;0,0
14.04.2025 01:15;0,0
14.04.2025 01:30;0,0
14.04.2025 01:45;0,0
14.04.2025 02:00;0,0
14.04.2025 02:15;0,0
14.04.2025 02:30;0,0
14.04.2025 02:45;0,0
14.04.2025 03:00;0,0
14.04.2025 03:15;0,0
14.04.2025 03:30;0,0
14.04.2025 03:45;0,0
14.04.2025 04:00;0,0
14.04.2025 04:15;0,0011225
14.04.2025 04:30;0,002245
14.04.2025 04:45;0,0033675
14.04.2025 05:00;0,00449
14.04.2025 05:15;0,025256750000000005
14.04.2025 05:30;0,04602350000000001
14.04.2025 05:45;0,06679025000000001
14.04.2025 06:00;0,08755700000000001
14.04.2025 06:15;0,1228965
14.04.2025 06:30;0,158236
14.04.2025 06:45;0,1935755
14.04.2025 07:00;0,228915
14.04.2025 07:15;0,2591836666666667
14.04.2025 07:30;0,28945233333333337
14.04.2025 07:45;0,31972100000000003
14.04.2025 08:00;0,3499896666666667
14.04.2025 08:15;0,3703976666666667
14.04.2025 08:30;0,3908056666666667
14.04.2025 08:45;0,4112136666666667
14.04.2025 09:00;0,4316216666666667
14.04.2025 09:15;0,44714883333333333
14.04.2025 09:30;0,46267600000000003
14.04.2025 09:45;0,47820316666666673
14.04.2025 10:00;0,4937303333333334
14.04.2025 10:15;0,5122011666666667
14.04.2025 10:30;0,530672
14.04.2025 10:45;0,5491428333333334
14.04.2025 11:00;0,5676136666666667
14.04.2025 11:15;0,55961125
14.04.2025 11:30;0,5516088333333333
14.04.2025 11:45;0,5436064166666666
14.04.2025 12:00;0,535604
14.04.2025 12:15;0,5231104999999999
14.04.2025 12:30;0,510617
14.04.2025 12:45;0,49812349999999994
14.04.2025 13:00;0,48562999999999995
14.04.2025 13:15;0,47194391666666663
14.04.2025 13:30;0,4582578333333333
14.04.2025 13:45;0,44457175
14.04.2025 14:00;0,43088566666666667
14.04.2025 14:15;0,401547
14.04.2025 14:30;0,37220833333333336
14.04.2025 14:45;0,3428696666666667
14.04.2025 15:00;0,313531
14.04.2025 15:15;0,2789045
14.04.2025 15:30;0,244278
14.04.2025 15:45;0,2096515
14.04.2025 16:00;0,17502500000000001
14.04.2025 16:15;0,1426609166666667
14.04.2025 16:30;0,11029683333333334
14.04.2025 16:45;0,07793275
14.04.2025 17:00;0,04556866666666667
14.04.2025 17:15;0,0341765
14.04.2025 17:30;0,022784333333333334
14.04.2025 17:45;0,011392166666666662
14.04.2025 18:00;0,0
14.04.2025 18:15;0,0
14.04.2025 18:30;0,0
14.04.2025 18:45;0,0
14.04.2025 19:00;0,0
14.04.2025 19:15;0,0
14.04.2025 19:30;0,0
14.04.2025 19:45;0,0
14.04.2025 20:00;0,0
14.04.2025 20:15;0,0
14.04.2025 20:30;0,0
14.04.2025 20:45;0,0
14.04.2025 21:00;0,0
14.04.2025 21:15;0,0
14.04.2025 21:30;0,0
14.04.2025 21:45;0,0
14.04.2025 22:00;0,0
14.04.2025 22:15;0,0
14.04.2025 22:30;0,0
14.04.2025 22:45;0,0
14.04.2025 23:00;0,0
14.04.2025 23:15;0,0
14.04.2025 23:30;0,0
14.04.2025 23:45;0,0
15.04.2025 00:00;0,0
15.04.2025 00:15;0,0
15.04.2025 00:30;0,0
15.04.2025 00:45;0,0
15.04.2025 01:00;0,0
15.04.2025 01:15;0,0
15.04.2025 01:30;0,0
15.04.2025 01:45;0,0
15.04.2025 02:00;0,0
15.04.2025 02:15;0,0
15.04.2025 02:30;0,0
15.04.2025 02:45;0,0
15.04.2025 03:00;0,0
15.04.2025 03:15;0,0
15.04.2025 03:30;0,0
15.04.2025 03:45;0,0
15.04.2025 04:00;0,0
15.04.2025 04:15;0,0013976666666666666
15.04.2025 04:30;0,0027953333333333333
15.04.2025 04:45;0,0041930000000000005
15.04.2025 05:00;0,0055906666666666665
15.04.2025 05:15;0,024579333333333335
15.04.2025 05:30;0,043568
15.04.2025 05:45;0,06255666666666666
15.04.2025 06:00;0,08154533333333333
15.04.2025 06:15;0,114231
15.04.2025 06:30;0,14691666666666667
15.04.2025 06:45;0,17960233333333334
15.04.2025 07:00;0,212288
15.04.2025 07:15;0,2348315
15.04.2025 07:30;0,257375
15.04.2025 07:45;0,2799185
15.04.2025 08:00;0,302462
15.04.2025 08:15;0,31791083333333336
15.04.2025 08:30;0,3333596666666667
15.04.2025 08:45;0,3488085
15.04.2025 09:00;0,3642573333333334
15.04.2025 09:15;0,3742349166666667
15.04.2025 09:30;0,38421250000000007
15.04.2025 09:45;0,3941900833333334
15.04.2025 10:00;0,4041676666666667
15.04.2025 10:15;0,4058580833333334
15.04.2025 10:30;0,40754850000000004
15.04.2025 10:45;0,4092389166666667
15.04.2025 11:00;0,41092933333333337
15.04.2025 11:15;0,41973400000000005
15.04.2025 11:30;0,4285386666666667
15.04.2025 11:45;0,4373433333333333
15.04.2025 12:00;0,446148
15.04.2025 12:15;0,45541841666666666
15.04.2025 12:30;0,46468883333333333
15.04.2025 12:45;0,47395925
15.04.2025 13:00;0,48322966666666667
15.04.2025 13:15;0,47155841666666665
15.04.2025 13:30;0,4598871666666666
15.04.2025 13:45;0,44821591666666666
15.04.2025 14:00;0,43654466666666664
15.04.2025 14:15;0,398591
15.04.2025 14:30;0,3606373333333333
15.04.2025 14:45;0,32268366666666665
15.04.2025 15:00;0,28473
15.04.2025 15:15;0,2520878333333333
15.04.2025 15:30;0,21944566666666665
15.04.2025 15:45;0,18680349999999998
15.04.2025 16:00;0,15416133333333332
15.04.2025 16:15;0,12581008333333332
15.04.2025 16:30;0,09745883333333333
15.04.2025 16:45;0,06910758333333333
15.04.2025 17:00;0,04075633333333333
15.04.2025 17:15;0,030567249999999997
15.04.2025 17:30;0,020378166666666666
15.04.2025 17:45;0,010189083333333331
15.04.2025 18:00;0,0
15.04.2025 18:15;0,0
15.04.2025 18:30;0,0
15.04.2025 18:45;0,0
15.04.2025 19:00;0,0
15.04.2025 19:15;0,0
15.04.2025 19:30;0,0
15.04.2025 19:45;0,0
15.04.2025 20:00;0,0
15.04.2025 20:15;0,0
15.04.2025 20:30;0,0
15.04.2025 20:45;0,0
15.04.2025 21:00;0,0
15.04.2025 21:15;0,0
15.04.2025 21:30;0,0
15.04.2025 21:45;0,0
15.04.2025 22:00;0,0
15.04.2025 22:15;0,0
15.04.2025 22:30;0,0
15.04.2025 22:45;0,0
15.04.2025 23:00;0,0
15.04.2025 23:15;0,0
15.04.2025 23:30;0,0
15.04.2025 23:45;0,0
16.04.2025 00:00;0,0
16.04.2025 00:15;0,0
16.04.2025 00:30;0,0
16.04.2025 00:45;0,0
16.04.2025 01:00;0,0
16.04.2025 01:15;0,0
16.04.2025 01:30;0,0
16.04.2025 01:45;0,0
16.04.2025 02:00;0,0
16.04.2025 02:15;0,0
16.04.2025 02:30;0,0
16.04.2025 02:45;0,0
16.04.2025 03:00;0,0
16.04.2025 03:15;0,0
16.04.2025 03:30;0,0
16.04.2025 03:45;0,0
16.04.2025 04:00;0,0
16.04.2025 04:15;0,0012445833333333334
16.04.2025 04:30;0,002489166666666667
16.04.2025 04:45;0,00373375
16.04.2025 05:00;0,004978333333333334
16.04.2025 05:15;0,020625833333333333
16.04.2025 05:30;0,03627333333333333
16.04.2025 05:45;0,051920833333333326
16.04.2025 06:00;0,06756833333333333
16.04.2025 06:15;0,09299391666666666
16.04.2025 06:30;0,11841950000000001
16.04.2025 06:45;0,14384508333333335
16.04.2025 07:00;0,16927066666666668
16.04.2025 07:15;0,19319825000000002
16.04.2025 07:30;0,21712583333333332
16.04.2025 07:45;0,24105341666666663
16.04.2025 08:00;0,26498099999999997
16.04.2025 08:15;0,2864305833333333
16.04.2025 08:30;0,3078801666666666
16.04.2025 08:45;0,32932975
16.04.2025 09:00;0,35077933333333333
16.04.2025 09:15;0,3701855
16.04.2025 09:30;0,38959166666666667
16.04.2025 09:45;0,4089978333333333
16.04.2025 10:00;0,42840399999999995
16.04.2025 10:15;0,44225624999999996
16.04.2025 10:30;0,4561085
16.04.2025 10:45;0,46996075
16.04.2025 11:00;0,483813
16.04.2025 11:15;0,4738375
16.04.2025 11:30;0,463862
16.04.2025 11:45;0,45388649999999997
16.04.2025 12:00;0,443911
16.04.2025 12:15;0,41694525
16.04.2025 12:30;0,3899795
16.04.2025 12:45;0,36301375
16.04.2025 13:00;0,336048
16.04.2025 13:15;0,31854325
16.04.2025 13:30;0,3010385
16.04.2025 13:45;0,28353375
16.04.2025 14:00;0,26602899999999996
16.04.2025 14:15;0,24600849999999996
16.04.2025 14:30;0,22598799999999997
16.04.2025 14:45;0,20596749999999997
16.04.2025 15:00;0,185947
16.04.2025 15:15;0,167105
16.04.2025 15:30;0,148263
16.04.2025 15:45;0,129421
16.04.2025 16:00;0,110579
16.04.2025 16:15;0,09088383333333333
16.04.2025 16:30;0,07118866666666666
16.04.2025 16:45;0,0514935
16.04.2025 17:00;0,03179833333333334
16.04.2025 17:15;0,023848750000000002
16.04.2025 17:30;0,01589916666666667
16.04.2025 17:45;0,007949583333333333
16.04.2025 18:00;0,0
16.04.2025 18:15;0,0
16.04.2025 18:30;0,0
16.04.2025 18:45;0,0
16.04.2025 19:00;0,0
16.04.2025 19:15;0,0
16.04.2025 19:30;0,0
16.04.2025 19:45;0,0
16.04.2025 20:00;0,0
16.04.2025 20:15;0,0
16.04.2025 20:30;0,0
16.04.2025 20:45;0,0
16.04.2025 21:00;0,0
16.04.2025 21:15;0,0
16.04.2025 21:30;0,0
16.04.2025 21:45;0,0
16.04.2025 22:00;0,0
16.04.2025 22:15;0,0
16.04.2025 22:30;0,0
16.04.2025 22:45;0,0
16.04.2025 23:00;0,0
16.04.2025 23:15;0,0
16.04.2025 23:30;0,0
16.04.2025 23:45;0,0
17.04.2025 00:00;0,0
17.04.2025 00:15;0,0
17.04.2025 00:30;0,0
17.04.2025 00:45;0,0
17.04.2025 01:00;0,0
17.04.2025 01:15;0,0
17.04.2025 01:30;0,0
17.04.2025 01:45;0,0
17.04.2025 02:00;0,0
17.04.2025 02:15;0,0
17.04.2025 02:30;0,0
17.04.2025 02:45;0,0
17.04.2025 03:00;0,0
17.04.2025 03:15;0,0
17.04.2025 03:30;0,0
17.04.2025 03:45;0,0
17.04.2025 04:00;0,0
17.04.2025 04:15;0,00222175
17.04.2025 04:30;0,0044435
17.04.2025 04:45;0,006665250000000001
17.04.2025 05:00;0,008887
17.04.2025 05:15;0,03388733333333333
17.04.2025 05:30;0,05888766666666666
17.04.2025 05:45;0,083888
17.04.2025 06:00;0,10888833333333332
17.04.2025 06:15;0,15006375
17.04.2025 06:30;0,19123916666666663
17.04.2025 06:45;0,2324145833333333
17.04.2025 07:00;0,27358999999999994
17.04.2025 07:15;0,3016344166666666
17.04.2025 07:30;0,32967883333333325
17.04.2025 07:45;0,35772324999999994
17.04.2025 08:00;0,3857676666666666
17.04.2025 08:15;0,40018024999999996
17.04.2025 08:30;0,4145928333333333
17.04.2025 08:45;0,4290054166666667
17.04.2025 09:00;0,44341800000000003
17.04.2025 09:15;0,46055875
17.04.2025 09:30;0,47769950000000005
17.04.2025 09:45;0,49484025000000004
17.04.2025 10:00;0,511981
17.04.2025 10:15;0,5075865833333334
17.04.2025 10:30;0,5031921666666667
17.04.2025 10:45;0,49879775000000004
17.04.2025 11:00;0,49440333333333336
17.04.2025 11:15;0,4926885833333334
17.04.2025 11:30;0,49097383333333333
17.04.2025 11:45;0,48925908333333334
17.04.2025 12:00;0,4875443333333333
17.04.2025 12:15;0,47648091666666664
17.04.2025 12:30;0,4654175
17.04.2025 12:45;0,4543540833333333
17.04.2025 13:00;0,44329066666666667
17.04.2025 13:15;0,42486466666666667
17.04.2025 13:30;0,40643866666666667
17.04.2025 13:45;0,3880126666666667
17.04.2025 14:00;0,3695866666666667
17.04.2025 14:15;0,34558625
17.04.2025 14:30;0,32158583333333335
17.04.2025 14:45;0,29758541666666666
17.04.2025 15:00;0,27358499999999997
17.04.2025 15:15;0,2452990833333333
17.04.2025 15:30;0,21701316666666665
17.04.2025 15:45;0,18872725
17.04.2025 16:00;0,16044133333333335
17.04.2025 16:15;0,13139791666666667
17.04.2025 16:30;0,10235450000000001
17.04.2025 16:45;0,07331108333333335
17.04.2025 17:00;0,04426766666666667
17.04.2025 17:15;0,03320075
17.04.2025 17:30;0,022133833333333335
17.04.2025 17:45;0,011066916666666662
17.04.2025 18:00;0,0
17.04.2025 18:15;0,0
17.04.2025 18:30;0,0
17.04.2025 18:45;0,0
17.04.2025 19:00;0,0
17.04.2025 19:15;0,0
17.04.2025 19:30;0,0
17.04.2025 19:45;0,0
17.04.2025 20:00;0,0
17.04.2025 20:15;0,0
17.04.2025 20:30;0,0
17.04.2025 20:45;0,0
17.04.2025 21:00;0,0
17.04.2025 21:15;0,0
17.04.2025 21:30;0,0
17.04.2025 21:45;0,0
17.04.2025 22:00;0,0
17.04.2025 22:15;0,0
17.04.2025 22:30;0,0
17.04.2025 22:45;0,0
17.04.2025 23:00;0,0
17.04.2025 23:15;0,0
17.04.2025 23:30;0,0
17.04.2025 23:45;0,0
18.04.2025 00:00;0,0
18.04.2025 00:15;0,0
18.04.2025 00:30;0,0
18.04.2025 00:45;0,0
18.04.2025 01:00;0,0
18.04.2025 01:15;0,0
18.04.2025 01:30;0,0
18.04.2025 01:45;0,0
18.04.2025 02:00;0,0
18.04.2025 02:15;0,0
18.04.2025 02:30;0,0
18.04.2025 02:45;0,0
18.04.2025 03:00;0,0
18.04.2025 03:15;0,0
18.04.2025 03:30;0,0
18.04.2025 03:45;0,0
18.04.2025 04:00;0,0
18.04.2025 04:15;0,0022610833333333333
18.04.2025 04:30;0,0045221666666666665
18.04.2025 04:45;0,006783249999999999
18.04.2025 05:00;0,009044333333333333
18.04.2025 05:15;0,03424108333333333
18.04.2025 05:30;0,059437833333333336
18.04.2025 05:45;0,08463458333333333
18.04.2025 06:00;0,10983133333333334
18.04.2025 06:15;0,15216708333333334
18.04.2025 06:30;0,19450283333333335
18.04.2025 06:45;0,23683858333333335
18.04.2025 07:00;0,27917433333333336
18.04.2025 07:15;0,31358050000000004
18.04.2025 07:30;0,34798666666666667
18.04.2025 07:45;0,38239283333333335
18.04.2025 08:00;0,41679900000000003
18.04.2025 08:15;0,4372846666666667
18.04.2025 08:30;0,4577703333333334
18.04.2025 08:45;0,478256
18.04.2025 09:00;0,4987416666666667
18.04.2025 09:15;0,5135286666666666
18.04.2025 09:30;0,5283156666666666
18.04.2025 09:45;0,5431026666666666
18.04.2025 10:00;0,5578896666666666
18.04.2025 10:15;0,5626020833333333
18.04.2025 10:30;0,5673144999999999
18.04.2025 10:45;0,5720269166666667
18.04.2025 11:00;0,5767393333333334
18.04.2025 11:15;0,5709642500000001
18.04.2025 11:30;0,5651891666666666
18.04.2025 11:45;0,5594140833333333
18.04.2025 12:00;0,553639
18.04.2025 12:15;0,5432026666666667
18.04.2025 12:30;0,5327663333333333
18.04.2025 12:45;0,52233
18.04.2025 13:00;0,5118936666666667
18.04.2025 13:15;0,49052375000000004
18.04.2025 13:30;0,4691538333333334
18.04.2025 13:45;0,44778391666666667
18.04.2025 14:00;0,426414
18.04.2025 14:15;0,39384833333333336
18.04.2025 14:30;0,36128266666666664
18.04.2025 14:45;0,328717
18.04.2025 15:00;0,2961513333333333
18.04.2025 15:15;0,26851875
18.04.2025 15:30;0,24088616666666665
18.04.2025 15:45;0,21325358333333333
18.04.2025 16:00;0,18562099999999998
18.04.2025 16:15;0,14996441666666666
18.04.2025 16:30;0,11430783333333333
18.04.2025 16:45;0,07865125
18.04.2025 17:00;0,04299466666666667
18.04.2025 17:15;0,032246
18.04.2025 17:30;0,021497333333333334
18.04.2025 17:45;0,01074866666666667
18.04.2025 18:00;0,0
18.04.2025 18:15;0,0
18.04.2025 18:30;0,0
18.04.2025 18:45;0,0
18.04.2025 19:00;0,0
18.04.2025 19:15;0,0
18.04.2025 19:30;0,0
18.04.2025 19:45;0,0
18.04.2025 20:00;0,0
18.04.2025 20:15;0,0
18.04.2025 20:30;0,0
18.04.2025 20:45;0,0
18.04.2025 21:00;0,0
18.04.2025 21:15;0,0
18.04.2025 21:30;0,0
18.04.2025 21:45;0,0
18.04.2025 22:00;0,0
18.04.2025 22:15;0,0
18.04.2025 22:30;0,0
18.04.2025 22:45;0,0
18.04.2025 23:00;0,0
18.04.2025 23:15;0,0
18.04.2025 23:30;0,0
18.04.2025 23:45;0,0
19.04.2025 00:00;0,0
19.04.2025 00:15;0,0
19.04.2025 00:30;0,0
19.04.2025 00:45;0,0
19.04.2025 01:00;0,0
19.04.2025 01:15;0,0
19.04.2025 01:30;0,0
19.04.2025 01:45;0,0
19.04.2025 02:00;0,0
19.04.2025 02:15;0,0
19.04.2025 02:30;0,0
19.04.2025 02:45;0,0
19.04.2025 03:00;0,0
19.04.2025 03:15;0,0
19.04.2025 03:30;0,0
19.04.2025 03:45;0,0
19.04.2025 04:00;0,0
19.04.2025 04:15;0,002908333333333333
19.04.2025 04:30;0,005816666666666666
19.04.2025 04:45;0,008724999999999998
19.04.2025 05:00;0,011633333333333332
19.04.2025 05:15;0,035965833333333336
19.04.2025 05:30;0,06029833333333333
19.04.2025 05:45;0,08463083333333334
19.04.2025 06:00;0,10896333333333333
19.04.2025 06:15;0,14562683333333332
19.04.2025 06:30;0,18229033333333333
19.04.2025 06:45;0,21895383333333332
19.04.2025 07:00;0,2556173333333333
19.04.2025 07:15;0,28767841666666666
19.04.2025 07:30;0,31973949999999995
19.04.2025 07:45;0,3518005833333333
19.04.2025 08:00;0,38386166666666666
19.04.2025 08:15;0,4075878333333333
19.04.2025 08:30;0,431314
19.04.2025 08:45;0,4550401666666667
19.04.2025 09:00;0,47876633333333335
19.04.2025 09:15;0,4977296666666667
19.04.2025 09:30;0,5166930000000001
19.04.2025 09:45;0,5356563333333334
19.04.2025 10:00;0,5546196666666667
19.04.2025 10:15;0,5712954166666667
19.04.2025 10:30;0,5879711666666667
19.04.2025 10:45;0,6046469166666666
19.04.2025 11:00;0,6213226666666666
19.04.2025 11:15;0,61385925
19.04.2025 11:30;0,6063958333333332
19.04.2025 11:45;0,5989324166666666
19.04.2025 12:00;0,591469
19.04.2025 12:15;0,5748650833333333
19.04.2025 12:30;0,5582611666666667
19.04.2025 12:45;0,5416572500000001
19.04.2025 13:00;0,5250533333333334
19.04.2025 13:15;0,50693025
19.04.2025 13:30;0,4888071666666667
19.04.2025 13:45;0,47068408333333334
19.04.2025 14:00;0,452561
19.04.2025 14:15;0,4219421666666667
19.04.2025 14:30;0,39132333333333336
19.04.2025 14:45;0,3607045
19.04.2025 15:00;0,33008566666666667
19.04.2025 15:15;0,2916185
19.04.2025 15:30;0,25315133333333334
19.04.2025 15:45;0,21468416666666668
19.04.2025 16:00;0,17621699999999998
19.04.2025 16:15;0,14511925
19.04.2025 16:30;0,1140215
19.04.2025 16:45;0,08292375
19.04.2025 17:00;0,051826000000000004
19.04.2025 17:15;0,0388695
19.04.2025 17:30;0,025913000000000002
19.04.2025 17:45;0,012956500000000003
19.04.2025 18:00;0,0
19.04.2025 18:15;0,0
19.04.2025 18:30;0,0
19.04.2025 18:45;0,0
19.04.2025 19:00;0,0
19.04.2025 19:15;0,0
19.04.2025 19:30;0,0
19.04.2025 19:45;0,0
19.04.2025 20:00;0,0
19.04.2025 20:15;0,0
19.04.2025 20:30;0,0
19.04.2025 20:45;0,0
19.04.2025 21:00;0,0
19.04.2025 21:15;0,0
19.04.2025 21:30;0,0
19.04.2025 21:45;0,0
19.04.2025 22:00;0,0
19.04.2025 22:15;0,0
19.04.2025 22:30;0,0
19.04.2025 22:45;0,0
19.04.2025 23:00;0,0
19.04.2025 23:15;0,0
19.04.2025 23:30;0,0
19.04.2025 23:45;0,0
20.04.2025 00:00;0,0
20.04.2025 00:15;0,0
20.04.2025 00:30;0,0
20.04.2025 00:45;0,0
20.04.2025 01:00;0,0
20.04.2025 01:15;0,0
20.04.2025 01:30;0,0
20.04.2025 01:45;0,0
20.04.2025 02:00;0,0
20.04.2025 02:15;0,0
20.04.2025 02:30;0,0
20.04.2025 02:45;0,0
20.04.2025 03:00;0,0
20.04.2025 03:15;0,0
20.04.2025 03:30;0,0
20.04.2025 03:45;0,0
20.04.2025 04:00;0,0
20.04.2025 04:15;0,0033076666666666667
20.04.2025 04:30;0,006615333333333333
20.04.2025 04:45;0,009923000000000001
20.04.2025 05:00;0,013230666666666667
20.04.2025 05:15;0,04327033333333333
20.04.2025 05:30;0,07330999999999999
20.04.2025 05:45;0,10334966666666666
20.04.2025 06:00;0,13338933333333333
20.04.2025 06:15;0,18436783333333334
20.04.2025 06:30;0,23534633333333332
20.04.2025 06:45;0,28632483333333336
20.04.2025 07:00;0,33730333333333334
20.04.2025 07:15;0,37677325
20.04.2025 07:30;0,41624316666666666
20.04.2025 07:45;0,4557130833333333
20.04.2025 08:00;0,495183
20.04.2025 08:15;0,5220594166666667
20.04.2025 08:30;0,5489358333333333
20.04.2025 08:45;0,57581225
20.04.2025 09:00;0,6026886666666667
20.04.2025 09:15;0,6217271666666666
20.04.2025 09:30;0,6407656666666666
20.04.2025 09:45;0,6598041666666666
20.04.2025 10:00;0,6788426666666666
20.04.2025 10:15;0,69199225
20.04.2025 10:30;0,7051418333333334
20.04.2025 10:45;0,7182914166666666
20.04.2025 11:00;0,731441
20.04.2025 11:15;0,732997
20.04.2025 11:30;0,734553
20.04.2025 11:45;0,736109
20.04.2025 12:00;0,737665
20.04.2025 12:15;0,7288460833333333
20.04.2025 12:30;0,7200271666666667
20.04.2025 12:45;0,71120825
20.04.2025 13:00;0,7023893333333333
20.04.2025 13:15;0,6765263333333333
20.04.2025 13:30;0,6506633333333334
20.04.2025 13:45;0,6248003333333333
20.04.2025 14:00;0,5989373333333333
20.04.2025 14:15;0,560673
20.04.2025 14:30;0,5224086666666666
20.04.2025 14:45;0,48414433333333334
20.04.2025 15:00;0,44588
20.04.2025 15:15;0,39649666666666666
20.04.2025 15:30;0,34711333333333333
20.04.2025 15:45;0,29773
20.04.2025 16:00;0,24834666666666666
20.04.2025 16:15;0,20110991666666667
20.04.2025 16:30;0,15387316666666667
20.04.2025 16:45;0,10663641666666665
20.04.2025 17:00;0,05939966666666666
20.04.2025 17:15;0,04454975
20.04.2025 17:30;0,029699833333333335
20.04.2025 17:45;0,014849916666666671
20.04.2025 18:00;0,0
20.04.2025 18:15;0,0
20.04.2025 18:30;0,0
20.04.2025 18:45;0,0
20.04.2025 19:00;0,0
20.04.2025 19:15;0,0
20.04.2025 19:30;0,0
20.04.2025 19:45;0,0
20.04.2025 20:00;0,0
20.04.2025 20:15;0,0
20.04.2025 20:30;0,0
20.04.2025 20:45;0,0
20.04.2025 21:00;0,0
20.04.2025 21:15;0,0
20.04.2025 21:30;0,0
20.04.2025 21:45;0,0
20.04.2025 22:00;0,0
20.04.2025 22:15;0,0
20.04.2025 22:30;0,0
20.04.2025 22:45;0,0
20.04.2025 23:00;0,0
20.04.2025 23:15;0,0
20.04.2025 23:30;0,0
20.04.2025 23:45;0,0
21.04.2025 00:00;0,0
21.04.2025 00:15;0,0
21.04.2025 00:30;0,0
21.04.2025 00:45;0,0
21.04.2025 01:00;0,0
21.04.2025 01:15;0,0
21.04.2025 01:30;0,0
21.04.2025 01:45;0,0
21.04.2025 02:00;0,0
21.04.2025 02:15;0,0
21.04.2025 02:30;0,0
21.04.2025 02:45;0,0
21.04.2025 03:00;0,0
21.04.2025 03:15;0,0
21.04.2025 03:30;0,0
21.04.2025 03:45;0,0
21.04.2025 04:00;0,0
21.04.2025 04:15;0,0031499166666666668
21.04.2025 04:30;0,0062998333333333335
21.04.2025 04:45;0,00944975
21.04.2025 05:00;0,012599666666666667
21.04.2025 05:15;0,03796708333333334
21.04.2025 05:30;0,0633345
21.04.2025 05:45;0,08870191666666667
21.04.2025 06:00;0,11406933333333334
21.04.2025 06:15;0,15365691666666667
21.04.2025 06:30;0,19324449999999999
21.04.2025 06:45;0,23283208333333333
21.04.2025 07:00;0,27241966666666667
21.04.2025 07:15;0,3073146666666667
21.04.2025 07:30;0,34220966666666663
21.04.2025 07:45;0,37710466666666664
21.04.2025 08:00;0,41199966666666665
21.04.2025 08:15;0,4397595833333333
21.04.2025 08:30;0,4675195
21.04.2025 08:45;0,49527941666666664
21.04.2025 09:00;0,5230393333333333
21.04.2025 09:15;0,5410720833333333
21.04.2025 09:30;0,5591048333333333
21.04.2025 09:45;0,5771375833333333
21.04.2025 10:00;0,5951703333333334
21.04.2025 10:15;0,5983388333333334
21.04.2025 10:30;0,6015073333333334
21.04.2025 10:45;0,6046758333333333
21.04.2025 11:00;0,6078443333333333
21.04.2025 11:15;0,6118570833333333
21.04.2025 11:30;0,6158698333333333
21.04.2025 11:45;0,6198825833333333
21.04.2025 12:00;0,6238953333333334
21.04.2025 12:15;0,6134334166666666
21.04.2025 12:30;0,6029715
21.04.2025 12:45;0,5925095833333334
21.04.2025 13:00;0,5820476666666666
21.04.2025 13:15;0,5631588333333333
21.04.2025 13:30;0,54427
21.04.2025 13:45;0,5253811666666667
21.04.2025 14:00;0,5064923333333333
21.04.2025 14:15;0,4755985
21.04.2025 14:30;0,44470466666666664
21.04.2025 14:45;0,41381083333333335
21.04.2025 15:00;0,382917
21.04.2025 15:15;0,3407575
21.04.2025 15:30;0,29859800000000003
21.04.2025 15:45;0,2564385
21.04.2025 16:00;0,214279
21.04.2025 16:15;0,1747195
21.04.2025 16:30;0,13516
21.04.2025 16:45;0,0956005
21.04.2025 17:00;0,056041
21.04.2025 17:15;0,04203575
21.04.2025 17:30;0,0280305
21.04.2025 17:45;0,014025249999999996
21.04.2025 18:00;1,9999999999999998e-05
21.04.2025 18:15;1,4999999999999999e-05
21.04.2025 18:30;9,999999999999999e-06
21.04.2025 18:45;4,9999999999999996e-06
21.04.2025 19:00;0,0
21.04.2025 19:15;0,0
21.04.2025 19:30;0,0
21.04.2025 19:45;0,0
21.04.2025 20:00;0,0
21.04.2025 20:15;0,0
21.04.2025 20:30;0,0
21.04.2025 20:45;0,0
21.04.2025 21:00;0,0
21.04.2025 21:15;0,0
21.04.2025 21:30;0,0
21.04.2025 21:45;0,0
21.04.2025 22:00;0,0
21.04.2025 22:15;0,0
21.04.2025 22:30;0,0
21.04.2025 22:45;0,0
21.04.2025 23:00;0,0
21.04.2025 23:15;0,0
21.04.2025 23:30;0,0
21.04.2025 23:45;0,0
22.04.2025 00:00;0,0
22.04.2025 00:15;0,0
22.04.2025 00:30;0,0
22.04.2025 00:45;0,0
22.04.2025 01:00;0,0
22.04.2025 01:15;0,0
22.04.2025 01:30;0,0
22.04.2025 01:45;0,0
22.04.2025 02:00;0,0
22.04.2025 02:15;0,0
22.04.2025 02:30;0,0
22.04.2025 02:45;0,0
22.04.2025 03:00;0,0
22.04.2025 03:15;0,0
22.04.2025 03:30;0,0
22.04.2025 03:45;0,0
22.04.2025 04:00;0,0
22.04.2025 04:15;0,0038864166666666674
22.04.2025 04:30;0,007772833333333335
22.04.2025 04:45;0,011659250000000001
22.04.2025 05:00;0,015545666666666668
22.04.2025 05:15;0,046115
22.04.2025 05:30;0,07668433333333334
22.04.2025 05:45;0,10725366666666666
22.04.2025 06:00;0,137823
22.04.2025 06:15;0,1879175
22.04.2025 06:30;0,238012
22.04.2025 06:45;0,2881065
22.04.2025 07:00;0,338201
22.04.2025 07:15;0,3779045833333333
22.04.2025 07:30;0,41760816666666667
22.04.2025 07:45;0,45731175
22.04.2025 08:00;0,49701533333333336
22.04.2025 08:15;0,5251703333333334
22.04.2025 08:30;0,5533253333333333
22.04.2025 08:45;0,5814803333333334
22.04.2025 09:00;0,6096353333333333
22.04.2025 09:15;0,6299888333333333
22.04.2025 09:30;0,6503423333333334
22.04.2025 09:45;0,6706958333333334
22.04.2025 10:00;0,6910493333333334
22.04.2025 10:15;0,7001113333333333
22.04.2025 10:30;0,7091733333333333
22.04.2025 10:45;0,7182353333333333
22.04.2025 11:00;0,7272973333333332
22.04.2025 11:15;0,7210475833333333
22.04.2025 11:30;0,7147978333333334
22.04.2025 11:45;0,7085480833333333
22.04.2025 12:00;0,7022983333333334
22.04.2025 12:15;0,681197
22.04.2025 12:30;0,6600956666666666
22.04.2025 12:45;0,6389943333333333
22.04.2025 13:00;0,617893
22.04.2025 13:15;0,5858666666666666
22.04.2025 13:30;0,5538403333333334
22.04.2025 13:45;0,521814
22.04.2025 14:00;0,4897876666666667
22.04.2025 14:15;0,4593895
22.04.2025 14:30;0,42899133333333334
22.04.2025 14:45;0,39859316666666667
22.04.2025 15:00;0,368195
22.04.2025 15:15;0,324834
22.04.2025 15:30;0,281473
22.04.2025 15:45;0,238112
22.04.2025 16:00;0,194751
22.04.2025 16:15;0,15804716666666668
22.04.2025 16:30;0,12134333333333333
22.04.2025 16:45;0,08463949999999999
22.04.2025 17:00;0,04793566666666667
22.04.2025 17:15;0,035969
22.04.2025 17:30;0,024002333333333334
22.04.2025 17:45;0,012035666666666667
22.04.2025 18:00;6,9e-05
22.04.2025 18:15;5,175e-05
22.04.2025 18:30;3,45e-05
22.04.2025 18:45;1,725e-05
22.04.2025 19:00;0,0
22.04.2025 19:15;0,0
22.04.2025 19:30;0,0
22.04.2025 19:45;0,0
22.04.2025 20:00;0,0
22.04.2025 20:15;0,0
22.04.2025 20:30;0,0
22.04.2025 20:45;0,0
22.04.2025 21:00;0,0
22.04.2025 21:15;0,0
22.04.2025 21:30;0,0
22.04.2025 21:45;0,0
22.04.2025 22:00;0,0
22.04.2025 22:15;0,0
22.04.2025 22:30;0,0
22.04.2025 22:45;0,0
22.04.2025 23:00;0,0
22.04.2025 23:15;0,0
22.04.2025 23:30;0,0
22.04.2025 23:45;0,0
23.04.2025 00:00;0,0
23.04.2025 00:15;0,0
23.04.2025 00:30;0,0
23.04.2025 00:45;0,0
23.04.2025 01:00;0,0
23.04.2025 01:15;0,0
23.04.2025 01:30;0,0
23.04.2025 01:45;0,0
23.04.2025 02:00;0,0
23.04.2025 02:15;0,0
23.04.2025 02:30;0,0
23.04.2025 02:45;0,0
23.04.2025 03:00;0,0
23.04.2025 03:15;0,0
23.04.2025 03:30;0,0
23.04.2025 03:45;0,0
23.04.2025 04:00;0,0
23.04.2025 04:15;0,00275825
23.04.2025 04:30;0,0055165
23.04.2025 04:45;0,008274749999999999
23.04.2025 05:00;0,011033
23.04.2025 05:15;0,03262383333333333
23.04.2025 05:30;0,05421466666666667
23.04.2025 05:45;0,0758055
23.04.2025 06:00;0,09739633333333333
23.04.2025 06:15;0,12923866666666667
23.04.2025 06:30;0,161081
23.04.2025 06:45;0,19292333333333334
23.04.2025 07:00;0,22476566666666667
23.04.2025 07:15;0,24902216666666668
23.04.2025 07:30;0,27327866666666667
23.04.2025 07:45;0,2975351666666667
23.04.2025 08:00;0,3217916666666667
23.04.2025 08:15;0,3448454166666667
23.04.2025 08:30;0,36789916666666667
23.04.2025 08:45;0,3909529166666667
23.04.2025 09:00;0,4140066666666667
23.04.2025 09:15;0,43156558333333334
23.04.2025 09:30;0,44912450000000004
23.04.2025 09:45;0,4666834166666667
23.04.2025 10:00;0,48424233333333333
23.04.2025 10:15;0,5066689166666667
23.04.2025 10:30;0,5290954999999999
23.04.2025 10:45;0,5515220833333333
23.04.2025 11:00;0,5739486666666667
23.04.2025 11:15;0,5686444166666667
23.04.2025 11:30;0,5633401666666666
23.04.2025 11:45;0,5580359166666666
23.04.2025 12:00;0,5527316666666666
23.04.2025 12:15;0,5390326666666666
23.04.2025 12:30;0,5253336666666666
23.04.2025 12:45;0,5116346666666667
23.04.2025 13:00;0,49793566666666667
23.04.2025 13:15;0,4735315
23.04.2025 13:30;0,4491273333333333
23.04.2025 13:45;0,42472316666666665
23.04.2025 14:00;0,400319
23.04.2025 14:15;0,372046
23.04.2025 14:30;0,343773
23.04.2025 14:45;0,31549999999999995
23.04.2025 15:00;0,28722699999999995
23.04.2025 15:15;0,2552001666666666
23.04.2025 15:30;0,2231733333333333
23.04.2025 15:45;0,1911465
23.04.2025 16:00;0,15911966666666666
23.04.2025 16:15;0,13064166666666666
23.04.2025 16:30;0,10216366666666667
23.04.2025 16:45;0,07368566666666668
23.04.2025 17:00;0,04520766666666667
23.04.2025 17:15;0,033917916666666666
23.04.2025 17:30;0,022628166666666668
23.04.2025 17:45;0,01133841666666667
23.04.2025 18:00;4,8666666666666666e-05
23.04.2025 18:15;3,65e-05
23.04.2025 18:30;2,4333333333333333e-05
23.04.2025 18:45;1,2166666666666667e-05
23.04.2025 19:00;0,0
23.04.2025 19:15;0,0
23.04.2025 19:30;0,0
23.04.2025 19:45;0,0
23.04.2025 20:00;0,0
23.04.2025 20:15;0,0
23.04.2025 20:30;0,0
23.04.2025 20:45;0,0
23.04.2025 21:00;0,0
23.04.2025 21:15;0,0
23.04.2025 21:30;0,0
23.04.2025 21:45;0,0
23.04.2025 22:00;0,0
23.04.2025 22:15;0,0
23.04.2025 22:30;0,0
23.04.2025 22:45;0,0
23.04.2025 23:00;0,0
23.04.2025 23:15;0,0
23.04.2025 23:30;0,0
23.04.2025 23:45;0,0
24.04.2025 00:00;0,0
24.04.2025 00:15;0,0
24.04.2025 00:30;0,0
24.04.2025 00:45;0,0
24.04.2025 01:00;0,0
24.04.2025 01:15;0,0
24.04.2025 01:30;0,0
24.04.2025 01:45;0,0
24.04.2025 02:00;0,0
24.04.2025 02:15;0,0
24.04.2025 02:30;0,0
24.04.2025 02:45;0,0
24.04.2025 03:00;0,0
24.04.2025 03:15;0,0
24.04.2025 03:30;0,0
24.04.2025 03:45;0,0
24.04.2025 04:00;0,0
24.04.2025 04:15;0,0037954166666666666
24.04.2025 04:30;0,007590833333333333
24.04.2025 04:45;0,01138625
24.04.2025 05:00;0,015181666666666666
24.04.2025 05:15;0,04388191666666667
24.04.2025 05:30;0,07258216666666667
24.04.2025 05:45;0,10128241666666667
24.04.2025 06:00;0,12998266666666666
24.04.2025 06:15;0,16996158333333333
24.04.2025 06:30;0,20994049999999997
24.04.2025 06:45;0,24991941666666667
24.04.2025 07:00;0,2898983333333333
24.04.2025 07:15;0,32391766666666666
24.04.2025 07:30;0,357937
24.04.2025 07:45;0,39195633333333335
24.04.2025 08:00;0,4259756666666667
24.04.2025 08:15;0,45467425
24.04.2025 08:30;0,48337283333333336
24.04.2025 08:45;0,5120714166666667
24.04.2025 09:00;0,54077
24.04.2025 09:15;0,5553850833333334
24.04.2025 09:30;0,5700001666666666
24.04.2025 09:45;0,5846152499999999
24.04.2025 10:00;0,5992303333333333
24.04.2025 10:15;0,6051613333333333
24.04.2025 10:30;0,6110923333333333
24.04.2025 10:45;0,6170233333333333
24.04.2025 11:00;0,6229543333333333
24.04.2025 11:15;0,6202455
24.04.2025 11:30;0,6175366666666666
24.04.2025 11:45;0,6148278333333332
24.04.2025 12:00;0,612119
24.04.2025 12:15;0,6014676666666666
24.04.2025 12:30;0,5908163333333334
24.04.2025 12:45;0,580165
24.04.2025 13:00;0,5695136666666667
24.04.2025 13:15;0,541655
24.04.2025 13:30;0,5137963333333333
24.04.2025 13:45;0,48593766666666666
24.04.2025 14:00;0,45807899999999996
24.04.2025 14:15;0,42938
24.04.2025 14:30;0,400681
24.04.2025 14:45;0,37198200000000003
24.04.2025 15:00;0,34328300000000006
24.04.2025 15:15;0,3046551666666667
24.04.2025 15:30;0,2660273333333334
24.04.2025 15:45;0,22739950000000003
24.04.2025 16:00;0,18877166666666667
24.04.2025 16:15;0,15648016666666667
24.04.2025 16:30;0,12418866666666667
24.04.2025 16:45;0,09189716666666667
24.04.2025 17:00;0,05960566666666667
24.04.2025 17:15;0,044788416666666664
24.04.2025 17:30;0,029971166666666667
24.04.2025 17:45;0,01515391666666667
24.04.2025 18:00;0,00033666666666666665
24.04.2025 18:15;0,0002525
24.04.2025 18:30;0,00016833333333333332
24.04.2025 18:45;8,416666666666663e-05
24.04.2025 19:00;0,0
24.04.2025 19:15;0,0
24.04.2025 19:30;0,0
24.04.2025 19:45;0,0
24.04.2025 20:00;0,0
24.04.2025 20:15;0,0
24.04.2025 20:30;0,0
24.04.2025 20:45;0,0
24.04.2025 21:00;0,0
24.04.2025 21:15;0,0
24.04.2025 21:30;0,0
24.04.2025 21:45;0,0
24.04.2025 22:00;0,0
24.04.2025 22:15;0,0
24.04.2025 22:30;0,0
24.04.2025 22:45;0,0
24.04.2025 23:00;0,0
24.04.2025 23:15;0,0
24.04.2025 23:30;0,0
24.04.2025 23:45;0,0
25.04.2025 00:00;0,0
25.04.2025 00:15;0,0
25.04.2025 00:30;0,0
25.04.2025 00:45;0,0
25.04.2025 01:00;0,0
25.04.2025 01:15;0,0
25.04.2025 01:30;0,0
25.04.2025 01:45;0,0
25.04.2025 02:00;0,0
25.04.2025 02:15;0,0
25.04.2025 02:30;0,0
25.04.2025 02:45;0,0
25.04.2025 03:00;0,0
25.04.2025 03:15;0,0
25.04.2025 03:30;0,0
25.04.2025 03:45;0,0
25.04.2025 04:00;0,0
25.04.2025 04:15;0,004311
25.04.2025 04:30;0,008622
25.04.2025 04:45;0,012932999999999998
25.04.2025 05:00;0,017244
25.04.2025 05:15;0,044443666666666666
25.04.2025 05:30;0,07164333333333334
25.04.2025 05:45;0,098843
25.04.2025 06:00;0,12604266666666666
25.04.2025 06:15;0,16420825
25.04.2025 06:30;0,20237383333333336
25.04.2025 06:45;0,2405394166666667
25.04.2025 07:00;0,27870500000000004
25.04.2025 07:15;0,3017024166666667
25.04.2025 07:30;0,32469983333333335
25.04.2025 07:45;0,34769725
25.04.2025 08:00;0,3706946666666667
25.04.2025 08:15;0,4008315
25.04.2025 08:30;0,43096833333333334
25.04.2025 08:45;0,4611051666666667
25.04.2025 09:00;0,491242
25.04.2025 09:15;0,49519783333333334
25.04.2025 09:30;0,4991536666666667
25.04.2025 09:45;0,5031095
25.04.2025 10:00;0,5070653333333334
25.04.2025 10:15;0,4966369166666667
25.04.2025 10:30;0,48620850000000004
25.04.2025 10:45;0,4757800833333333
25.04.2025 11:00;0,46535166666666666
25.04.2025 11:15;0,4464875833333333
25.04.2025 11:30;0,4276235
25.04.2025 11:45;0,40875941666666665
25.04.2025 12:00;0,3898953333333333
25.04.2025 12:15;0,3824278333333333
25.04.2025 12:30;0,37496033333333334
25.04.2025 12:45;0,3674928333333334
25.04.2025 13:00;0,36002533333333336
25.04.2025 13:15;0,3363994166666667
25.04.2025 13:30;0,31277350000000004
25.04.2025 13:45;0,28914758333333335
25.04.2025 14:00;0,26552166666666666
25.04.2025 14:15;0,259243
25.04.2025 14:30;0,25296433333333335
25.04.2025 14:45;0,24668566666666664
25.04.2025 15:00;0,24040699999999998
25.04.2025 15:15;0,21347649999999999
25.04.2025 15:30;0,186546
25.04.2025 15:45;0,1596155
25.04.2025 16:00;0,132685
25.04.2025 16:15;0,11002616666666666
25.04.2025 16:30;0,08736733333333332
25.04.2025 16:45;0,0647085
25.04.2025 17:00;0,042049666666666666
25.04.2025 17:15;0,031580333333333335
25.04.2025 17:30;0,021110999999999998
25.04.2025 17:45;0,010641666666666667
25.04.2025 18:00;0,00017233333333333334
25.04.2025 18:15;0,00012925
25.04.2025 18:30;8,616666666666667e-05
25.04.2025 18:45;4,308333333333334e-05
25.04.2025 19:00;0,0
25.04.2025 19:15;0,0
25.04.2025 19:30;0,0
25.04.2025 19:45;0,0
25.04.2025 20:00;0,0
25.04.2025 20:15;0,0
25.04.2025 20:30;0,0
25.04.2025 20:45;0,0
25.04.2025 21:00;0,0
25.04.2025 21:15;0,0
25.04.2025 21:30;0,0
25.04.2025 21:45;0,0
25.04.2025 22:00;0,0
25.04.2025 22:15;0,0
25.04.2025 22:30;0,0
25.04.2025 22:45;0,0
25.04.2025 23:00;0,0
25.04.2025 23:15;0,0
25.04.2025 23:30;0,0
25.04.2025 23:45;0,0
26.04.2025 00:00;0,0
26.04.2025 00:15;0,0
26.04.2025 00:30;0,0
26.04.2025 00:45;0,0
26.04.2025 01:00;0,0
26.04.2025 01:15;0,0
26.04.2025 01:30;0,0
26.04.2025 01:45;0,0
26.04.2025 02:00;0,0
26.04.2025 02:15;0,0
26.04.2025 02:30;0,0
26.04.2025 02:45;0,0
26.04.2025 03:00;0,0
26.04.2025 03:15;0,0
26.04.2025 03:30;0,0
26.04.2025 03:45;0,0
26.04.2025 04:00;0,0
26.04.2025 04:15;0,0025645833333333336
26.04.2025 04:30;0,005129166666666667
26.04.2025 04:45;0,007693750000000001
26.04.2025 05:00;0,010258333333333335
26.04.2025 05:15;0,021299416666666668
26.04.2025 05:30;0,032340499999999994
26.04.2025 05:45;0,04338158333333333
26.04.2025 06:00;0,05442266666666666
26.04.2025 06:15;0,07194624999999999
26.04.2025 06:30;0,08946983333333333
26.04.2025 06:45;0,10699341666666667
26.04.2025 07:00;0,124517
26.04.2025 07:15;0,14725116666666668
26.04.2025 07:30;0,16998533333333335
26.04.2025 07:45;0,19271950000000002
26.04.2025 08:00;0,21545366666666668
26.04.2025 08:15;0,22233733333333333
26.04.2025 08:30;0,229221
26.04.2025 08:45;0,23610466666666668
26.04.2025 09:00;0,24298833333333333
26.04.2025 09:15;0,24133458333333332
26.04.2025 09:30;0,23968083333333334
26.04.2025 09:45;0,23802708333333333
26.04.2025 10:00;0,23637333333333332
26.04.2025 10:15;0,23600058333333332
26.04.2025 10:30;0,23562783333333331
26.04.2025 10:45;0,23525508333333334
26.04.2025 11:00;0,23488233333333333
26.04.2025 11:15;0,24050466666666667
26.04.2025 11:30;0,24612699999999998
26.04.2025 11:45;0,2517493333333333
26.04.2025 12:00;0,25737166666666667
26.04.2025 12:15;0,25264616666666667
26.04.2025 12:30;0,24792066666666668
26.04.2025 12:45;0,24319516666666666
26.04.2025 13:00;0,23846966666666666
26.04.2025 13:15;0,22736333333333333
26.04.2025 13:30;0,21625699999999998
26.04.2025 13:45;0,20515066666666665
26.04.2025 14:00;0,19404433333333332
26.04.2025 14:15;0,1808253333333333
26.04.2025 14:30;0,16760633333333333
26.04.2025 14:45;0,15438733333333332
26.04.2025 15:00;0,14116833333333334
26.04.2025 15:15;0,13235308333333334
26.04.2025 15:30;0,12353783333333335
26.04.2025 15:45;0,11472258333333334
26.04.2025 16:00;0,10590733333333334
26.04.2025 16:15;0,0906045
26.04.2025 16:30;0,07530166666666667
26.04.2025 16:45;0,05999883333333334
26.04.2025 17:00;0,044696
26.04.2025 17:15;0,0336085
26.04.2025 17:30;0,022521
26.04.2025 17:45;0,0114335
26.04.2025 18:00;0,000346
26.04.2025 18:15;0,0002595
26.04.2025 18:30;0,000173
26.04.2025 18:45;8,649999999999999e-05
26.04.2025 19:00;0,0
26.04.2025 19:15;0,0
26.04.2025 19:30;0,0
26.04.2025 19:45;0,0
26.04.2025 20:00;0,0
26.04.2025 20:15;0,0
26.04.2025 20:30;0,0
26.04.2025 20:45;0,0
26.04.2025 21:00;0,0
26.04.2025 21:15;0,0
26.04.2025 21:30;0,0
26.04.2025 21:45;0,0
26.04.2025 22:00;0,0
26.04.2025 22:15;0,0
26.04.2025 22:30;0,0
26.04.2025 22:45;0,0
26.04.2025 23:00;0,0
26.04.2025 23:15;0,0
26.04.2025 23:30;0,0
26.04.2025 23:45;0,0
27.04.2025 00:00;0,0
27.04.2025 00:15;0,0
27.04.2025 00:30;0,0
27.04.2025 00:45;0,0
27.04.2025 01:00;0,0
27.04.2025 01:15;0,0
27.04.2025 01:30;0,0
27.04.2025 01:45;0,0
27.04.2025 02:00;0,0
27.04.2025 02:15;0,0
27.04.2025 02:30;0,0
27.04.2025 02:45;0,0
27.04.2025 03:00;0,0
27.04.2025 03:15;0,0
27.04.2025 03:30;0,0
27.04.2025 03:45;0,0
27.04.2025 04:00;0,0
27.04.2025 04:15;0,0032125
27.04.2025 04:30;0,006425
27.04.2025 04:45;0,0096375
27.04.2025 05:00;0,01285
27.04.2025 05:15;0,03416341666666667
27.04.2025 05:30;0,05547683333333333
27.04.2025 05:45;0,07679024999999999
27.04.2025 06:00;0,09810366666666666
27.04.2025 06:15;0,12814358333333334
27.04.2025 06:30;0,1581835
27.04.2025 06:45;0,18822341666666667
27.04.2025 07:00;0,21826333333333334
27.04.2025 07:15;0,24621716666666668
27.04.2025 07:30;0,274171
27.04.2025 07:45;0,30212483333333334
27.04.2025 08:00;0,3300786666666667
27.04.2025 08:15;0,34901025
27.04.2025 08:30;0,3679418333333333
27.04.2025 08:45;0,38687341666666664
27.04.2025 09:00;0,40580499999999997
27.04.2025 09:15;0,43192591666666663
27.04.2025 09:30;0,4580468333333333
27.04.2025 09:45;0,48416774999999995
27.04.2025 10:00;0,5102886666666666
27.04.2025 10:15;0,5061740833333332
27.04.2025 10:30;0,5020595
27.04.2025 10:45;0,4979449166666666
27.04.2025 11:00;0,4938303333333333
27.04.2025 11:15;0,49138783333333336
27.04.2025 11:30;0,48894533333333334
27.04.2025 11:45;0,48650283333333333
27.04.2025 12:00;0,48406033333333337
27.04.2025 12:15;0,4757983333333333
27.04.2025 12:30;0,46753633333333333
27.04.2025 12:45;0,45927433333333334
27.04.2025 13:00;0,4510123333333333
27.04.2025 13:15;0,42876725
27.04.2025 13:30;0,40652216666666663
27.04.2025 13:45;0,3842770833333333
27.04.2025 14:00;0,362032
27.04.2025 14:15;0,33967983333333335
27.04.2025 14:30;0,3173276666666667
27.04.2025 14:45;0,2949755
27.04.2025 15:00;0,27262333333333333
27.04.2025 15:15;0,24656041666666667
27.04.2025 15:30;0,2204975
27.04.2025 15:45;0,19443458333333333
27.04.2025 16:00;0,16837166666666667
27.04.2025 16:15;0,13853741666666666
27.04.2025 16:30;0,10870316666666667
27.04.2025 16:45;0,07886891666666666
27.04.2025 17:00;0,049034666666666664
27.04.2025 17:15;0,03703058333333333
27.04.2025 17:30;0,0250265
27.04.2025 17:45;0,013022416666666668
27.04.2025 18:00;0,0010183333333333333
27.04.2025 18:15;0,00076375
27.04.2025 18:30;0,0005091666666666667
27.04.2025 18:45;0,00025458333333333333
27.04.2025 19:00;0,0
27.04.2025 19:15;0,0
27.04.2025 19:30;0,0
27.04.2025 19:45;0,0
27.04.2025 20:00;0,0
27.04.2025 20:15;0,0
27.04.2025 20:30;0,0
27.04.2025 20:45;0,0
27.04.2025 21:00;0,0
27.04.2025 21:15;0,0
27.04.2025 21:30;0,0
27.04.2025 21:45;0,0
27.04.2025 22:00;0,0
27.04.2025 22:15;0,0
27.04.2025 22:30;0,0
27.04.2025 22:45;0,0
27.04.2025 23:00;0,0
27.04.2025 23:15;0,0
27.04.2025 23:30;0,0
27.04.2025 23:45;0,0
28.04.2025 00:00;0,0
28.04.2025 00:15;0,0
28.04.2025 00:30;0,0
28.04.2025 00:45;0,0
28.04.2025 01:00;0,0
28.04.2025 01:15;0,0
28.04.2025 01:30;0,0
28.04.2025 01:45;0,0
28.04.2025 02:00;0,0
28.04.2025 02:15;0,0
28.04.2025 02:30;0,0
28.04.2025 02:45;0,0
28.04.2025 03:00;0,0
28.04.2025 03:15;0,0
28.04.2025 03:30;0,0
28.04.2025 03:45;0,0
28.04.2025 04:00;0,0
28.04.2025 04:15;0,0028912499999999997
28.04.2025 04:30;0,0057824999999999994
28.04.2025 04:45;0,00867375
28.04.2025 05:00;0,011564999999999999
28.04.2025 05:15;0,02875825
28.04.2025 05:30;0,0459515
28.04.2025 05:45;0,06314475
28.04.2025 06:00;0,08033799999999999
28.04.2025 06:15;0,107976
28.04.2025 06:30;0,135614
28.04.2025 06:45;0,163252
28.04.2025 07:00;0,19089
28.04.2025 07:15;0,21223341666666667
28.04.2025 07:30;0,23357683333333334
28.04.2025 07:45;0,25492025
28.04.2025 08:00;0,2762636666666667
28.04.2025 08:15;0,3084085833333333
28.04.2025 08:30;0,34055349999999995
28.04.2025 08:45;0,37269841666666664
28.04.2025 09:00;0,4048433333333333
28.04.2025 09:15;0,40763649999999996
28.04.2025 09:30;0,41042966666666664
28.04.2025 09:45;0,4132228333333333
28.04.2025 10:00;0,416016
28.04.2025 10:15;0,41850525
28.04.2025 10:30;0,4209945
28.04.2025 10:45;0,42348375
28.04.2025 11:00;0,425973
28.04.2025 11:15;0,4180621666666667
28.04.2025 11:30;0,4101513333333333
28.04.2025 11:45;0,4022405
28.04.2025 12:00;0,3943296666666667
28.04.2025 12:15;0,39100741666666666
28.04.2025 12:30;0,38768516666666664
28.04.2025 12:45;0,38436291666666667
28.04.2025 13:00;0,38104066666666664
28.04.2025 13:15;0,35453375
28.04.2025 13:30;0,3280268333333333
28.04.2025 13:45;0,30151991666666667
28.04.2025 14:00;0,275013
28.04.2025 14:15;0,27456308333333335
28.04.2025 14:30;0,2741131666666667
28.04.2025 14:45;0,27366325
28.04.2025 15:00;0,27321333333333336
28.04.2025 15:15;0,24532975
28.04.2025 15:30;0,21744616666666666
28.04.2025 15:45;0,1895625833333333
28.04.2025 16:00;0,161679
28.04.2025 16:15;0,13437358333333332
28.04.2025 16:30;0,10706816666666666
28.04.2025 16:45;0,07976275
28.04.2025 17:00;0,052457333333333335
28.04.2025 17:15;0,03967
28.04.2025 17:30;0,026882666666666666
28.04.2025 17:45;0,014095333333333328
28.04.2025 18:00;0,001308
28.04.2025 18:15;0,0009809999999999999
28.04.2025 18:30;0,000654
28.04.2025 18:45;0,00032700000000000003
28.04.2025 19:00;0,0
28.04.2025 19:15;0,0
28.04.2025 19:30;0,0
28.04.2025 19:45;0,0
28.04.2025 20:00;0,0
28.04.2025 20:15;0,0
28.04.2025 20:30;0,0
28.04.2025 20:45;0,0
28.04.2025 21:00;0,0
28.04.2025 21:15;0,0
28.04.2025 21:30;0,0
28.04.2025 21:45;0,0
28.04.2025 22:00;0,0
28.04.2025 22:15;0,0
28.04.2025 22:30;0,0
28.04.2025 22:45;0,0
28.04.2025 23:00;0,0
28.04.2025 23:15;0,0
28.04.2025 23:30;0,0
28.04.2025 23:45;0,0
29.04.2025 00:00;0,0
29.04.2025 00:15;0,0
29.04.2025 00:30;0,0
29.04.2025 00:45;0,0
29.04.2025 01:00;0,0
29.04.2025 01:15;0,0
29.04.2025 01:30;0,0
29.04.2025 01:45;0,0
29.04.2025 02:00;0,0
29.04.2025 02:15;0,0
29.04.2025 02:30;0,0
29.04.2025 02:45;0,0
29.04.2025 03:00;0,0
29.04.2025 03:15;0,0
29.04.2025 03:30;0,0
29.04.2025 03:45;0,0
29.04.2025 04:00;0,0
29.04.2025 04:15;0,005269333333333333
29.04.2025 04:30;0,010538666666666667
29.04.2025 04:45;0,015808
29.04.2025 05:00;0,021077333333333333
29.04.2025 05:15;0,04959358333333333
29.04.2025 05:30;0,07810983333333332
29.04.2025 05:45;0,10662608333333333
29.04.2025 06:00;0,13514233333333334
29.04.2025 06:15;0,17552608333333333
29.04.2025 06:30;0,21590983333333336
29.04.2025 06:45;0,25629358333333335
29.04.2025 07:00;0,29667733333333335
29.04.2025 07:15;0,3266105
29.04.2025 07:30;0,35654366666666665
29.04.2025 07:45;0,3864768333333333
29.04.2025 08:00;0,41641
29.04.2025 08:15;0,44982208333333334
29.04.2025 08:30;0,48323416666666674
29.04.2025 08:45;0,5166462500000001
29.04.2025 09:00;0,5500583333333334
29.04.2025 09:15;0,5464030000000001
29.04.2025 09:30;0,5427476666666667
29.04.2025 09:45;0,5390923333333334
29.04.2025 10:00;0,535437
29.04.2025 10:15;0,5520630833333333
29.04.2025 10:30;0,5686891666666667
29.04.2025 10:45;0,5853152500000001
29.04.2025 11:00;0,6019413333333333
29.04.2025 11:15;0,6044413333333334
29.04.2025 11:30;0,6069413333333333
29.04.2025 11:45;0,6094413333333333
29.04.2025 12:00;0,6119413333333333
29.04.2025 12:15;0,6065878333333333
29.04.2025 12:30;0,6012343333333334
29.04.2025 12:45;0,5958808333333334
29.04.2025 13:00;0,5905273333333334
29.04.2025 13:15;0,5527374166666668
29.04.2025 13:30;0,5149475
29.04.2025 13:45;0,47715758333333336
29.04.2025 14:00;0,43936766666666666
29.04.2025 14:15;0,40594366666666665
29.04.2025 14:30;0,3725196666666667
29.04.2025 14:45;0,3390956666666667
29.04.2025 15:00;0,3056716666666667
29.04.2025 15:15;0,27547575
29.04.2025 15:30;0,24527983333333334
29.04.2025 15:45;0,21508391666666668
29.04.2025 16:00;0,184888
29.04.2025 16:15;0,15261266666666667
29.04.2025 16:30;0,12033733333333332
29.04.2025 16:45;0,08806199999999999
29.04.2025 17:00;0,055786666666666665
29.04.2025 17:15;0,04235483333333333
29.04.2025 17:30;0,028922999999999997
29.04.2025 17:45;0,015491166666666667
29.04.2025 18:00;0,0020593333333333336
29.04.2025 18:15;0,0015445000000000003
29.04.2025 18:30;0,0010296666666666668
29.04.2025 18:45;0,0005148333333333333
29.04.2025 19:00;0,0
29.04.2025 19:15;0,0
29.04.2025 19:30;0,0
29.04.2025 19:45;0,0
29.04.2025 20:00;0,0
29.04.2025 20:15;0,0
29.04.2025 20:30;0,0
29.04.2025 20:45;0,0
29.04.2025 21:00;0,0
29.04.2025 21:15;0,0
29.04.2025 21:30;0,0
29.04.2025 21:45;0,0
29.04.2025 22:00;0,0
29.04.2025 22:15;0,0
29.04.2025 22:30;0,0
29.04.2025 22:45;0,0
29.04.2025 23:00;0,0
29.04.2025 23:15;0,0
29.04.2025 23:30;0,0
29.04.2025 23:45;0,0
30.04.2025 00:00;0,0
30.04.2025 00:15;0,0
30.04.2025 00:30;0,0
30.04.2025 00:45;0,0
30.04.2025 01:00;0,0
30.04.2025 01:15;0,0
30.04.2025 01:30;0,0
30.04.2025 01:45;0,0
30.04.2025 02:00;0,0
30.04.2025 02:15;0,0
30.04.2025 02:30;0,0
30.04.2025 02:45;0,0
30.04.2025 03:00;0,0
30.04.2025 03:15;0,0
30.04.2025 03:30;0,0
30.04.2025 03:45;0,0
30.04.2025 04:00;0,0
30.04.2025 04:15;0,0048274166666666665
30.04.2025 04:30;0,009654833333333333
30.04.2025 04:45;0,014482249999999999
30.04.2025 05:00;0,019309666666666666
30.04.2025 05:15;0,04414825
30.04.2025 05:30;0,06898683333333333
30.04.2025 05:45;0,09382541666666668
30.04.2025 06:00;0,118664
30.04.2025 06:15;0,15979416666666668
30.04.2025 06:30;0,20092433333333337
30.04.2025 06:45;0,24205450000000003
30.04.2025 07:00;0,2831846666666667
30.04.2025 07:15;0,31197925000000004
30.04.2025 07:30;0,34077383333333333
30.04.2025 07:45;0,3695684166666666
30.04.2025 08:00;0,39836299999999997
30.04.2025 08:15;0,41954325
30.04.2025 08:30;0,4407235
30.04.2025 08:45;0,46190375
30.04.2025 09:00;0,483084
30.04.2025 09:15;0,49390283333333335
30.04.2025 09:30;0,5047216666666666
30.04.2025 09:45;0,5155405
30.04.2025 10:00;0,5263593333333333
30.04.2025 10:15;0,5273645833333334
30.04.2025 10:30;0,5283698333333333
30.04.2025 10:45;0,5293750833333333
30.04.2025 11:00;0,5303803333333333
30.04.2025 11:15;0,5139294166666667
30.04.2025 11:30;0,49747850000000005
30.04.2025 11:45;0,48102758333333334
30.04.2025 12:00;0,4645766666666667
30.04.2025 12:15;0,43742983333333335
30.04.2025 12:30;0,410283
30.04.2025 12:45;0,38313616666666667
30.04.2025 13:00;0,3559893333333333
30.04.2025 13:15;0,3399610833333333
30.04.2025 13:30;0,32393283333333334
30.04.2025 13:45;0,30790458333333337
30.04.2025 14:00;0,29187633333333335
30.04.2025 14:15;0,27371508333333333
30.04.2025 14:30;0,25555383333333337
30.04.2025 14:45;0,23739258333333335
30.04.2025 15:00;0,21923133333333336
30.04.2025 15:15;0,19949550000000002
30.04.2025 15:30;0,17975966666666668
30.04.2025 15:45;0,16002383333333334
30.04.2025 16:00;0,140288
30.04.2025 16:15;0,11847774999999999
30.04.2025 16:30;0,09666749999999999
30.04.2025 16:45;0,07485725
30.04.2025 17:00;0,053047
30.04.2025 17:15;0,04014008333333333
30.04.2025 17:30;0,027233166666666666
30.04.2025 17:45;0,014326249999999999
30.04.2025 18:00;0,0014193333333333334
30.04.2025 18:15;0,0010645000000000001
30.04.2025 18:30;0,0007096666666666667
30.04.2025 18:45;0,0003548333333333333
30.04.2025 19:00;0,0
30.04.2025 19:15;0,0
30.04.2025 19:30;0,0
30.04.2025 19:45;0,0
30.04.2025 20:00;0,0
30.04.2025 20:15;0,0
30.04.2025 20:30;0,0
30.04.2025 20:45;0,0
30.04.2025 21:00;0,0
30.04.2025 21:15;0,0
30.04.2025 21:30;0,0
30.04.2025 21:45;0,0
30.04.2025 22:00;0,0
30.04.2025 22:15;0,0
30.04.2025 22:30;0,0
30.04.2025 22:45;0,0
30.04.2025 23:00;0,0
30.04.2025 23:15;0,0
30.04.2025 23:30;0,0
30.04.2025 23:45;0,0
01.05.2025 00:00;0,0
01.05.2025 00:15;0,0
01.05.2025 00:30;0,0
01.05.2025 00:45;0,0
01.05.2025 01:00;0,0
01.05.2025 01:15;0,0
01.05.2025 01:30;0,0
01.05.2025 01:45;0,0
01.05.2025 02:00;0,0
01.05.2025 02:15;0,0
01.05.2025 02:30;0,0
01.05.2025 02:45;0,0
01.05.2025 03:00;0,0
01.05.2025 03:15;0,0
01.05.2025 03:30;0,0
01.05.2025 03:45;0,0
01.05.2025 04:00;0,0
01.05.2025 04:15;0,004604916666666667
01.05.2025 04:30;0,009209833333333334
01.05.2025 04:45;0,01381475
01.05.2025 05:00;0,018419666666666668
01.05.2025 05:15;0,033412833333333336
01.05.2025 05:30;0,048406000000000005
01.05.2025 05:45;0,06339916666666667
01.05.2025 06:00;0,07839233333333334
01.05.2025 06:15;0,09544283333333334
01.05.2025 06:30;0,11249333333333333
01.05.2025 06:45;0,12954383333333333
01.05.2025 07:00;0,14659433333333333
01.05.2025 07:15;0,15954408333333334
01.05.2025 07:30;0,17249383333333335
01.05.2025 07:45;0,18544358333333333
01.05.2025 08:00;0,19839333333333334
01.05.2025 08:15;0,21366808333333334
01.05.2025 08:30;0,22894283333333335
01.05.2025 08:45;0,24421758333333332
01.05.2025 09:00;0,2594923333333333
01.05.2025 09:15;0,26197525
01.05.2025 09:30;0,26445816666666666
01.05.2025 09:45;0,26694108333333333
01.05.2025 10:00;0,269424
01.05.2025 10:15;0,28250225
01.05.2025 10:30;0,2955805
01.05.2025 10:45;0,30865875
01.05.2025 11:00;0,321737
01.05.2025 11:15;0,32274058333333333
01.05.2025 11:30;0,32374416666666667
01.05.2025 11:45;0,32474775
01.05.2025 12:00;0,32575133333333334
01.05.2025 12:15;0,3196645
01.05.2025 12:30;0,31357766666666664
01.05.2025 12:45;0,3074908333333333
01.05.2025 13:00;0,301404
01.05.2025 13:15;0,28765875
01.05.2025 13:30;0,27391350000000003
01.05.2025 13:45;0,26016825
01.05.2025 14:00;0,246423
01.05.2025 14:15;0,22936491666666667
01.05.2025 14:30;0,21230683333333333
01.05.2025 14:45;0,19524875
01.05.2025 15:00;0,17819066666666666
01.05.2025 15:15;0,158543
01.05.2025 15:30;0,13889533333333332
01.05.2025 15:45;0,11924766666666667
01.05.2025 16:00;0,0996
01.05.2025 16:15;0,08359933333333333
01.05.2025 16:30;0,06759866666666667
01.05.2025 16:45;0,051598000000000005
01.05.2025 17:00;0,035597333333333335
01.05.2025 17:15;0,027242166666666668
01.05.2025 17:30;0,018887
01.05.2025 17:45;0,010531833333333334
01.05.2025 18:00;0,0021766666666666666
01.05.2025 18:15;0,0016324999999999998
01.05.2025 18:30;0,0010883333333333333
01.05.2025 18:45;0,0005441666666666665
01.05.2025 19:00;0,0
01.05.2025 19:15;0,0
01.05.2025 19:30;0,0
01.05.2025 19:45;0,0
01.05.2025 20:00;0,0
01.05.2025 20:15;0,0
01.05.2025 20:30;0,0
01.05.2025 20:45;0,0
01.05.2025 21:00;0,0
01.05.2025 21:15;0,0
01.05.2025 21:30;0,0
01.05.2025 21:45;0,0
01.05.2025 22:00;0,0
01.05.2025 22:15;0,0
01.05.2025 22:30;0,0
01.05.2025 22:45;0,0
01.05.2025 23:00;0,0
01.05.2025 23:15;0,0
01.05.2025 23:30;0,0
01.05.2025 23:45;0,0
02.05.2025 00:00;0,0
02.05.2025 00:15;0,0
02.05.2025 00:30;0,0
02.05.2025 00:45;0,0
02.05.2025 01:00;0,0
02.05.2025 01:15;0,0
02.05.2025 01:30;0,0
02.05.2025 01:45;0,0
02.05.2025 02:00;0,0
02.05.2025 02:15;0,0
02.05.2025 02:30;0,0
02.05.2025 02:45;0,0
02.05.2025 03:00;0,0
02.05.2025 03:15;0,0
02.05.2025 03:30;0,0
02.05.2025 03:45;0,0
02.05.2025 04:00;0,0
02.05.2025 04:15;0,00475225
02.05.2025 04:30;0,0095045
02.05.2025 04:45;0,01425675
02.05.2025 05:00;0,019009
02.05.2025 05:15;0,03762083333333334
02.05.2025 05:30;0,05623266666666667
02.05.2025 05:45;0,07484450000000001
02.05.2025 06:00;0,09345633333333334
02.05.2025 06:15;0,11807083333333333
02.05.2025 06:30;0,14268533333333333
02.05.2025 06:45;0,16729983333333331
02.05.2025 07:00;0,19191433333333333
02.05.2025 07:15;0,21153591666666666
02.05.2025 07:30;0,23115749999999996
02.05.2025 07:45;0,2507790833333333
02.05.2025 08:00;0,2704006666666666
02.05.2025 08:15;0,2920470833333333
02.05.2025 08:30;0,31369349999999996
02.05.2025 08:45;0,3353399166666667
02.05.2025 09:00;0,35698633333333335
02.05.2025 09:15;0,3464205
02.05.2025 09:30;0,33585466666666663
02.05.2025 09:45;0,3252888333333333
02.05.2025 10:00;0,314723
02.05.2025 10:15;0,3110225833333333
02.05.2025 10:30;0,3073221666666667
02.05.2025 10:45;0,30362175
02.05.2025 11:00;0,2999213333333334
02.05.2025 11:15;0,30017683333333334
02.05.2025 11:30;0,30043233333333336
02.05.2025 11:45;0,3006878333333334
02.05.2025 12:00;0,30094333333333334
02.05.2025 12:15;0,29651408333333334
02.05.2025 12:30;0,29208483333333335
02.05.2025 12:45;0,28765558333333335
02.05.2025 13:00;0,28322633333333336
02.05.2025 13:15;0,2798379166666667
02.05.2025 13:30;0,2764495
02.05.2025 13:45;0,27306108333333334
02.05.2025 14:00;0,26967266666666667
02.05.2025 14:15;0,24227983333333333
02.05.2025 14:30;0,21488700000000002
02.05.2025 14:45;0,18749416666666668
02.05.2025 15:00;0,16010133333333335
02.05.2025 15:15;0,14419766666666667
02.05.2025 15:30;0,12829400000000002
02.05.2025 15:45;0,11239033333333334
02.05.2025 16:00;0,09648666666666667
02.05.2025 16:15;0,080111
02.05.2025 16:30;0,06373533333333334
02.05.2025 16:45;0,04735966666666667
02.05.2025 17:00;0,030984
02.05.2025 17:15;0,023696333333333333
02.05.2025 17:30;0,01640866666666667
02.05.2025 17:45;0,009121
02.05.2025 18:00;0,0018333333333333333
02.05.2025 18:15;0,001375
02.05.2025 18:30;0,0009166666666666668
02.05.2025 18:45;0,0004583333333333334
02.05.2025 19:00;0,0
02.05.2025 19:15;0,0
02.05.2025 19:30;0,0
02.05.2025 19:45;0,0
02.05.2025 20:00;0,0
02.05.2025 20:15;0,0
02.05.2025 20:30;0,0
02.05.2025 20:45;0,0
02.05.2025 21:00;0,0
02.05.2025 21:15;0,0
02.05.2025 21:30;0,0
02.05.2025 21:45;0,0
02.05.2025 22:00;0,0
02.05.2025 22:15;0,0
02.05.2025 22:30;0,0
02.05.2025 22:45;0,0
02.05.2025 23:00;0,0
02.05.2025 23:15;0,0
02.05.2025 23:30;0,0
02.05.2025 23:45;0,0
03.05.2025 00:00;0,0
03.05.2025 00:15;0,0
03.05.2025 00:30;0,0
03.05.2025 00:45;0,0
03.05.2025 01:00;0,0
03.05.2025 01:15;0,0
03.05.2025 01:30;0,0
03.05.2025 01:45;0,0
03.05.2025 02:00;0,0
03.05.2025 02:15;0,0
03.05.2025 02:30;0,0
03.05.2025 02:45;0,0
03.05.2025 03:00;0,0
03.05.2025 03:15;0,0
03.05.2025 03:30;0,0
03.05.2025 03:45;0,0
03.05.2025 04:00;0,0
03.05.2025 04:15;0,0051545
03.05.2025 04:30;0,010309
03.05.2025 04:45;0,0154635
03.05.2025 05:00;0,020618
03.05.2025 05:15;0,03908283333333333
03.05.2025 05:30;0,057547666666666664
03.05.2025 05:45;0,0760125
03.05.2025 06:00;0,09447733333333333
03.05.2025 06:15;0,10618949999999999
03.05.2025 06:30;0,11790166666666665
03.05.2025 06:45;0,12961383333333332
03.05.2025 07:00;0,14132599999999998
03.05.2025 07:15;0,17407166666666665
03.05.2025 07:30;0,2068173333333333
03.05.2025 07:45;0,23956299999999997
03.05.2025 08:00;0,27230866666666664
03.05.2025 08:15;0,28174408333333334
03.05.2025 08:30;0,29117950000000004
03.05.2025 08:45;0,3006149166666667
03.05.2025 09:00;0,31005033333333337
03.05.2025 09:15;0,31032125000000005
03.05.2025 09:30;0,31059216666666667
03.05.2025 09:45;0,31086308333333335
03.05.2025 10:00;0,311134
03.05.2025 10:15;0,3332095
03.05.2025 10:30;0,35528499999999996
03.05.2025 10:45;0,3773605
03.05.2025 11:00;0,39943599999999996
03.05.2025 11:15;0,382028
03.05.2025 11:30;0,36461999999999994
03.05.2025 11:45;0,34721199999999997
03.05.2025 12:00;0,329804
03.05.2025 12:15;0,31386899999999995
03.05.2025 12:30;0,297934
03.05.2025 12:45;0,281999
03.05.2025 13:00;0,26606399999999997
03.05.2025 13:15;0,24770716666666664
03.05.2025 13:30;0,22935033333333332
03.05.2025 13:45;0,21099349999999997
03.05.2025 14:00;0,19263666666666665
03.05.2025 14:15;0,18599825
03.05.2025 14:30;0,17935983333333333
03.05.2025 14:45;0,17272141666666668
03.05.2025 15:00;0,166083
03.05.2025 15:15;0,15534616666666667
03.05.2025 15:30;0,14460933333333334
03.05.2025 15:45;0,1338725
03.05.2025 16:00;0,12313566666666667
03.05.2025 16:15;0,10441450000000001
03.05.2025 16:30;0,08569333333333334
03.05.2025 16:45;0,06697216666666667
03.05.2025 17:00;0,048251
03.05.2025 17:15;0,03713391666666667
03.05.2025 17:30;0,026016833333333333
03.05.2025 17:45;0,014899749999999996
03.05.2025 18:00;0,0037826666666666664
03.05.2025 18:15;0,0028369999999999997
03.05.2025 18:30;0,0018913333333333332
03.05.2025 18:45;0,0009456666666666667
03.05.2025 19:00;0,0
03.05.2025 19:15;0,0
03.05.2025 19:30;0,0
03.05.2025 19:45;0,0
03.05.2025 20:00;0,0
03.05.2025 20:15;0,0
03.05.2025 20:30;0,0
03.05.2025 20:45;0,0
03.05.2025 21:00;0,0
03.05.2025 21:15;0,0
03.05.2025 21:30;0,0
03.05.2025 21:45;0,0
03.05.2025 22:00;0,0
03.05.2025 22:15;0,0
03.05.2025 22:30;0,0
03.05.2025 22:45;0,0
03.05.2025 23:00;0,0
03.05.2025 23:15;0,0
03.05.2025 23:30;0,0
03.05.2025 23:45;0,0
04.05.2025 00:00;0,0
04.05.2025 00:15;0,0
04.05.2025 00:30;0,0
04.05.2025 00:45;0,0
04.05.2025 01:00;0,0
04.05.2025 01:15;0,0
04.05.2025 01:30;0,0
04.05.2025 01:45;0,0
04.05.2025 02:00;0,0
04.05.2025 02:15;0,0
04.05.2025 02:30;0,0
04.05.2025 02:45;0,0
04.05.2025 03:00;0,0
04.05.2025 03:15;0,0
04.05.2025 03:30;0,0
04.05.2025 03:45;0,0
04.05.2025 04:00;0,0
04.05.2025 04:15;0,005516999999999999
04.05.2025 04:30;0,011033999999999999
04.05.2025 04:45;0,016550999999999996
04.05.2025 05:00;0,022067999999999997
04.05.2025 05:15;0,043539749999999995
04.05.2025 05:30;0,0650115
04.05.2025 05:45;0,08648324999999998
04.05.2025 06:00;0,107955
04.05.2025 06:15;0,12020166666666665
04.05.2025 06:30;0,13244833333333333
04.05.2025 06:45;0,144695
04.05.2025 07:00;0,15694166666666665
04.05.2025 07:15;0,2026430833333333
04.05.2025 07:30;0,2483445
04.05.2025 07:45;0,2940459166666667
04.05.2025 08:00;0,33974733333333335
04.05.2025 08:15;0,34796083333333333
04.05.2025 08:30;0,3561743333333333
04.05.2025 08:45;0,3643878333333333
04.05.2025 09:00;0,3726013333333333
04.05.2025 09:15;0,38264374999999995
04.05.2025 09:30;0,39268616666666667
04.05.2025 09:45;0,40272858333333333
04.05.2025 10:00;0,412771
04.05.2025 10:15;0,40782816666666666
04.05.2025 10:30;0,4028853333333333
04.05.2025 10:45;0,3979425
04.05.2025 11:00;0,39299966666666664
04.05.2025 11:15;0,3949176666666666
04.05.2025 11:30;0,39683566666666664
04.05.2025 11:45;0,3987536666666667
04.05.2025 12:00;0,40067166666666665
04.05.2025 12:15;0,39316758333333335
04.05.2025 12:30;0,3856635
04.05.2025 12:45;0,3781594166666667
04.05.2025 13:00;0,37065533333333334
04.05.2025 13:15;0,3643881666666667
04.05.2025 13:30;0,358121
04.05.2025 13:45;0,3518538333333333
04.05.2025 14:00;0,34558666666666665
04.05.2025 14:15;0,3274604166666667
04.05.2025 14:30;0,3093341666666667
04.05.2025 14:45;0,29120791666666673
04.05.2025 15:00;0,2730816666666667
04.05.2025 15:15;0,24531533333333339
04.05.2025 15:30;0,21754900000000005
04.05.2025 15:45;0,18978266666666668
04.05.2025 16:00;0,16201633333333335
04.05.2025 16:15;0,13516183333333334
04.05.2025 16:30;0,10830733333333334
04.05.2025 16:45;0,08145283333333334
04.05.2025 17:00;0,05459833333333333
04.05.2025 17:15;0,04219816666666666
04.05.2025 17:30;0,029797999999999998
04.05.2025 17:45;0,017397833333333328
04.05.2025 18:00;0,004997666666666667
04.05.2025 18:15;0,00374825
04.05.2025 18:30;0,0024988333333333334
04.05.2025 18:45;0,001249416666666667
04.05.2025 19:00;0,0
04.05.2025 19:15;0,0
04.05.2025 19:30;0,0
04.05.2025 19:45;0,0
04.05.2025 20:00;0,0
04.05.2025 20:15;0,0
04.05.2025 20:30;0,0
04.05.2025 20:45;0,0
04.05.2025 21:00;0,0
04.05.2025 21:15;0,0
04.05.2025 21:30;0,0
04.05.2025 21:45;0,0
04.05.2025 22:00;0,0
04.05.2025 22:15;0,0
04.05.2025 22:30;0,0
04.05.2025 22:45;0,0
04.05.2025 23:00;0,0
04.05.2025 23:15;0,0
04.05.2025 23:30;0,0
04.05.2025 23:45;0,0
05.05.2025 00:00;0,0
05.05.2025 00:15;0,0
05.05.2025 00:30;0,0
05.05.2025 00:45;0,0
05.05.2025 01:00;0,0
05.05.2025 01:15;0,0
05.05.2025 01:30;0,0
05.05.2025 01:45;0,0
05.05.2025 02:00;0,0
05.05.2025 02:15;0,0
05.05.2025 02:30;0,0
05.05.2025 02:45;0,0
05.05.2025 03:00;0,0
05.05.2025 03:15;0,0
05.05.2025 03:30;0,0
05.05.2025 03:45;0,0
05.05.2025 04:00;0,0
05.05.2025 04:15;0,0045969166666666676
05.05.2025 04:30;0,009193833333333335
05.05.2025 04:45;0,013790750000000003
05.05.2025 05:00;0,01838766666666667
05.05.2025 05:15;0,04035341666666667
05.05.2025 05:30;0,06231916666666667
05.05.2025 05:45;0,08428491666666668
05.05.2025 06:00;0,10625066666666667
05.05.2025 06:15;0,13396325
05.05.2025 06:30;0,16167583333333335
05.05.2025 06:45;0,18938841666666667
05.05.2025 07:00;0,217101
05.05.2025 07:15;0,24409966666666666
05.05.2025 07:30;0,27109833333333333
05.05.2025 07:45;0,298097
05.05.2025 08:00;0,32509566666666667
05.05.2025 08:15;0,34878133333333333
05.05.2025 08:30;0,372467
05.05.2025 08:45;0,3961526666666667
05.05.2025 09:00;0,41983833333333337
05.05.2025 09:15;0,4367958333333334
05.05.2025 09:30;0,45375333333333334
05.05.2025 09:45;0,47071083333333336
05.05.2025 10:00;0,48766833333333337
05.05.2025 10:15;0,4876330833333334
05.05.2025 10:30;0,4875978333333334
05.05.2025 10:45;0,48756258333333335
05.05.2025 11:00;0,48752733333333337
05.05.2025 11:15;0,49074850000000003
05.05.2025 11:30;0,49396966666666675
05.05.2025 11:45;0,4971908333333334
05.05.2025 12:00;0,5004120000000001
05.05.2025 12:15;0,49281250000000004
05.05.2025 12:30;0,48521300000000006
05.05.2025 12:45;0,4776135
05.05.2025 13:00;0,470014
05.05.2025 13:15;0,45732966666666663
05.05.2025 13:30;0,44464533333333334
05.05.2025 13:45;0,43196100000000004
05.05.2025 14:00;0,4192766666666667
05.05.2025 14:15;0,39725583333333336
05.05.2025 14:30;0,375235
05.05.2025 14:45;0,35321416666666666
05.05.2025 15:00;0,33119333333333334
05.05.2025 15:15;0,29715475
05.05.2025 15:30;0,26311616666666665
05.05.2025 15:45;0,22907758333333333
05.05.2025 16:00;0,195039
05.05.2025 16:15;0,1623655
05.05.2025 16:30;0,129692
05.05.2025 16:45;0,09701850000000001
05.05.2025 17:00;0,064345
05.05.2025 17:15;0,04979733333333333
05.05.2025 17:30;0,035249666666666665
05.05.2025 17:45;0,020701999999999998
05.05.2025 18:00;0,006154333333333333
05.05.2025 18:15;0,00461575
05.05.2025 18:30;0,0030771666666666664
05.05.2025 18:45;0,0015385833333333336
05.05.2025 19:00;0,0
05.05.2025 19:15;0,0
05.05.2025 19:30;0,0
05.05.2025 19:45;0,0
05.05.2025 20:00;0,0
05.05.2025 20:15;0,0
05.05.2025 20:30;0,0
05.05.2025 20:45;0,0
05.05.2025 21:00;0,0
05.05.2025 21:15;0,0
05.05.2025 21:30;0,0
05.05.2025 21:45;0,0
05.05.2025 22:00;0,0
05.05.2025 22:15;0,0
05.05.2025 22:30;0,0
05.05.2025 22:45;0,0
05.05.2025 23:00;0,0
05.05.2025 23:15;0,0
05.05.2025 23:30;0,0
05.05.2025 23:45;0,0
06.05.2025 00:00;0,0
06.05.2025 00:15;0,0
06.05.2025 00:30;0,0
06.05.2025 00:45;0,0
06.05.2025 01:00;0,0
06.05.2025 01:15;0,0
06.05.2025 01:30;0,0
06.05.2025 01:45;0,0
06.05.2025 02:00;0,0
06.05.2025 02:15;0,0
06.05.2025 02:30;0,0
06.05.2025 02:45;0,0
06.05.2025 03:00;0,0
06.05.2025 03:15;0,0
06.05.2025 03:30;0,0
06.05.2025 03:45;0,0
06.05.2025 04:00;0,0
06.05.2025 04:15;0,006075
06.05.2025 04:30;0,01215
06.05.2025 04:45;0,018224999999999998
06.05.2025 05:00;0,0243
06.05.2025 05:15;0,04862416666666666
06.05.2025 05:30;0,07294833333333332
06.05.2025 05:45;0,0972725
06.05.2025 06:00;0,12159666666666666
06.05.2025 06:15;0,15773983333333333
06.05.2025 06:30;0,19388299999999997
06.05.2025 06:45;0,23002616666666664
06.05.2025 07:00;0,2661693333333333
06.05.2025 07:15;0,29656224999999997
06.05.2025 07:30;0,32695516666666663
06.05.2025 07:45;0,35734808333333334
06.05.2025 08:00;0,387741
06.05.2025 08:15;0,39466941666666666
06.05.2025 08:30;0,4015978333333333
06.05.2025 08:45;0,40852625
06.05.2025 09:00;0,41545466666666664
06.05.2025 09:15;0,41790883333333334
06.05.2025 09:30;0,42036300000000004
06.05.2025 09:45;0,4228171666666667
06.05.2025 10:00;0,4252713333333334
06.05.2025 10:15;0,4336041666666667
06.05.2025 10:30;0,441937
06.05.2025 10:45;0,45026983333333337
06.05.2025 11:00;0,45860266666666666
06.05.2025 11:15;0,45747175
06.05.2025 11:30;0,4563408333333333
06.05.2025 11:45;0,45520991666666666
06.05.2025 12:00;0,454079
06.05.2025 12:15;0,4495439166666667
06.05.2025 12:30;0,44500883333333335
06.05.2025 12:45;0,44047375
06.05.2025 13:00;0,4359386666666667
06.05.2025 13:15;0,42832375
06.05.2025 13:30;0,4207088333333333
06.05.2025 13:45;0,41309391666666667
06.05.2025 14:00;0,405479
06.05.2025 14:15;0,383883
06.05.2025 14:30;0,362287
06.05.2025 14:45;0,340691
06.05.2025 15:00;0,319095
06.05.2025 15:15;0,2890415
06.05.2025 15:30;0,258988
06.05.2025 15:45;0,2289345
06.05.2025 16:00;0,198881
06.05.2025 16:15;0,16540516666666666
06.05.2025 16:30;0,13192933333333334
06.05.2025 16:45;0,09845350000000001
06.05.2025 17:00;0,06497766666666667
06.05.2025 17:15;0,05092066666666667
06.05.2025 17:30;0,03686366666666667
06.05.2025 17:45;0,02280666666666667
06.05.2025 18:00;0,008749666666666666
06.05.2025 18:15;0,0065622499999999995
06.05.2025 18:30;0,004374833333333333
06.05.2025 18:45;0,0021874166666666665
06.05.2025 19:00;0,0
06.05.2025 19:15;0,0
06.05.2025 19:30;0,0
06.05.2025 19:45;0,0
06.05.2025 20:00;0,0
06.05.2025 20:15;0,0
06.05.2025 20:30;0,0
06.05.2025 20:45;0,0
06.05.2025 21:00;0,0
06.05.2025 21:15;0,0
06.05.2025 21:30;0,0
06.05.2025 21:45;0,0
06.05.2025 22:00;0,0
06.05.2025 22:15;0,0
06.05.2025 22:30;0,0
06.05.2025 22:45;0,0
06.05.2025 23:00;0,0
06.05.2025 23:15;0,0
06.05.2025 23:30;0,0
06.05.2025 23:45;0,0
07.05.2025 00:00;0,0
07.05.2025 00:15;0,0
07.05.2025 00:30;0,0
07.05.2025 00:45;0,0
07.05.2025 01:00;0,0
07.05.2025 01:15;0,0
07.05.2025 01:30;0,0
07.05.2025 01:45;0,0
07.05.2025 02:00;0,0
07.05.2025 02:15;0,0
07.05.2025 02:30;0,0
07.05.2025 02:45;0,0
07.05.2025 03:00;0,0
07.05.2025 03:15;0,0
07.05.2025 03:30;0,0
07.05.2025 03:45;0,0
07.05.2025 04:00;0,0
07.05.2025 04:15;0,006649666666666667
07.05.2025 04:30;0,013299333333333333
07.05.2025 04:45;0,019948999999999998
07.05.2025 05:00;0,026598666666666666
07.05.2025 05:15;0,05601900000000001
07.05.2025 05:30;0,08543933333333335
07.05.2025 05:45;0,1148596666666667
07.05.2025 06:00;0,14428000000000002
07.05.2025 06:15;0,18348341666666668
07.05.2025 06:30;0,22268683333333333
07.05.2025 06:45;0,26189025
07.05.2025 07:00;0,30109366666666665
07.05.2025 07:15;0,33440566666666666
07.05.2025 07:30;0,36771766666666666
07.05.2025 07:45;0,4010296666666667
07.05.2025 08:00;0,4343416666666667
07.05.2025 08:15;0,46071433333333334
07.05.2025 08:30;0,48708700000000005
07.05.2025 08:45;0,5134596666666666
07.05.2025 09:00;0,5398323333333334
07.05.2025 09:15;0,5579455833333333
07.05.2025 09:30;0,5760588333333333
07.05.2025 09:45;0,5941720833333333
07.05.2025 10:00;0,6122853333333332
07.05.2025 10:15;0,6173884999999999
07.05.2025 10:30;0,6224916666666667
07.05.2025 10:45;0,6275948333333333
07.05.2025 11:00;0,632698
07.05.2025 11:15;0,625947
07.05.2025 11:30;0,619196
07.05.2025 11:45;0,612445
07.05.2025 12:00;0,605694
07.05.2025 12:15;0,5885554166666667
07.05.2025 12:30;0,5714168333333334
07.05.2025 12:45;0,55427825
07.05.2025 13:00;0,5371396666666667
07.05.2025 13:15;0,51043775
07.05.2025 13:30;0,48373583333333336
07.05.2025 13:45;0,45703391666666665
07.05.2025 14:00;0,430332
07.05.2025 14:15;0,39622691666666665
07.05.2025 14:30;0,3621218333333333
07.05.2025 14:45;0,32801674999999997
07.05.2025 15:00;0,2939116666666666
07.05.2025 15:15;0,261972
07.05.2025 15:30;0,2300323333333333
07.05.2025 15:45;0,19809266666666664
07.05.2025 16:00;0,166153
07.05.2025 16:15;0,13965383333333334
07.05.2025 16:30;0,11315466666666667
07.05.2025 16:45;0,08665550000000001
07.05.2025 17:00;0,06015633333333333
07.05.2025 17:15;0,047085666666666665
07.05.2025 17:30;0,034015000000000004
07.05.2025 17:45;0,020944333333333336
07.05.2025 18:00;0,007873666666666666
07.05.2025 18:15;0,005905249999999999
07.05.2025 18:30;0,003936833333333333
07.05.2025 18:45;0,001968416666666667
07.05.2025 19:00;0,0
07.05.2025 19:15;0,0
07.05.2025 19:30;0,0
07.05.2025 19:45;0,0
07.05.2025 20:00;0,0
07.05.2025 20:15;0,0
07.05.2025 20:30;0,0
07.05.2025 20:45;0,0
07.05.2025 21:00;0,0
07.05.2025 21:15;0,0
07.05.2025 21:30;0,0
07.05.2025 21:45;0,0
07.05.2025 22:00;0,0
07.05.2025 22:15;0,0
07.05.2025 22:30;0,0
07.05.2025 22:45;0,0
07.05.2025 23:00;0,0
07.05.2025 23:15;0,0
07.05.2025 23:30;0,0
07.05.2025 23:45;0,0
08.05.2025 00:00;0,0
08.05.2025 00:15;0,0
08.05.2025 00:30;0,0
08.05.2025 00:45;0,0
08.05.2025 01:00;0,0
08.05.2025 01:15;0,0
08.05.2025 01:30;0,0
08.05.2025 01:45;0,0
08.05.2025 02:00;0,0
08.05.2025 02:15;0,0
08.05.2025 02:30;0,0
08.05.2025 02:45;0,0
08.05.2025 03:00;0,0
08.05.2025 03:15;0,0
08.05.2025 03:30;0,0
08.05.2025 03:45;0,0
08.05.2025 04:00;0,0
08.05.2025 04:15;0,0055618333333333336
08.05.2025 04:30;0,011123666666666667
08.05.2025 04:45;0,0166855
08.05.2025 05:00;0,022247333333333334
08.05.2025 05:15;0,04568975
08.05.2025 05:30;0,06913216666666666
08.05.2025 05:45;0,09257458333333332
08.05.2025 06:00;0,116017
08.05.2025 06:15;0,14658675
08.05.2025 06:30;0,1771565
08.05.2025 06:45;0,20772625
08.05.2025 07:00;0,238296
08.05.2025 07:15;0,2661575
08.05.2025 07:30;0,29401900000000003
08.05.2025 07:45;0,3218805
08.05.2025 08:00;0,349742
08.05.2025 08:15;0,37286141666666667
08.05.2025 08:30;0,39598083333333334
08.05.2025 08:45;0,41910025
08.05.2025 09:00;0,4422196666666667
08.05.2025 09:15;0,4469048333333333
08.05.2025 09:30;0,45159
08.05.2025 09:45;0,4562751666666667
08.05.2025 10:00;0,4609603333333333
08.05.2025 10:15;0,46320225
08.05.2025 10:30;0,46544416666666666
08.05.2025 10:45;0,46768608333333334
08.05.2025 11:00;0,469928
08.05.2025 11:15;0,46068641666666665
08.05.2025 11:30;0,4514448333333333
08.05.2025 11:45;0,44220325
08.05.2025 12:00;0,43296166666666663
08.05.2025 12:15;0,42187216666666666
08.05.2025 12:30;0,41078266666666663
08.05.2025 12:45;0,39969316666666665
08.05.2025 13:00;0,3886036666666667
08.05.2025 13:15;0,3761594166666667
08.05.2025 13:30;0,3637151666666667
08.05.2025 13:45;0,35127091666666665
08.05.2025 14:00;0,33882666666666666
08.05.2025 14:15;0,31069825
08.05.2025 14:30;0,28256983333333335
08.05.2025 14:45;0,2544414166666667
08.05.2025 15:00;0,22631300000000001
08.05.2025 15:15;0,20623708333333335
08.05.2025 15:30;0,18616116666666666
08.05.2025 15:45;0,16608525
08.05.2025 16:00;0,14600933333333332
08.05.2025 16:15;0,12184066666666665
08.05.2025 16:30;0,097672
08.05.2025 16:45;0,07350333333333334
08.05.2025 17:00;0,049334666666666666
08.05.2025 17:15;0,038379666666666666
08.05.2025 17:30;0,027424666666666667
08.05.2025 17:45;0,016469666666666667
08.05.2025 18:00;0,005514666666666667
08.05.2025 18:15;0,004136
08.05.2025 18:30;0,0027573333333333334
08.05.2025 18:45;0,001378666666666667
08.05.2025 19:00;0,0
08.05.2025 19:15;0,0
08.05.2025 19:30;0,0
08.05.2025 19:45;0,0
08.05.2025 20:00;0,0
08.05.2025 20:15;0,0
08.05.2025 20:30;0,0
08.05.2025 20:45;0,0
08.05.2025 21:00;0,0
08.05.2025 21:15;0,0
08.05.2025 21:30;0,0
08.05.2025 21:45;0,0
08.05.2025 22:00;0,0
08.05.2025 22:15;0,0
08.05.2025 22:30;0,0
08.05.2025 22:45;0,0
08.05.2025 23:00;0,0
08.05.2025 23:15;0,0
08.05.2025 23:30;0,0
08.05.2025 23:45;0,0
09.05.2025 00:00;0,0
09.05.2025 00:15;0,0
09.05.2025 00:30;0,0
09.05.2025 00:45;0,0
09.05.2025 01:00;0,0
09.05.2025 01:15;0,0
09.05.2025 01:30;0,0
09.05.2025 01:45;0,0
09.05.2025 02:00;0,0
09.05.2025 02:15;0,0
09.05.2025 02:30;0,0
09.05.2025 02:45;0,0
09.05.2025 03:00;0,0
09.05.2025 03:15;0,0
09.05.2025 03:30;0,0
09.05.2025 03:45;0,0
09.05.2025 04:00;0,0
09.05.2025 04:15;0,006975833333333332
09.05.2025 04:30;0,013951666666666664
09.05.2025 04:45;0,020927499999999998
09.05.2025 05:00;0,027903333333333332
09.05.2025 05:15;0,05013983333333333
09.05.2025 05:30;0,07237633333333333
09.05.2025 05:45;0,09461283333333333
09.05.2025 06:00;0,11684933333333333
09.05.2025 06:15;0,14987825
09.05.2025 06:30;0,18290716666666668
09.05.2025 06:45;0,21593608333333336
09.05.2025 07:00;0,24896500000000002
09.05.2025 07:15;0,2805761666666667
09.05.2025 07:30;0,31218733333333337
09.05.2025 07:45;0,3437985
09.05.2025 08:00;0,3754096666666667
09.05.2025 08:15;0,3947984166666667
09.05.2025 08:30;0,41418716666666666
09.05.2025 08:45;0,43357591666666667
09.05.2025 09:00;0,4529646666666667
09.05.2025 09:15;0,45564625000000003
09.05.2025 09:30;0,4583278333333333
09.05.2025 09:45;0,4610094166666666
09.05.2025 10:00;0,46369099999999996
09.05.2025 10:15;0,4690143333333333
09.05.2025 10:30;0,47433766666666666
09.05.2025 10:45;0,479661
09.05.2025 11:00;0,48498433333333335
09.05.2025 11:15;0,4708734166666667
09.05.2025 11:30;0,4567625
09.05.2025 11:45;0,4426515833333333
09.05.2025 12:00;0,4285406666666667
09.05.2025 12:15;0,41447958333333335
09.05.2025 12:30;0,4004185
09.05.2025 12:45;0,3863574166666666
09.05.2025 13:00;0,3722963333333333
09.05.2025 13:15;0,35944049999999994
09.05.2025 13:30;0,34658466666666665
09.05.2025 13:45;0,3337288333333333
09.05.2025 14:00;0,32087299999999996
09.05.2025 14:15;0,3190703333333333
09.05.2025 14:30;0,3172676666666666
09.05.2025 14:45;0,315465
09.05.2025 15:00;0,3136623333333333
09.05.2025 15:15;0,28368391666666665
09.05.2025 15:30;0,2537055
09.05.2025 15:45;0,2237270833333333
09.05.2025 16:00;0,19374866666666665
09.05.2025 16:15;0,16188775
09.05.2025 16:30;0,1300268333333333
09.05.2025 16:45;0,09816591666666667
09.05.2025 17:00;0,066305
09.05.2025 17:15;0,05178883333333334
09.05.2025 17:30;0,03727266666666667
09.05.2025 17:45;0,0227565
09.05.2025 18:00;0,008240333333333334
09.05.2025 18:15;0,00618025
09.05.2025 18:30;0,004120166666666667
09.05.2025 18:45;0,002060083333333333
09.05.2025 19:00;0,0
09.05.2025 19:15;0,0
09.05.2025 19:30;0,0
09.05.2025 19:45;0,0
09.05.2025 20:00;0,0
09.05.2025 20:15;0,0
09.05.2025 20:30;0,0
09.05.2025 20:45;0,0
09.05.2025 21:00;0,0
09.05.2025 21:15;0,0
09.05.2025 21:30;0,0
09.05.2025 21:45;0,0
09.05.2025 22:00;0,0
09.05.2025 22:15;0,0
09.05.2025 22:30;0,0
09.05.2025 22:45;0,0
09.05.2025 23:00;0,0
09.05.2025 23:15;0,0
09.05.2025 23:30;0,0
09.05.2025 23:45;0,0
10.05.2025 00:00;0,0
10.05.2025 00:15;0,0
10.05.2025 00:30;0,0
10.05.2025 00:45;0,0
10.05.2025 01:00;0,0
10.05.2025 01:15;0,0
10.05.2025 01:30;0,0
10.05.2025 01:45;0,0
10.05.2025 02:00;0,0
10.05.2025 02:15;0,0
10.05.2025 02:30;0,0
10.05.2025 02:45;0,0
10.05.2025 03:00;0,0
10.05.2025 03:15;0,0
10.05.2025 03:30;0,0
10.05.2025 03:45;0,0
10.05.2025 04:00;0,0
10.05.2025 04:15;0,005400083333333333
10.05.2025 04:30;0,010800166666666666
10.05.2025 04:45;0,01620025
10.05.2025 05:00;0,021600333333333332
10.05.2025 05:15;0,03748766666666667
10.05.2025 05:30;0,053375
10.05.2025 05:45;0,06926233333333334
10.05.2025 06:00;0,08514966666666667
10.05.2025 06:15;0,10815408333333333
10.05.2025 06:30;0,13115849999999998
10.05.2025 06:45;0,15416291666666665
10.05.2025 07:00;0,17716733333333332
10.05.2025 07:15;0,2090580833333333
10.05.2025 07:30;0,24094883333333333
10.05.2025 07:45;0,2728395833333333
10.05.2025 08:00;0,3047303333333333
10.05.2025 08:15;0,338769
10.05.2025 08:30;0,37280766666666665
10.05.2025 08:45;0,4068463333333333
10.05.2025 09:00;0,44088499999999997
10.05.2025 09:15;0,4562575
10.05.2025 09:30;0,47163
10.05.2025 09:45;0,4870025
10.05.2025 10:00;0,502375
10.05.2025 10:15;0,50517075
10.05.2025 10:30;0,5079665
10.05.2025 10:45;0,51076225
10.05.2025 11:00;0,513558
10.05.2025 11:15;0,5128186666666666
10.05.2025 11:30;0,5120793333333333
10.05.2025 11:45;0,5113399999999999
10.05.2025 12:00;0,5106006666666666
10.05.2025 12:15;0,5064464999999999
10.05.2025 12:30;0,5022923333333333
10.05.2025 12:45;0,49813816666666666
10.05.2025 13:00;0,49398400000000003
10.05.2025 13:15;0,47721425
10.05.2025 13:30;0,46044450000000003
10.05.2025 13:45;0,44367475
10.05.2025 14:00;0,426905
10.05.2025 14:15;0,39231366666666667
10.05.2025 14:30;0,35772233333333336
10.05.2025 14:45;0,323131
10.05.2025 15:00;0,2885396666666667
10.05.2025 15:15;0,25668408333333337
10.05.2025 15:30;0,22482850000000001
10.05.2025 15:45;0,1929729166666667
10.05.2025 16:00;0,16111733333333333
10.05.2025 16:15;0,13595183333333333
10.05.2025 16:30;0,11078633333333333
10.05.2025 16:45;0,08562083333333334
10.05.2025 17:00;0,06045533333333333
10.05.2025 17:15;0,04743875
10.05.2025 17:30;0,03442216666666667
10.05.2025 17:45;0,021405583333333332
10.05.2025 18:00;0,008389
10.05.2025 18:15;0,0062917500000000005
10.05.2025 18:30;0,0041945
10.05.2025 18:45;0,00209725
10.05.2025 19:00;0,0
10.05.2025 19:15;0,0
10.05.2025 19:30;0,0
10.05.2025 19:45;0,0
10.05.2025 20:00;0,0
10.05.2025 20:15;0,0
10.05.2025 20:30;0,0
10.05.2025 20:45;0,0
10.05.2025 21:00;0,0
10.05.2025 21:15;0,0
10.05.2025 21:30;0,0
10.05.2025 21:45;0,0
10.05.2025 22:00;0,0
10.05.2025 22:15;0,0
10.05.2025 22:30;0,0
10.05.2025 22:45;0,0
10.05.2025 23:00;0,0
10.05.2025 23:15;0,0
10.05.2025 23:30;0,0
10.05.2025 23:45;0,0
11.05.2025 00:00;0,0
11.05.2025 00:15;0,0
11.05.2025 00:30;0,0
11.05.2025 00:45;0,0
11.05.2025 01:00;0,0
11.05.2025 01:15;0,0
11.05.2025 01:30;0,0
11.05.2025 01:45;0,0
11.05.2025 02:00;0,0
11.05.2025 02:15;0,0
11.05.2025 02:30;0,0
11.05.2025 02:45;0,0
11.05.2025 03:00;0,0
11.05.2025 03:15;0,0
11.05.2025 03:30;0,0
11.05.2025 03:45;0,0
11.05.2025 04:00;0,0
11.05.2025 04:15;0,005635
11.05.2025 04:30;0,01127
11.05.2025 04:45;0,016905
11.05.2025 05:00;0,02254
11.05.2025 05:15;0,04583383333333334
11.05.2025 05:30;0,06912766666666667
11.05.2025 05:45;0,0924215
11.05.2025 06:00;0,11571533333333334
11.05.2025 06:15;0,12216925000000001
11.05.2025 06:30;0,12862316666666668
11.05.2025 06:45;0,13507708333333332
11.05.2025 07:00;0,141531
11.05.2025 07:15;0,16424483333333334
11.05.2025 07:30;0,18695866666666666
11.05.2025 07:45;0,20967249999999998
11.05.2025 08:00;0,23238633333333333
11.05.2025 08:15;0,24367091666666665
11.05.2025 08:30;0,2549555
11.05.2025 08:45;0,2662400833333333
11.05.2025 09:00;0,27752466666666664
11.05.2025 09:15;0,2828400833333333
11.05.2025 09:30;0,2881555
11.05.2025 09:45;0,29347091666666664
11.05.2025 10:00;0,2987863333333333
11.05.2025 10:15;0,311698
11.05.2025 10:30;0,3246096666666667
11.05.2025 10:45;0,33752133333333334
11.05.2025 11:00;0,350433
11.05.2025 11:15;0,3645175
11.05.2025 11:30;0,378602
11.05.2025 11:45;0,3926865
11.05.2025 12:00;0,406771
11.05.2025 12:15;0,3786035
11.05.2025 12:30;0,350436
11.05.2025 12:45;0,3222685
11.05.2025 13:00;0,294101
11.05.2025 13:15;0,28865983333333334
11.05.2025 13:30;0,2832186666666667
11.05.2025 13:45;0,2777775
11.05.2025 14:00;0,27233633333333335
11.05.2025 14:15;0,26456875
11.05.2025 14:30;0,2568011666666667
11.05.2025 14:45;0,24903358333333334
11.05.2025 15:00;0,241266
11.05.2025 15:15;0,21784616666666667
11.05.2025 15:30;0,19442633333333334
11.05.2025 15:45;0,1710065
11.05.2025 16:00;0,14758666666666667
11.05.2025 16:15;0,12305433333333334
11.05.2025 16:30;0,098522
11.05.2025 16:45;0,07398966666666666
11.05.2025 17:00;0,04945733333333333
11.05.2025 17:15;0,0386615
11.05.2025 17:30;0,027865666666666667
11.05.2025 17:45;0,017069833333333333
11.05.2025 18:00;0,006274
11.05.2025 18:15;0,0047055
11.05.2025 18:30;0,003137
11.05.2025 18:45;0,0015684999999999996
11.05.2025 19:00;0,0
11.05.2025 19:15;0,0
11.05.2025 19:30;0,0
11.05.2025 19:45;0,0
11.05.2025 20:00;0,0
11.05.2025 20:15;0,0
11.05.2025 20:30;0,0
11.05.2025 20:45;0,0
11.05.2025 21:00;0,0
11.05.2025 21:15;0,0
11.05.2025 21:30;0,0
11.05.2025 21:45;0,0
11.05.2025 22:00;0,0
11.05.2025 22:15;0,0
11.05.2025 22:30;0,0
11.05.2025 22:45;0,0
11.05.2025 23:00;0,0
11.05.2025 23:15;0,0
11.05.2025 23:30;0,0
11.05.2025 23:45;0,0
12.05.2025 00:00;0,0
12.05.2025 00:15;0,0
12.05.2025 00:30;0,0
12.05.2025 00:45;0,0
12.05.2025 01:00;0,0
12.05.2025 01:15;0,0
12.05.2025 01:30;0,0
12.05.2025 01:45;0,0
12.05.2025 02:00;0,0
12.05.2025 02:15;0,0
12.05.2025 02:30;0,0
12.05.2025 02:45;0,0
12.05.2025 03:00;0,0
12.05.2025 03:15;0,0
12.05.2025 03:30;0,0
12.05.2025 03:45;0,0
12.05.2025 04:00;0,0
12.05.2025 04:15;0,00713225
12.05.2025 04:30;0,0142645
12.05.2025 04:45;0,02139675
12.05.2025 05:00;0,028529000000000002
12.05.2025 05:15;0,05084466666666667
12.05.2025 05:30;0,07316033333333334
12.05.2025 05:45;0,095476
12.05.2025 06:00;0,11779166666666667
12.05.2025 06:15;0,14713558333333332
12.05.2025 06:30;0,1764795
12.05.2025 06:45;0,20582341666666665
12.05.2025 07:00;0,23516733333333334
12.05.2025 07:15;0,257144
12.05.2025 07:30;0,2791206666666667
12.05.2025 07:45;0,30109733333333333
12.05.2025 08:00;0,323074
12.05.2025 08:15;0,34242399999999995
12.05.2025 08:30;0,361774
12.05.2025 08:45;0,381124
12.05.2025 09:00;0,400474
12.05.2025 09:15;0,4007845
12.05.2025 09:30;0,401095
12.05.2025 09:45;0,4014055
12.05.2025 10:00;0,401716
12.05.2025 10:15;0,41924341666666665
12.05.2025 10:30;0,43677083333333333
12.05.2025 10:45;0,45429825
12.05.2025 11:00;0,47182566666666664
12.05.2025 11:15;0,4646531666666667
12.05.2025 11:30;0,45748066666666665
12.05.2025 11:45;0,4503081666666667
12.05.2025 12:00;0,44313566666666665
12.05.2025 12:15;0,4201471666666666
12.05.2025 12:30;0,39715866666666666
12.05.2025 12:45;0,37417016666666664
12.05.2025 13:00;0,3511816666666666
12.05.2025 13:15;0,3223218333333333
12.05.2025 13:30;0,293462
12.05.2025 13:45;0,26460216666666664
12.05.2025 14:00;0,23574233333333333
12.05.2025 14:15;0,22566816666666667
12.05.2025 14:30;0,215594
12.05.2025 14:45;0,20551983333333332
12.05.2025 15:00;0,19544566666666666
12.05.2025 15:15;0,17906933333333333
12.05.2025 15:30;0,162693
12.05.2025 15:45;0,14631666666666668
12.05.2025 16:00;0,12994033333333335
12.05.2025 16:15;0,10980625000000002
12.05.2025 16:30;0,08967216666666668
12.05.2025 16:45;0,06953808333333333
12.05.2025 17:00;0,049404
12.05.2025 17:15;0,03891841666666667
12.05.2025 17:30;0,028432833333333334
12.05.2025 17:45;0,017947249999999998
12.05.2025 18:00;0,007461666666666667
12.05.2025 18:15;0,0055962500000000005
12.05.2025 18:30;0,0037308333333333334
12.05.2025 18:45;0,0018654166666666663
12.05.2025 19:00;0,0
12.05.2025 19:15;0,0
12.05.2025 19:30;0,0
12.05.2025 19:45;0,0
12.05.2025 20:00;0,0
12.05.2025 20:15;0,0
12.05.2025 20:30;0,0
12.05.2025 20:45;0,0
12.05.2025 21:00;0,0
12.05.2025 21:15;0,0
12.05.2025 21:30;0,0
12.05.2025 21:45;0,0
12.05.2025 22:00;0,0
12.05.2025 22:15;0,0
12.05.2025 22:30;0,0
12.05.2025 22:45;0,0
12.05.2025 23:00;0,0
12.05.2025 23:15;0,0
12.05.2025 23:30;0,0
12.05.2025 23:45;0,0
13.05.2025 00:00;0,0
13.05.2025 00:15;0,0
13.05.2025 00:30;0,0
13.05.2025 00:45;0,0
13.05.2025 01:00;0,0
13.05.2025 01:15;0,0
13.05.2025 01:30;0,0
13.05.2025 01:45;0,0
13.05.2025 02:00;0,0
13.05.2025 02:15;0,0
13.05.2025 02:30;0,0
13.05.2025 02:45;0,0
13.05.2025 03:00;0,0
13.05.2025 03:15;0,0
13.05.2025 03:30;0,0
13.05.2025 03:45;0,0
13.05.2025 04:00;0,0
13.05.2025 04:15;0,006197166666666667
13.05.2025 04:30;0,012394333333333334
13.05.2025 04:45;0,0185915
13.05.2025 05:00;0,024788666666666667
13.05.2025 05:15;0,04110875
13.05.2025 05:30;0,05742883333333333
13.05.2025 05:45;0,07374891666666666
13.05.2025 06:00;0,090069
13.05.2025 06:15;0,10838758333333333
13.05.2025 06:30;0,12670616666666665
13.05.2025 06:45;0,14502474999999998
13.05.2025 07:00;0,1633433333333333
13.05.2025 07:15;0,1781368333333333
13.05.2025 07:30;0,19293033333333331
13.05.2025 07:45;0,20772383333333333
13.05.2025 08:00;0,22251733333333332
13.05.2025 08:15;0,23684208333333331
13.05.2025 08:30;0,25116683333333334
13.05.2025 08:45;0,26549158333333334
13.05.2025 09:00;0,27981633333333333
13.05.2025 09:15;0,279738
13.05.2025 09:30;0,27965966666666664
13.05.2025 09:45;0,27958133333333335
13.05.2025 10:00;0,279503
13.05.2025 10:15;0,27784
13.05.2025 10:30;0,276177
13.05.2025 10:45;0,27451400000000004
13.05.2025 11:00;0,272851
13.05.2025 11:15;0,26181241666666666
13.05.2025 11:30;0,25077383333333336
13.05.2025 11:45;0,23973525
13.05.2025 12:00;0,22869666666666666
13.05.2025 12:15;0,22299758333333333
13.05.2025 12:30;0,2172985
13.05.2025 12:45;0,21159941666666665
13.05.2025 13:00;0,20590033333333332
13.05.2025 13:15;0,19989433333333334
13.05.2025 13:30;0,19388833333333333
13.05.2025 13:45;0,18788233333333332
13.05.2025 14:00;0,18187633333333333
13.05.2025 14:15;0,18051416666666667
13.05.2025 14:30;0,179152
13.05.2025 14:45;0,17778983333333334
13.05.2025 15:00;0,17642766666666668
13.05.2025 15:15;0,16091650000000002
13.05.2025 15:30;0,14540533333333333
13.05.2025 15:45;0,12989416666666667
13.05.2025 16:00;0,114383
13.05.2025 16:15;0,09900216666666667
13.05.2025 16:30;0,08362133333333334
13.05.2025 16:45;0,06824050000000001
13.05.2025 17:00;0,052859666666666666
13.05.2025 17:15;0,04190875
13.05.2025 17:30;0,030957833333333334
13.05.2025 17:45;0,020006916666666673
13.05.2025 18:00;0,009056
13.05.2025 18:15;0,006791999999999999
13.05.2025 18:30;0,004528
13.05.2025 18:45;0,0022639999999999995
13.05.2025 19:00;0,0
13.05.2025 19:15;0,0
13.05.2025 19:30;0,0
13.05.2025 19:45;0,0
13.05.2025 20:00;0,0
13.05.2025 20:15;0,0
13.05.2025 20:30;0,0
13.05.2025 20:45;0,0
13.05.2025 21:00;0,0
13.05.2025 21:15;0,0
13.05.2025 21:30;0,0
13.05.2025 21:45;0,0
13.05.2025 22:00;0,0
13.05.2025 22:15;0,0
13.05.2025 22:30;0,0
13.05.2025 22:45;0,0
13.05.2025 23:00;0,0
13.05.2025 23:15;0,0
13.05.2025 23:30;0,0
13.05.2025 23:45;0,0
14.05.2025 00:00;0,0
14.05.2025 00:15;0,0
14.05.2025 00:30;0,0
14.05.2025 00:45;0,0
14.05.2025 01:00;0,0
14.05.2025 01:15;0,0
14.05.2025 01:30;0,0
14.05.2025 01:45;0,0
14.05.2025 02:00;0,0
14.05.2025 02:15;0,0
14.05.2025 02:30;0,0
14.05.2025 02:45;0,0
14.05.2025 03:00;0,0
14.05.2025 03:15;2,5833333333333333e-06
14.05.2025 03:30;5,166666666666667e-06
14.05.2025 03:45;7,75e-06
14.05.2025 04:00;1,0333333333333333e-05
14.05.2025 04:15;0,006051916666666666
14.05.2025 04:30;0,012093499999999998
14.05.2025 04:45;0,018135083333333333
14.05.2025 05:00;0,024176666666666666
14.05.2025 05:15;0,04174841666666666
14.05.2025 05:30;0,05932016666666667
14.05.2025 05:45;0,07689191666666667
14.05.2025 06:00;0,09446366666666667
14.05.2025 06:15;0,121202
14.05.2025 06:30;0,14794033333333334
14.05.2025 06:45;0,17467866666666668
14.05.2025 07:00;0,201417
14.05.2025 07:15;0,2280984166666667
14.05.2025 07:30;0,25477983333333337
14.05.2025 07:45;0,28146125
14.05.2025 08:00;0,3081426666666667
14.05.2025 08:15;0,32413475
14.05.2025 08:30;0,3401268333333334
14.05.2025 08:45;0,3561189166666667
14.05.2025 09:00;0,372111
14.05.2025 09:15;0,36961883333333334
14.05.2025 09:30;0,36712666666666666
14.05.2025 09:45;0,3646345
14.05.2025 10:00;0,3621423333333333
14.05.2025 10:15;0,367471
14.05.2025 10:30;0,37279966666666664
14.05.2025 10:45;0,3781283333333333
14.05.2025 11:00;0,383457
14.05.2025 11:15;0,36228866666666665
14.05.2025 11:30;0,34112033333333336
14.05.2025 11:45;0,319952
14.05.2025 12:00;0,29878366666666667
14.05.2025 12:15;0,29775583333333333
14.05.2025 12:30;0,296728
14.05.2025 12:45;0,2957001666666667
14.05.2025 13:00;0,29467233333333337
14.05.2025 13:15;0,28219108333333337
14.05.2025 13:30;0,2697098333333333
14.05.2025 13:45;0,2572285833333333
14.05.2025 14:00;0,24474733333333332
14.05.2025 14:15;0,23645541666666664
14.05.2025 14:30;0,2281635
14.05.2025 14:45;0,21987158333333334
14.05.2025 15:00;0,21157966666666667
14.05.2025 15:15;0,18970533333333334
14.05.2025 15:30;0,167831
14.05.2025 15:45;0,14595666666666668
14.05.2025 16:00;0,12408233333333334
14.05.2025 16:15;0,10535975
14.05.2025 16:30;0,08663716666666667
14.05.2025 16:45;0,06791458333333333
14.05.2025 17:00;0,049192
14.05.2025 17:15;0,03872483333333333
14.05.2025 17:30;0,028257666666666667
14.05.2025 17:45;0,0177905
14.05.2025 18:00;0,007323333333333334
14.05.2025 18:15;0,0054925
14.05.2025 18:30;0,003661666666666667
14.05.2025 18:45;0,0018308333333333336
14.05.2025 19:00;0,0
14.05.2025 19:15;0,0
14.05.2025 19:30;0,0
14.05.2025 19:45;0,0
14.05.2025 20:00;0,0
14.05.2025 20:15;0,0
14.05.2025 20:30;0,0
14.05.2025 20:45;0,0
14.05.2025 21:00;0,0
14.05.2025 21:15;0,0
14.05.2025 21:30;0,0
14.05.2025 21:45;0,0
14.05.2025 22:00;0,0
14.05.2025 22:15;0,0
14.05.2025 22:30;0,0
14.05.2025 22:45;0,0
14.05.2025 23:00;0,0
14.05.2025 23:15;0,0
14.05.2025 23:30;0,0
14.05.2025 23:45;0,0
15.05.2025 00:00;0,0
15.05.2025 00:15;0,0
15.05.2025 00:30;0,0
15.05.2025 00:45;0,0
15.05.2025 01:00;0,0
15.05.2025 01:15;0,0
15.05.2025 01:30;0,0
15.05.2025 01:45;0,0
15.05.2025 02:00;0,0
15.05.2025 02:15;0,0
15.05.2025 02:30;0,0
15.05.2025 02:45;0,0
15.05.2025 03:00;0,0
15.05.2025 03:15;3,683333333333333e-05
15.05.2025 03:30;7,366666666666666e-05
15.05.2025 03:45;0,0001105
15.05.2025 04:00;0,00014733333333333333
15.05.2025 04:15;0,0069236666666666665
15.05.2025 04:30;0,013699999999999999
15.05.2025 04:45;0,020476333333333332
15.05.2025 05:00;0,027252666666666665
15.05.2025 05:15;0,04796091666666667
15.05.2025 05:30;0,06866916666666667
15.05.2025 05:45;0,08937741666666667
15.05.2025 06:00;0,11008566666666668
15.05.2025 06:15;0,11877116666666668
15.05.2025 06:30;0,12745666666666666
15.05.2025 06:45;0,13614216666666668
15.05.2025 07:00;0,14482766666666666
15.05.2025 07:15;0,18934358333333334
15.05.2025 07:30;0,2338595
15.05.2025 07:45;0,27837541666666665
15.05.2025 08:00;0,32289133333333336
15.05.2025 08:15;0,3326775
15.05.2025 08:30;0,34246366666666667
15.05.2025 08:45;0,3522498333333333
15.05.2025 09:00;0,36203599999999997
15.05.2025 09:15;0,3616120833333333
15.05.2025 09:30;0,36118816666666664
15.05.2025 09:45;0,36076425
15.05.2025 10:00;0,3603403333333333
15.05.2025 10:15;0,36769125
15.05.2025 10:30;0,3750421666666667
15.05.2025 10:45;0,38239308333333333
15.05.2025 11:00;0,38974400000000003
15.05.2025 11:15;0,39658675000000004
15.05.2025 11:30;0,4034295
15.05.2025 11:45;0,41027225
15.05.2025 12:00;0,417115
15.05.2025 12:15;0,396964
15.05.2025 12:30;0,376813
15.05.2025 12:45;0,35666200000000003
15.05.2025 13:00;0,336511
15.05.2025 13:15;0,32575983333333336
15.05.2025 13:30;0,31500866666666666
15.05.2025 13:45;0,30425749999999996
15.05.2025 14:00;0,2935063333333333
15.05.2025 14:15;0,28194525
15.05.2025 14:30;0,27038416666666665
15.05.2025 14:45;0,2588230833333333
15.05.2025 15:00;0,247262
15.05.2025 15:15;0,22861700000000001
15.05.2025 15:30;0,209972
15.05.2025 15:45;0,191327
15.05.2025 16:00;0,172682
15.05.2025 16:15;0,14677125
15.05.2025 16:30;0,12086050000000001
15.05.2025 16:45;0,09494975
15.05.2025 17:00;0,069039
15.05.2025 17:15;0,05533250000000001
15.05.2025 17:30;0,041626
15.05.2025 17:45;0,0279195
15.05.2025 18:00;0,014213
15.05.2025 18:15;0,010659749999999999
15.05.2025 18:30;0,0071065
15.05.2025 18:45;0,003553250000000001
15.05.2025 19:00;0,0
15.05.2025 19:15;0,0
15.05.2025 19:30;0,0
15.05.2025 19:45;0,0
15.05.2025 20:00;0,0
15.05.2025 20:15;0,0
15.05.2025 20:30;0,0
15.05.2025 20:45;0,0
15.05.2025 21:00;0,0
15.05.2025 21:15;0,0
15.05.2025 21:30;0,0
15.05.2025 21:45;0,0
15.05.2025 22:00;0,0
15.05.2025 22:15;0,0
15.05.2025 22:30;0,0
15.05.2025 22:45;0,0
15.05.2025 23:00;0,0
15.05.2025 23:15;0,0
15.05.2025 23:30;0,0
15.05.2025 23:45;0,0
16.05.2025 00:00;0,0
16.05.2025 00:15;0,0
16.05.2025 00:30;0,0
16.05.2025 00:45;0,0
16.05.2025 01:00;0,0
16.05.2025 01:15;0,0
16.05.2025 01:30;0,0
16.05.2025 01:45;0,0
16.05.2025 02:00;0,0
16.05.2025 02:15;0,0
16.05.2025 02:30;0,0
16.05.2025 02:45;0,0
16.05.2025 03:00;0,0
16.05.2025 03:15;5,65e-05
16.05.2025 03:30;0,000113
16.05.2025 03:45;0,0001695
16.05.2025 04:00;0,00022600000000000002
16.05.2025 04:15;0,007039666666666665
16.05.2025 04:30;0,013853333333333332
16.05.2025 04:45;0,020666999999999998
16.05.2025 05:00;0,027480666666666664
16.05.2025 05:15;0,057638749999999996
16.05.2025 05:30;0,08779683333333332
16.05.2025 05:45;0,11795491666666666
16.05.2025 06:00;0,148113
16.05.2025 06:15;0,15952441666666667
16.05.2025 06:30;0,17093583333333334
16.05.2025 06:45;0,18234725
16.05.2025 07:00;0,19375866666666666
16.05.2025 07:15;0,23640375
16.05.2025 07:30;0,27904883333333336
16.05.2025 07:45;0,3216939166666667
16.05.2025 08:00;0,364339
16.05.2025 08:15;0,37688200000000005
16.05.2025 08:30;0,389425
16.05.2025 08:45;0,401968
16.05.2025 09:00;0,414511
16.05.2025 09:15;0,41990716666666666
16.05.2025 09:30;0,42530333333333337
16.05.2025 09:45;0,4306995
16.05.2025 10:00;0,43609566666666666
16.05.2025 10:15;0,44970925
16.05.2025 10:30;0,4633228333333333
16.05.2025 10:45;0,47693641666666664
16.05.2025 11:00;0,49055
16.05.2025 11:15;0,48582125
16.05.2025 11:30;0,48109250000000003
16.05.2025 11:45;0,47636375000000003
16.05.2025 12:00;0,471635
16.05.2025 12:15;0,46273983333333335
16.05.2025 12:30;0,4538446666666667
16.05.2025 12:45;0,44494950000000005
16.05.2025 13:00;0,4360543333333334
16.05.2025 13:15;0,429912
16.05.2025 13:30;0,4237696666666667
16.05.2025 13:45;0,41762733333333335
16.05.2025 14:00;0,411485
16.05.2025 14:15;0,3851334166666667
16.05.2025 14:30;0,3587818333333333
16.05.2025 14:45;0,33243025
16.05.2025 15:00;0,30607866666666667
16.05.2025 15:15;0,2784749166666667
16.05.2025 15:30;0,25087116666666665
16.05.2025 15:45;0,22326741666666666
16.05.2025 16:00;0,19566366666666665
16.05.2025 16:15;0,16588799999999998
16.05.2025 16:30;0,13611233333333334
16.05.2025 16:45;0,10633666666666666
16.05.2025 17:00;0,076561
16.05.2025 17:15;0,06092641666666667
16.05.2025 17:30;0,04529183333333334
16.05.2025 17:45;0,029657250000000003
16.05.2025 18:00;0,014022666666666666
16.05.2025 18:15;0,010516999999999999
16.05.2025 18:30;0,007011333333333333
16.05.2025 18:45;0,0035056666666666673
16.05.2025 19:00;0,0
16.05.2025 19:15;0,0
16.05.2025 19:30;0,0
16.05.2025 19:45;0,0
16.05.2025 20:00;0,0
16.05.2025 20:15;0,0
16.05.2025 20:30;0,0
16.05.2025 20:45;0,0
16.05.2025 21:00;0,0
16.05.2025 21:15;0,0
16.05.2025 21:30;0,0
16.05.2025 21:45;0,0
16.05.2025 22:00;0,0
16.05.2025 22:15;0,0
16.05.2025 22:30;0,0
16.05.2025 22:45;0,0
16.05.2025 23:00;0,0
16.05.2025 23:15;0,0
16.05.2025 23:30;0,0
16.05.2025 23:45;0,0
17.05.2025 00:00;0,0
17.05.2025 00:15;0,0
17.05.2025 00:30;0,0
17.05.2025 00:45;0,0
17.05.2025 01:00;0,0
17.05.2025 01:15;0,0
17.05.2025 01:30;0,0
17.05.2025 01:45;0,0
17.05.2025 02:00;0,0
17.05.2025 02:15;0,0
17.05.2025 02:30;0,0
17.05.2025 02:45;0,0
17.05.2025 03:00;0,0
17.05.2025 03:15;0,00012225
17.05.2025 03:30;0,0002445
17.05.2025 03:45;0,00036675
17.05.2025 04:00;0,000489
17.05.2025 04:15;0,009837916666666667
17.05.2025 04:30;0,019186833333333334
17.05.2025 04:45;0,028535750000000002
17.05.2025 05:00;0,03788466666666667
17.05.2025 05:15;0,06597466666666667
17.05.2025 05:30;0,09406466666666667
17.05.2025 05:45;0,12215466666666666
17.05.2025 06:00;0,15024466666666667
17.05.2025 06:15;0,18810416666666666
17.05.2025 06:30;0,22596366666666667
17.05.2025 06:45;0,26382316666666666
17.05.2025 07:00;0,30168266666666665
17.05.2025 07:15;0,3330830833333333
17.05.2025 07:30;0,36448349999999996
17.05.2025 07:45;0,39588391666666667
17.05.2025 08:00;0,4272843333333333
17.05.2025 08:15;0,44167275
17.05.2025 08:30;0,45606116666666663
17.05.2025 08:45;0,4704495833333333
17.05.2025 09:00;0,484838
17.05.2025 09:15;0,49433925
17.05.2025 09:30;0,5038405
17.05.2025 09:45;0,51334175
17.05.2025 10:00;0,5228430000000001
17.05.2025 10:15;0,53069875
17.05.2025 10:30;0,5385545
17.05.2025 10:45;0,5464102500000001
17.05.2025 11:00;0,554266
17.05.2025 11:15;0,5445011666666667
17.05.2025 11:30;0,5347363333333333
17.05.2025 11:45;0,5249714999999999
17.05.2025 12:00;0,5152066666666666
17.05.2025 12:15;0,5132269166666666
17.05.2025 12:30;0,5112471666666667
17.05.2025 12:45;0,5092674166666666
17.05.2025 13:00;0,5072876666666667
17.05.2025 13:15;0,48849933333333334
17.05.2025 13:30;0,469711
17.05.2025 13:45;0,4509226666666667
17.05.2025 14:00;0,43213433333333334
17.05.2025 14:15;0,40734666666666663
17.05.2025 14:30;0,382559
17.05.2025 14:45;0,35777133333333333
17.05.2025 15:00;0,3329836666666666
17.05.2025 15:15;0,3029705833333333
17.05.2025 15:30;0,27295749999999996
17.05.2025 15:45;0,24294441666666666
17.05.2025 16:00;0,2129313333333333
17.05.2025 16:15;0,17800924999999998
17.05.2025 16:30;0,14308716666666665
17.05.2025 16:45;0,10816508333333333
17.05.2025 17:00;0,07324299999999999
17.05.2025 17:15;0,058615083333333325
17.05.2025 17:30;0,04398716666666666
17.05.2025 17:45;0,029359249999999996
17.05.2025 18:00;0,014731333333333334
17.05.2025 18:15;0,011048500000000001
17.05.2025 18:30;0,007365666666666667
17.05.2025 18:45;0,003682833333333333
17.05.2025 19:00;0,0
17.05.2025 19:15;0,0
17.05.2025 19:30;0,0
17.05.2025 19:45;0,0
17.05.2025 20:00;0,0
17.05.2025 20:15;0,0
17.05.2025 20:30;0,0
17.05.2025 20:45;0,0
17.05.2025 21:00;0,0
17.05.2025 21:15;0,0
17.05.2025 21:30;0,0
17.05.2025 21:45;0,0
17.05.2025 22:00;0,0
17.05.2025 22:15;0,0
17.05.2025 22:30;0,0
17.05.2025 22:45;0,0
17.05.2025 23:00;0,0
17.05.2025 23:15;0,0
17.05.2025 23:30;0,0
17.05.2025 23:45;0,0
18.05.2025 00:00;0,0
18.05.2025 00:15;0,0
18.05.2025 00:30;0,0
18.05.2025 00:45;0,0
18.05.2025 01:00;0,0
18.05.2025 01:15;0,0
18.05.2025 01:30;0,0
18.05.2025 01:45;0,0
18.05.2025 02:00;0,0
18.05.2025 02:15;0,0
18.05.2025 02:30;0,0
18.05.2025 02:45;0,0
18.05.2025 03:00;0,0
18.05.2025 03:15;0,00016675
18.05.2025 03:30;0,0003335
18.05.2025 03:45;0,0005002499999999999
18.05.2025 04:00;0,000667
18.05.2025 04:15;0,008469083333333332
18.05.2025 04:30;0,016271166666666666
18.05.2025 04:45;0,024073249999999997
18.05.2025 05:00;0,03187533333333333
18.05.2025 05:15;0,05965191666666666
18.05.2025 05:30;0,08742849999999999
18.05.2025 05:45;0,11520508333333332
18.05.2025 06:00;0,14298166666666665
18.05.2025 06:15;0,1743525
18.05.2025 06:30;0,2057233333333333
18.05.2025 06:45;0,23709416666666666
18.05.2025 07:00;0,268465
18.05.2025 07:15;0,30197825
18.05.2025 07:30;0,3354915
18.05.2025 07:45;0,36900475
18.05.2025 08:00;0,402518
18.05.2025 08:15;0,4227938333333333
18.05.2025 08:30;0,4430696666666667
18.05.2025 08:45;0,4633455
18.05.2025 09:00;0,48362133333333335
18.05.2025 09:15;0,49879666666666667
18.05.2025 09:30;0,513972
18.05.2025 09:45;0,5291473333333333
18.05.2025 10:00;0,5443226666666666
18.05.2025 10:15;0,5496089166666667
18.05.2025 10:30;0,5548951666666666
18.05.2025 10:45;0,5601814166666667
18.05.2025 11:00;0,5654676666666667
18.05.2025 11:15;0,5614300000000001
18.05.2025 11:30;0,5573923333333334
18.05.2025 11:45;0,5533546666666667
18.05.2025 12:00;0,549317
18.05.2025 12:15;0,5409119166666667
18.05.2025 12:30;0,5325068333333334
18.05.2025 12:45;0,52410175
18.05.2025 13:00;0,5156966666666667
18.05.2025 13:15;0,5027495833333333
18.05.2025 13:30;0,48980250000000003
18.05.2025 13:45;0,4768554166666667
18.05.2025 14:00;0,46390833333333337
18.05.2025 14:15;0,43835833333333335
18.05.2025 14:30;0,41280833333333333
18.05.2025 14:45;0,38725833333333337
18.05.2025 15:00;0,36170833333333335
18.05.2025 15:15;0,3221354166666667
18.05.2025 15:30;0,2825625
18.05.2025 15:45;0,24298958333333334
18.05.2025 16:00;0,20341666666666666
18.05.2025 16:15;0,17026966666666665
18.05.2025 16:30;0,13712266666666667
18.05.2025 16:45;0,10397566666666667
18.05.2025 17:00;0,07082866666666666
18.05.2025 17:15;0,05697141666666666
18.05.2025 17:30;0,04311416666666666
18.05.2025 17:45;0,029256916666666667
18.05.2025 18:00;0,015399666666666667
18.05.2025 18:15;0,011549750000000001
18.05.2025 18:30;0,007699833333333333
18.05.2025 18:45;0,0038499166666666664
18.05.2025 19:00;0,0
18.05.2025 19:15;0,0
18.05.2025 19:30;0,0
18.05.2025 19:45;0,0
18.05.2025 20:00;0,0
18.05.2025 20:15;0,0
18.05.2025 20:30;0,0
18.05.2025 20:45;0,0
18.05.2025 21:00;0,0
18.05.2025 21:15;0,0
18.05.2025 21:30;0,0
18.05.2025 21:45;0,0
18.05.2025 22:00;0,0
18.05.2025 22:15;0,0
18.05.2025 22:30;0,0
18.05.2025 22:45;0,0
18.05.2025 23:00;0,0
18.05.2025 23:15;0,0
18.05.2025 23:30;0,0
18.05.2025 23:45;0,0
19.05.2025 00:00;0,0
19.05.2025 00:15;0,0
19.05.2025 00:30;0,0
19.05.2025 00:45;0,0
19.05.2025 01:00;0,0
19.05.2025 01:15;0,0
19.05.2025 01:30;0,0
19.05.2025 01:45;0,0
19.05.2025 02:00;0,0
19.05.2025 02:15;0,0
19.05.2025 02:30;0,0
19.05.2025 02:45;0,0
19.05.2025 03:00;0,0
19.05.2025 03:15;0,00022958333333333332
19.05.2025 03:30;0,00045916666666666664
19.05.2025 03:45;0,0006887499999999999
19.05.2025 04:00;0,0009183333333333333
19.05.2025 04:15;0,007218166666666666
19.05.2025 04:30;0,013517999999999999
19.05.2025 04:45;0,019817833333333333
19.05.2025 05:00;0,026117666666666664
19.05.2025 05:15;0,04487425
19.05.2025 05:30;0,06363083333333333
19.05.2025 05:45;0,08238741666666667
19.05.2025 06:00;0,101144
19.05.2025 06:15;0,12543375
19.05.2025 06:30;0,1497235
19.05.2025 06:45;0,17401325
19.05.2025 07:00;0,198303
19.05.2025 07:15;0,22146325
19.05.2025 07:30;0,2446235
19.05.2025 07:45;0,26778375
19.05.2025 08:00;0,290944
19.05.2025 08:15;0,30703491666666666
19.05.2025 08:30;0,32312583333333333
19.05.2025 08:45;0,33921675
19.05.2025 09:00;0,3553076666666667
19.05.2025 09:15;0,36655708333333337
19.05.2025 09:30;0,37780650000000005
19.05.2025 09:45;0,38905591666666667
19.05.2025 10:00;0,40030533333333335
19.05.2025 10:15;0,4027908333333333
19.05.2025 10:30;0,40527633333333335
19.05.2025 10:45;0,4077618333333333
19.05.2025 11:00;0,41024733333333335
19.05.2025 11:15;0,4197700833333333
19.05.2025 11:30;0,42929283333333335
19.05.2025 11:45;0,4388155833333333
19.05.2025 12:00;0,44833833333333334
19.05.2025 12:15;0,42721325
19.05.2025 12:30;0,4060881666666667
19.05.2025 12:45;0,38496308333333334
19.05.2025 13:00;0,363838
19.05.2025 13:15;0,3456883333333333
19.05.2025 13:30;0,32753866666666664
19.05.2025 13:45;0,309389
19.05.2025 14:00;0,29123933333333335
19.05.2025 14:15;0,26266591666666667
19.05.2025 14:30;0,2340925
19.05.2025 14:45;0,20551908333333332
19.05.2025 15:00;0,17694566666666667
19.05.2025 15:15;0,16815358333333333
19.05.2025 15:30;0,1593615
19.05.2025 15:45;0,15056941666666668
19.05.2025 16:00;0,14177733333333334
19.05.2025 16:15;0,11995075000000001
19.05.2025 16:30;0,09812416666666668
19.05.2025 16:45;0,07629758333333334
19.05.2025 17:00;0,054471000000000006
19.05.2025 17:15;0,044049750000000006
19.05.2025 17:30;0,033628500000000006
19.05.2025 17:45;0,02320725
19.05.2025 18:00;0,012785999999999999
19.05.2025 18:15;0,009589499999999999
19.05.2025 18:30;0,006392999999999999
19.05.2025 18:45;0,0031964999999999997
19.05.2025 19:00;0,0
19.05.2025 19:15;0,0
19.05.2025 19:30;0,0
19.05.2025 19:45;0,0
19.05.2025 20:00;0,0
19.05.2025 20:15;0,0
19.05.2025 20:30;0,0
19.05.2025 20:45;0,0
19.05.2025 21:00;0,0
19.05.2025 21:15;0,0
19.05.2025 21:30;0,0
19.05.2025 21:45;0,0
19.05.2025 22:00;0,0
19.05.2025 22:15;0,0
19.05.2025 22:30;0,0
19.05.2025 22:45;0,0
19.05.2025 23:00;0,0
19.05.2025 23:15;0,0
19.05.2025 23:30;0,0
19.05.2025 23:45;0,0
20.05.2025 00:00;0,0
20.05.2025 00:15;0,0
20.05.2025 00:30;0,0
20.05.2025 00:45;0,0
20.05.2025 01:00;0,0
20.05.2025 01:15;0,0
20.05.2025 01:30;0,0
20.05.2025 01:45;0,0
20.05.2025 02:00;0,0
20.05.2025 02:15;0,0
20.05.2025 02:30;0,0
20.05.2025 02:45;0,0
20.05.2025 03:00;0,0
20.05.2025 03:15;0,000366
20.05.2025 03:30;0,000732
20.05.2025 03:45;0,001098
20.05.2025 04:00;0,001464
20.05.2025 04:15;0,008453083333333333
20.05.2025 04:30;0,015442166666666665
20.05.2025 04:45;0,022431249999999996
20.05.2025 05:00;0,029420333333333333
20.05.2025 05:15;0,05311958333333333
20.05.2025 05:30;0,07681883333333334
20.05.2025 05:45;0,10051808333333331
20.05.2025 06:00;0,12421733333333333
20.05.2025 06:15;0,15486941666666668
20.05.2025 06:30;0,1855215
20.05.2025 06:45;0,21617358333333334
20.05.2025 07:00;0,24682566666666667
20.05.2025 07:15;0,27746925
20.05.2025 07:30;0,30811283333333334
20.05.2025 07:45;0,33875641666666667
20.05.2025 08:00;0,36939999999999995
20.05.2025 08:15;0,3842483333333333
20.05.2025 08:30;0,3990966666666666
20.05.2025 08:45;0,41394499999999995
20.05.2025 09:00;0,4287933333333333
20.05.2025 09:15;0,43756066666666665
20.05.2025 09:30;0,44632799999999995
20.05.2025 09:45;0,4550953333333333
20.05.2025 10:00;0,46386266666666665
20.05.2025 10:15;0,46965416666666665
20.05.2025 10:30;0,47544566666666666
20.05.2025 10:45;0,48123716666666666
20.05.2025 11:00;0,48702866666666667
20.05.2025 11:15;0,48330016666666664
20.05.2025 11:30;0,4795716666666666
20.05.2025 11:45;0,47584316666666665
20.05.2025 12:00;0,4721146666666666
20.05.2025 12:15;0,4612665833333333
20.05.2025 12:30;0,45041849999999994
20.05.2025 12:45;0,43957041666666663
20.05.2025 13:00;0,4287223333333333
20.05.2025 13:15;0,41589349999999997
20.05.2025 13:30;0,4030646666666666
20.05.2025 13:45;0,39023583333333334
20.05.2025 14:00;0,377407
20.05.2025 14:15;0,35187141666666666
20.05.2025 14:30;0,3263358333333333
20.05.2025 14:45;0,30080025
20.05.2025 15:00;0,27526466666666666
20.05.2025 15:15;0,24699924999999998
20.05.2025 15:30;0,21873383333333332
20.05.2025 15:45;0,19046841666666664
20.05.2025 16:00;0,16220299999999999
20.05.2025 16:15;0,13902733333333334
20.05.2025 16:30;0,11585166666666666
20.05.2025 16:45;0,092676
20.05.2025 17:00;0,06950033333333333
20.05.2025 17:15;0,056086
20.05.2025 17:30;0,04267166666666666
20.05.2025 17:45;0,029257333333333323
20.05.2025 18:00;0,015843
20.05.2025 18:15;0,01188225
20.05.2025 18:30;0,0079215
20.05.2025 18:45;0,003960749999999999
20.05.2025 19:00;0,0
20.05.2025 19:15;0,0
20.05.2025 19:30;0,0
20.05.2025 19:45;0,0
20.05.2025 20:00;0,0
20.05.2025 20:15;0,0
20.05.2025 20:30;0,0
20.05.2025 20:45;0,0
20.05.2025 21:00;0,0
20.05.2025 21:15;0,0
20.05.2025 21:30;0,0
20.05.2025 21:45;0,0
20.05.2025 22:00;0,0
20.05.2025 22:15;0,0
20.05.2025 22:30;0,0
20.05.2025 22:45;0,0
20.05.2025 23:00;0,0
20.05.2025 23:15;0,0
20.05.2025 23:30;0,0
20.05.2025 23:45;0,0
21.05.2025 00:00;0,0
21.05.2025 00:15;0,0
21.05.2025 00:30;0,0
21.05.2025 00:45;0,0
21.05.2025 01:00;0,0
21.05.2025 01:15;0,0
21.05.2025 01:30;0,0
21.05.2025 01:45;0,0
21.05.2025 02:00;0,0
21.05.2025 02:15;0,0
21.05.2025 02:30;0,0
21.05.2025 02:45;0,0
21.05.2025 03:00;0,0
21.05.2025 03:15;0,0005846666666666667
21.05.2025 03:30;0,0011693333333333334
21.05.2025 03:45;0,001754
21.05.2025 04:00;0,002338666666666667
21.05.2025 04:15;0,010417666666666665
21.05.2025 04:30;0,01849666666666666
21.05.2025 04:45;0,02657566666666666
21.05.2025 05:00;0,03465466666666666
21.05.2025 05:15;0,06566324999999999
21.05.2025 05:30;0,09667183333333333
21.05.2025 05:45;0,12768041666666666
21.05.2025 06:00;0,158689
21.05.2025 06:15;0,19230175
21.05.2025 06:30;0,22591450000000002
21.05.2025 06:45;0,25952725
21.05.2025 07:00;0,29314
21.05.2025 07:15;0,33187350000000004
21.05.2025 07:30;0,370607
21.05.2025 07:45;0,4093405
21.05.2025 08:00;0,44807400000000003
21.05.2025 08:15;0,47547391666666666
21.05.2025 08:30;0,5028738333333334
21.05.2025 08:45;0,53027375
21.05.2025 09:00;0,5576736666666666
21.05.2025 09:15;0,5627558333333333
21.05.2025 09:30;0,5678380000000001
21.05.2025 09:45;0,5729201666666667
21.05.2025 10:00;0,5780023333333334
21.05.2025 10:15;0,5838931666666667
21.05.2025 10:30;0,589784
21.05.2025 10:45;0,5956748333333333
21.05.2025 11:00;0,6015656666666666
21.05.2025 11:15;0,5998422499999999
21.05.2025 11:30;0,5981188333333333
21.05.2025 11:45;0,5963954166666666
21.05.2025 12:00;0,594672
21.05.2025 12:15;0,5792505
21.05.2025 12:30;0,563829
21.05.2025 12:45;0,5484074999999999
21.05.2025 13:00;0,532986
21.05.2025 13:15;0,5136373333333333
21.05.2025 13:30;0,49428866666666665
21.05.2025 13:45;0,47494000000000003
21.05.2025 14:00;0,45559133333333335
21.05.2025 14:15;0,42986633333333335
21.05.2025 14:30;0,40414133333333335
21.05.2025 14:45;0,37841633333333335
21.05.2025 15:00;0,35269133333333336
21.05.2025 15:15;0,3156329166666667
21.05.2025 15:30;0,2785745
21.05.2025 15:45;0,24151608333333335
21.05.2025 16:00;0,20445766666666668
21.05.2025 16:15;0,17297
21.05.2025 16:30;0,14148233333333335
21.05.2025 16:45;0,1099946666666667
21.05.2025 17:00;0,07850700000000001
21.05.2025 17:15;0,06322950000000001
21.05.2025 17:30;0,047951999999999995
21.05.2025 17:45;0,032674499999999995
21.05.2025 18:00;0,017397
21.05.2025 18:15;0,01304775
21.05.2025 18:30;0,0086985
21.05.2025 18:45;0,004349249999999999
21.05.2025 19:00;0,0
21.05.2025 19:15;0,0
21.05.2025 19:30;0,0
21.05.2025 19:45;0,0
21.05.2025 20:00;0,0
21.05.2025 20:15;0,0
21.05.2025 20:30;0,0
21.05.2025 20:45;0,0
21.05.2025 21:00;0,0
21.05.2025 21:15;0,0
21.05.2025 21:30;0,0
21.05.2025 21:45;0,0
21.05.2025 22:00;0,0
21.05.2025 22:15;0,0
21.05.2025 22:30;0,0
21.05.2025 22:45;0,0
21.05.2025 23:00;0,0
21.05.2025 23:15;0,0
21.05.2025 23:30;0,0
21.05.2025 23:45;0,0
22.05.2025 00:00;0,0
22.05.2025 00:15;0,0
22.05.2025 00:30;0,0
22.05.2025 00:45;0,0
22.05.2025 01:00;0,0
22.05.2025 01:15;0,0
22.05.2025 01:30;0,0
22.05.2025 01:45;0,0
22.05.2025 02:00;0,0
22.05.2025 02:15;0,0
22.05.2025 02:30;0,0
22.05.2025 02:45;0,0
22.05.2025 03:00;0,0
22.05.2025 03:15;0,0007445
22.05.2025 03:30;0,001489
22.05.2025 03:45;0,0022335000000000002
22.05.2025 04:00;0,002978
22.05.2025 04:15;0,012253416666666666
22.05.2025 04:30;0,021528833333333334
22.05.2025 04:45;0,03080425
22.05.2025 05:00;0,040079666666666666
22.05.2025 05:15;0,07518241666666667
22.05.2025 05:30;0,11028516666666667
22.05.2025 05:45;0,14538791666666667
22.05.2025 06:00;0,18049066666666666
22.05.2025 06:15;0,20196358333333334
22.05.2025 06:30;0,22343649999999998
22.05.2025 06:45;0,24490941666666666
22.05.2025 07:00;0,26638233333333333
22.05.2025 07:15;0,31706941666666666
22.05.2025 07:30;0,3677565
22.05.2025 07:45;0,4184435833333333
22.05.2025 08:00;0,46913066666666664
22.05.2025 08:15;0,49519124999999997
22.05.2025 08:30;0,5212518333333334
22.05.2025 08:45;0,5473124166666666
22.05.2025 09:00;0,573373
22.05.2025 09:15;0,5837070833333333
22.05.2025 09:30;0,5940411666666667
22.05.2025 09:45;0,60437525
22.05.2025 10:00;0,6147093333333333
22.05.2025 10:15;0,6253835833333333
22.05.2025 10:30;0,6360578333333333
22.05.2025 10:45;0,6467320833333334
22.05.2025 11:00;0,6574063333333334
22.05.2025 11:15;0,6488057500000001
22.05.2025 11:30;0,6402051666666667
22.05.2025 11:45;0,6316045833333334
22.05.2025 12:00;0,623004
22.05.2025 12:15;0,6122993333333333
22.05.2025 12:30;0,6015946666666667
22.05.2025 12:45;0,59089
22.05.2025 13:00;0,5801853333333333
22.05.2025 13:15;0,5563285
22.05.2025 13:30;0,5324716666666667
22.05.2025 13:45;0,5086148333333333
22.05.2025 14:00;0,484758
22.05.2025 14:15;0,44262525
22.05.2025 14:30;0,40049250000000003
22.05.2025 14:45;0,35835975
22.05.2025 15:00;0,316227
22.05.2025 15:15;0,2826243333333333
22.05.2025 15:30;0,24902166666666664
22.05.2025 15:45;0,21541899999999997
22.05.2025 16:00;0,18181633333333333
22.05.2025 16:15;0,15395708333333333
22.05.2025 16:30;0,12609783333333333
22.05.2025 16:45;0,09823858333333334
22.05.2025 17:00;0,07037933333333334
22.05.2025 17:15;0,05674816666666667
22.05.2025 17:30;0,043117
22.05.2025 17:45;0,029485833333333336
22.05.2025 18:00;0,015854666666666666
22.05.2025 18:15;0,011890999999999999
22.05.2025 18:30;0,007927333333333333
22.05.2025 18:45;0,003963666666666666
22.05.2025 19:00;0,0
22.05.2025 19:15;0,0
22.05.2025 19:30;0,0
22.05.2025 19:45;0,0
22.05.2025 20:00;0,0
22.05.2025 20:15;0,0
22.05.2025 20:30;0,0
22.05.2025 20:45;0,0
22.05.2025 21:00;0,0
22.05.2025 21:15;0,0
22.05.2025 21:30;0,0
22.05.2025 21:45;0,0
22.05.2025 22:00;0,0
22.05.2025 22:15;0,0
22.05.2025 22:30;0,0
22.05.2025 22:45;0,0
22.05.2025 23:00;0,0
22.05.2025 23:15;0,0
22.05.2025 23:30;0,0
22.05.2025 23:45;0,0
23.05.2025 00:00;0,0
23.05.2025 00:15;0,0
23.05.2025 00:30;0,0
23.05.2025 00:45;0,0
23.05.2025 01:00;0,0
23.05.2025 01:15;0,0
23.05.2025 01:30;0,0
23.05.2025 01:45;0,0
23.05.2025 02:00;0,0
23.05.2025 02:15;0,0
23.05.2025 02:30;0,0
23.05.2025 02:45;0,0
23.05.2025 03:00;0,0
23.05.2025 03:15;0,0004766666666666667
23.05.2025 03:30;0,0009533333333333334
23.05.2025 03:45;0,00143
23.05.2025 04:00;0,0019066666666666668
23.05.2025 04:15;0,009816250000000002
23.05.2025 04:30;0,017725833333333336
23.05.2025 04:45;0,02563541666666667
23.05.2025 05:00;0,033545000000000005
23.05.2025 05:15;0,053498583333333335
23.05.2025 05:30;0,07345216666666668
23.05.2025 05:45;0,09340575000000001
23.05.2025 06:00;0,11335933333333334
23.05.2025 06:15;0,143698
23.05.2025 06:30;0,17403666666666667
23.05.2025 06:45;0,2043753333333333
23.05.2025 07:00;0,23471399999999998
23.05.2025 07:15;0,26224
23.05.2025 07:30;0,28976599999999997
23.05.2025 07:45;0,317292
23.05.2025 08:00;0,344818
23.05.2025 08:15;0,3644656666666667
23.05.2025 08:30;0,38411333333333336
23.05.2025 08:45;0,40376100000000004
23.05.2025 09:00;0,4234086666666667
23.05.2025 09:15;0,4237459166666667
23.05.2025 09:30;0,4240831666666667
23.05.2025 09:45;0,42442041666666663
23.05.2025 10:00;0,42475766666666664
23.05.2025 10:15;0,4236715
23.05.2025 10:30;0,4225853333333333
23.05.2025 10:45;0,42149916666666665
23.05.2025 11:00;0,420413
23.05.2025 11:15;0,42611916666666666
23.05.2025 11:30;0,43182533333333334
23.05.2025 11:45;0,4375315
23.05.2025 12:00;0,4432376666666667
23.05.2025 12:15;0,43631200000000003
23.05.2025 12:30;0,42938633333333337
23.05.2025 12:45;0,42246066666666665
23.05.2025 13:00;0,415535
23.05.2025 13:15;0,3946618333333333
23.05.2025 13:30;0,37378866666666666
23.05.2025 13:45;0,35291550000000005
23.05.2025 14:00;0,3320423333333334
23.05.2025 14:15;0,3108685833333334
23.05.2025 14:30;0,28969483333333335
23.05.2025 14:45;0,26852108333333335
23.05.2025 15:00;0,24734733333333334
23.05.2025 15:15;0,22034425
23.05.2025 15:30;0,19334116666666668
23.05.2025 15:45;0,16633808333333333
23.05.2025 16:00;0,139335
23.05.2025 16:15;0,11848933333333332
23.05.2025 16:30;0,09764366666666666
23.05.2025 16:45;0,076798
23.05.2025 17:00;0,05595233333333334
23.05.2025 17:15;0,045699250000000004
23.05.2025 17:30;0,03544616666666667
23.05.2025 17:45;0,025193083333333335
23.05.2025 18:00;0,01494
23.05.2025 18:15;0,011205
23.05.2025 18:30;0,00747
23.05.2025 18:45;0,0037350000000000005
23.05.2025 19:00;0,0
23.05.2025 19:15;0,0
23.05.2025 19:30;0,0
23.05.2025 19:45;0,0
23.05.2025 20:00;0,0
23.05.2025 20:15;0,0
23.05.2025 20:30;0,0
23.05.2025 20:45;0,0
23.05.2025 21:00;0,0
23.05.2025 21:15;0,0
23.05.2025 21:30;0,0
23.05.2025 21:45;0,0
23.05.2025 22:00;0,0
23.05.2025 22:15;0,0
23.05.2025 22:30;0,0
23.05.2025 22:45;0,0
23.05.2025 23:00;0,0
23.05.2025 23:15;0,0
23.05.2025 23:30;0,0
23.05.2025 23:45;0,0
24.05.2025 00:00;0,0
24.05.2025 00:15;0,0
24.05.2025 00:30;0,0
24.05.2025 00:45;0,0
24.05.2025 01:00;0,0
24.05.2025 01:15;0,0
24.05.2025 01:30;0,0
24.05.2025 01:45;0,0
24.05.2025 02:00;0,0
24.05.2025 02:15;0,0
24.05.2025 02:30;0,0
24.05.2025 02:45;0,0
24.05.2025 03:00;0,0
24.05.2025 03:15;0,0005999166666666667
24.05.2025 03:30;0,0011998333333333334
24.05.2025 03:45;0,00179975
24.05.2025 04:00;0,0023996666666666667
24.05.2025 04:15;0,012062166666666665
24.05.2025 04:30;0,021724666666666666
24.05.2025 04:45;0,03138716666666667
24.05.2025 05:00;0,041049666666666665
24.05.2025 05:15;0,06839475
24.05.2025 05:30;0,09573983333333333
24.05.2025 05:45;0,12308491666666667
24.05.2025 06:00;0,15043
24.05.2025 06:15;0,18558575
24.05.2025 06:30;0,2207415
24.05.2025 06:45;0,25589725
24.05.2025 07:00;0,291053
24.05.2025 07:15;0,32545475
24.05.2025 07:30;0,3598565
24.05.2025 07:45;0,39425825
24.05.2025 08:00;0,42866
24.05.2025 08:15;0,44680875
24.05.2025 08:30;0,4649575
24.05.2025 08:45;0,48310625
24.05.2025 09:00;0,501255
24.05.2025 09:15;0,5104040833333333
24.05.2025 09:30;0,5195531666666666
24.05.2025 09:45;0,52870225
24.05.2025 10:00;0,5378513333333333
24.05.2025 10:15;0,5459121666666666
24.05.2025 10:30;0,553973
24.05.2025 10:45;0,5620338333333333
24.05.2025 11:00;0,5700946666666666
24.05.2025 11:15;0,5689220833333333
24.05.2025 11:30;0,5677494999999999
24.05.2025 11:45;0,5665769166666667
24.05.2025 12:00;0,5654043333333333
24.05.2025 12:15;0,5562485833333333
24.05.2025 12:30;0,5470928333333334
24.05.2025 12:45;0,5379370833333333
24.05.2025 13:00;0,5287813333333333
24.05.2025 13:15;0,4907798333333333
24.05.2025 13:30;0,45277833333333334
24.05.2025 13:45;0,4147768333333334
24.05.2025 14:00;0,37677533333333335
24.05.2025 14:15;0,377834
24.05.2025 14:30;0,37889266666666666
24.05.2025 14:45;0,37995133333333336
24.05.2025 15:00;0,38101
24.05.2025 15:15;0,34642508333333333
24.05.2025 15:30;0,3118401666666667
24.05.2025 15:45;0,27725525
24.05.2025 16:00;0,24267033333333332
24.05.2025 16:15;0,20469683333333333
24.05.2025 16:30;0,16672333333333333
24.05.2025 16:45;0,12874983333333334
24.05.2025 17:00;0,09077633333333333
24.05.2025 17:15;0,07370816666666666
24.05.2025 17:30;0,056639999999999996
24.05.2025 17:45;0,039571833333333334
24.05.2025 18:00;0,022503666666666665
24.05.2025 18:15;0,016877749999999997
24.05.2025 18:30;0,011251833333333332
24.05.2025 18:45;0,0056259166666666645
24.05.2025 19:00;0,0
24.05.2025 19:15;0,0
24.05.2025 19:30;0,0
24.05.2025 19:45;0,0
24.05.2025 20:00;0,0
24.05.2025 20:15;0,0
24.05.2025 20:30;0,0
24.05.2025 20:45;0,0
24.05.2025 21:00;0,0
24.05.2025 21:15;0,0
24.05.2025 21:30;0,0
24.05.2025 21:45;0,0
24.05.2025 22:00;0,0
24.05.2025 22:15;0,0
24.05.2025 22:30;0,0
24.05.2025 22:45;0,0
24.05.2025 23:00;0,0
24.05.2025 23:15;0,0
24.05.2025 23:30;0,0
24.05.2025 23:45;0,0
25.05.2025 00:00;0,0
25.05.2025 00:15;0,0
25.05.2025 00:30;0,0
25.05.2025 00:45;0,0
25.05.2025 01:00;0,0
25.05.2025 01:15;0,0
25.05.2025 01:30;0,0
25.05.2025 01:45;0,0
25.05.2025 02:00;0,0
25.05.2025 02:15;0,0
25.05.2025 02:30;0,0
25.05.2025 02:45;0,0
25.05.2025 03:00;0,0
25.05.2025 03:15;0,0007819166666666667
25.05.2025 03:30;0,0015638333333333333
25.05.2025 03:45;0,0023457499999999997
25.05.2025 04:00;0,0031276666666666666
25.05.2025 04:15;0,011608583333333332
25.05.2025 04:30;0,0200895
25.05.2025 04:45;0,028570416666666668
25.05.2025 05:00;0,03705133333333333
25.05.2025 05:15;0,0695805
25.05.2025 05:30;0,10210966666666668
25.05.2025 05:45;0,13463883333333335
25.05.2025 06:00;0,167168
25.05.2025 06:15;0,20746958333333335
25.05.2025 06:30;0,2477711666666667
25.05.2025 06:45;0,28807275000000004
25.05.2025 07:00;0,3283743333333334
25.05.2025 07:15;0,359487
25.05.2025 07:30;0,3905996666666667
25.05.2025 07:45;0,42171233333333336
25.05.2025 08:00;0,452825
25.05.2025 08:15;0,4757103333333333
25.05.2025 08:30;0,49859566666666666
25.05.2025 08:45;0,521481
25.05.2025 09:00;0,5443663333333333
25.05.2025 09:15;0,5639470833333333
25.05.2025 09:30;0,5835278333333334
25.05.2025 09:45;0,6031085833333333
25.05.2025 10:00;0,6226893333333333
25.05.2025 10:15;0,6275070833333334
25.05.2025 10:30;0,6323248333333333
25.05.2025 10:45;0,6371425833333333
25.05.2025 11:00;0,6419603333333334
25.05.2025 11:15;0,63589125
25.05.2025 11:30;0,6298221666666667
25.05.2025 11:45;0,6237530833333333
25.05.2025 12:00;0,617684
25.05.2025 12:15;0,6066529166666667
25.05.2025 12:30;0,5956218333333334
25.05.2025 12:45;0,58459075
25.05.2025 13:00;0,5735596666666667
25.05.2025 13:15;0,5361055833333334
25.05.2025 13:30;0,4986515
25.05.2025 13:45;0,46119741666666664
25.05.2025 14:00;0,4237433333333333
25.05.2025 14:15;0,4023859166666667
25.05.2025 14:30;0,3810285
25.05.2025 14:45;0,3596710833333333
25.05.2025 15:00;0,3383136666666667
25.05.2025 15:15;0,30864216666666666
25.05.2025 15:30;0,2789706666666667
25.05.2025 15:45;0,24929916666666668
25.05.2025 16:00;0,21962766666666667
25.05.2025 16:15;0,18481799999999998
25.05.2025 16:30;0,15000833333333333
25.05.2025 16:45;0,11519866666666667
25.05.2025 17:00;0,080389
25.05.2025 17:15;0,06503366666666667
25.05.2025 17:30;0,04967833333333334
25.05.2025 17:45;0,034323000000000006
25.05.2025 18:00;0,018967666666666667
25.05.2025 18:15;0,01422575
25.05.2025 18:30;0,009483833333333334
25.05.2025 18:45;0,004741916666666667
25.05.2025 19:00;0,0
25.05.2025 19:15;0,0
25.05.2025 19:30;0,0
25.05.2025 19:45;0,0
25.05.2025 20:00;0,0
25.05.2025 20:15;0,0
25.05.2025 20:30;0,0
25.05.2025 20:45;0,0
25.05.2025 21:00;0,0
25.05.2025 21:15;0,0
25.05.2025 21:30;0,0
25.05.2025 21:45;0,0
25.05.2025 22:00;0,0
25.05.2025 22:15;0,0
25.05.2025 22:30;0,0
25.05.2025 22:45;0,0
25.05.2025 23:00;0,0
25.05.2025 23:15;0,0
25.05.2025 23:30;0,0
25.05.2025 23:45;0,0
26.05.2025 00:00;0,0
26.05.2025 00:15;0,0
26.05.2025 00:30;0,0
26.05.2025 00:45;0,0
26.05.2025 01:00;0,0
26.05.2025 01:15;0,0
26.05.2025 01:30;0,0
26.05.2025 01:45;0,0
26.05.2025 02:00;0,0
26.05.2025 02:15;0,0
26.05.2025 02:30;0,0
26.05.2025 02:45;0,0
26.05.2025 03:00;0,0
26.05.2025 03:15;0,0008071666666666666
26.05.2025 03:30;0,0016143333333333333
26.05.2025 03:45;0,0024215
26.05.2025 04:00;0,0032286666666666666
26.05.2025 04:15;0,012113
26.05.2025 04:30;0,020997333333333337
26.05.2025 04:45;0,02988166666666667
26.05.2025 05:00;0,038766
26.05.2025 05:15;0,07376691666666667
26.05.2025 05:30;0,10876783333333334
26.05.2025 05:45;0,14376875
26.05.2025 06:00;0,17876966666666666
26.05.2025 06:15;0,22063541666666664
26.05.2025 06:30;0,2625011666666667
26.05.2025 06:45;0,3043669166666666
26.05.2025 07:00;0,34623266666666663
26.05.2025 07:15;0,381757
26.05.2025 07:30;0,41728133333333334
26.05.2025 07:45;0,45280566666666666
26.05.2025 08:00;0,48833000000000004
26.05.2025 08:15;0,5175381666666666
26.05.2025 08:30;0,5467463333333333
26.05.2025 08:45;0,5759544999999999
26.05.2025 09:00;0,6051626666666666
26.05.2025 09:15;0,6139930833333334
26.05.2025 09:30;0,6228235
26.05.2025 09:45;0,6316539166666666
26.05.2025 10:00;0,6404843333333333
26.05.2025 10:15;0,6425194166666667
26.05.2025 10:30;0,6445544999999999
26.05.2025 10:45;0,6465895833333333
26.05.2025 11:00;0,6486246666666666
26.05.2025 11:15;0,6439191666666666
26.05.2025 11:30;0,6392136666666666
26.05.2025 11:45;0,6345081666666667
26.05.2025 12:00;0,6298026666666666
26.05.2025 12:15;0,6105959166666666
26.05.2025 12:30;0,5913891666666666
26.05.2025 12:45;0,5721824166666667
26.05.2025 13:00;0,5529756666666666
26.05.2025 13:15;0,5332175
26.05.2025 13:30;0,5134593333333333
26.05.2025 13:45;0,49370116666666664
26.05.2025 14:00;0,473943
26.05.2025 14:15;0,4479453333333333
26.05.2025 14:30;0,42194766666666667
26.05.2025 14:45;0,39595
26.05.2025 15:00;0,3699523333333333
26.05.2025 15:15;0,33501675
26.05.2025 15:30;0,3000811666666667
26.05.2025 15:45;0,2651455833333333
26.05.2025 16:00;0,23021
26.05.2025 16:15;0,19300816666666668
26.05.2025 16:30;0,15580633333333332
26.05.2025 16:45;0,11860450000000002
26.05.2025 17:00;0,08140266666666668
26.05.2025 17:15;0,06593291666666667
26.05.2025 17:30;0,05046316666666667
26.05.2025 17:45;0,034993416666666666
26.05.2025 18:00;0,019523666666666665
26.05.2025 18:15;0,01464275
26.05.2025 18:30;0,009761833333333332
26.05.2025 18:45;0,004880916666666665
26.05.2025 19:00;0,0
26.05.2025 19:15;0,0
26.05.2025 19:30;0,0
26.05.2025 19:45;0,0
26.05.2025 20:00;0,0
26.05.2025 20:15;0,0
26.05.2025 20:30;0,0
26.05.2025 20:45;0,0
26.05.2025 21:00;0,0
26.05.2025 21:15;0,0
26.05.2025 21:30;0,0
26.05.2025 21:45;0,0
26.05.2025 22:00;0,0
26.05.2025 22:15;0,0
26.05.2025 22:30;0,0
26.05.2025 22:45;0,0
26.05.2025 23:00;0,0
26.05.2025 23:15;0,0
26.05.2025 23:30;0,0
26.05.2025 23:45;0,0
27.05.2025 00:00;0,0
27.05.2025 00:15;0,0
27.05.2025 00:30;0,0
27.05.2025 00:45;0,0
27.05.2025 01:00;0,0
27.05.2025 01:15;0,0
27.05.2025 01:30;0,0
27.05.2025 01:45;0,0
27.05.2025 02:00;0,0
27.05.2025 02:15;0,0
27.05.2025 02:30;0,0
27.05.2025 02:45;0,0
27.05.2025 03:00;0,0
27.05.2025 03:15;0,0008114999999999999
27.05.2025 03:30;0,0016229999999999999
27.05.2025 03:45;0,0024344999999999996
27.05.2025 04:00;0,0032459999999999998
27.05.2025 04:15;0,013132833333333333
27.05.2025 04:30;0,023019666666666667
27.05.2025 04:45;0,032906500000000005
27.05.2025 05:00;0,042793333333333336
27.05.2025 05:15;0,071007
27.05.2025 05:30;0,09922066666666665
27.05.2025 05:45;0,12743433333333332
27.05.2025 06:00;0,15564799999999998
27.05.2025 06:15;0,19180008333333332
27.05.2025 06:30;0,22795216666666668
27.05.2025 06:45;0,26410425000000004
27.05.2025 07:00;0,30025633333333335
27.05.2025 07:15;0,337892
27.05.2025 07:30;0,3755276666666667
27.05.2025 07:45;0,4131633333333333
27.05.2025 08:00;0,450799
27.05.2025 08:15;0,48289641666666666
27.05.2025 08:30;0,5149938333333334
27.05.2025 08:45;0,54709125
27.05.2025 09:00;0,5791886666666667
27.05.2025 09:15;0,5890478333333333
27.05.2025 09:30;0,5989070000000001
27.05.2025 09:45;0,6087661666666667
27.05.2025 10:00;0,6186253333333334
27.05.2025 10:15;0,6204566666666667
27.05.2025 10:30;0,622288
27.05.2025 10:45;0,6241193333333334
27.05.2025 11:00;0,6259506666666667
27.05.2025 11:15;0,6215360833333333
27.05.2025 11:30;0,6171215
27.05.2025 11:45;0,6127069166666667
27.05.2025 12:00;0,6082923333333333
27.05.2025 12:15;0,5936703333333333
27.05.2025 12:30;0,5790483333333334
27.05.2025 12:45;0,5644263333333335
27.05.2025 13:00;0,5498043333333335
27.05.2025 13:15;0,5341701666666667
27.05.2025 13:30;0,5185360000000001
27.05.2025 13:45;0,5029018333333334
27.05.2025 14:00;0,48726766666666665
27.05.2025 14:15;0,4614221666666667
27.05.2025 14:30;0,43557666666666667
27.05.2025 14:45;0,40973116666666665
27.05.2025 15:00;0,3838856666666667
27.05.2025 15:15;0,34606075000000003
27.05.2025 15:30;0,3082358333333333
27.05.2025 15:45;0,27041091666666667
27.05.2025 16:00;0,232586
27.05.2025 16:15;0,19646641666666664
27.05.2025 16:30;0,16034683333333333
27.05.2025 16:45;0,12422725
27.05.2025 17:00;0,08810766666666667
27.05.2025 17:15;0,070994
27.05.2025 17:30;0,053880333333333336
27.05.2025 17:45;0,03676666666666667
27.05.2025 18:00;0,019652999999999997
27.05.2025 18:15;0,014739749999999998
27.05.2025 18:30;0,009826499999999998
27.05.2025 18:45;0,004913249999999999
27.05.2025 19:00;0,0
27.05.2025 19:15;0,0
27.05.2025 19:30;0,0
27.05.2025 19:45;0,0
27.05.2025 20:00;0,0
27.05.2025 20:15;0,0
27.05.2025 20:30;0,0
27.05.2025 20:45;0,0
27.05.2025 21:00;0,0
27.05.2025 21:15;0,0
27.05.2025 21:30;0,0
27.05.2025 21:45;0,0
27.05.2025 22:00;0,0
27.05.2025 22:15;0,0
27.05.2025 22:30;0,0
27.05.2025 22:45;0,0
27.05.2025 23:00;0,0
27.05.2025 23:15;0,0
27.05.2025 23:30;0,0
27.05.2025 23:45;0,0
28.05.2025 00:00;0,0
28.05.2025 00:15;0,0
28.05.2025 00:30;0,0
28.05.2025 00:45;0,0
28.05.2025 01:00;0,0
28.05.2025 01:15;0,0
28.05.2025 01:30;0,0
28.05.2025 01:45;0,0
28.05.2025 02:00;0,0
28.05.2025 02:15;0,0
28.05.2025 02:30;0,0
28.05.2025 02:45;0,0
28.05.2025 03:00;0,0
28.05.2025 03:15;0,00110025
28.05.2025 03:30;0,0022005
28.05.2025 03:45;0,0033007500000000003
28.05.2025 04:00;0,004401
28.05.2025 04:15;0,011721083333333333
28.05.2025 04:30;0,019041166666666665
28.05.2025 04:45;0,026361249999999996
28.05.2025 05:00;0,033681333333333334
28.05.2025 05:15;0,05382616666666667
28.05.2025 05:30;0,07397100000000001
28.05.2025 05:45;0,09411583333333334
28.05.2025 06:00;0,11426066666666666
28.05.2025 06:15;0,13921375
28.05.2025 06:30;0,16416683333333335
28.05.2025 06:45;0,18911991666666667
28.05.2025 07:00;0,214073
28.05.2025 07:15;0,24430733333333332
28.05.2025 07:30;0,27454166666666663
28.05.2025 07:45;0,30477599999999994
28.05.2025 08:00;0,3350103333333333
28.05.2025 08:15;0,34823099999999996
28.05.2025 08:30;0,3614516666666666
28.05.2025 08:45;0,37467233333333333
28.05.2025 09:00;0,387893
28.05.2025 09:15;0,40374008333333333
28.05.2025 09:30;0,4195871666666666
28.05.2025 09:45;0,43543424999999997
28.05.2025 10:00;0,4512813333333333
28.05.2025 10:15;0,4663953333333333
28.05.2025 10:30;0,4815093333333333
28.05.2025 10:45;0,4966233333333333
28.05.2025 11:00;0,5117373333333333
28.05.2025 11:15;0,5166967499999999
28.05.2025 11:30;0,5216561666666666
28.05.2025 11:45;0,5266155833333334
28.05.2025 12:00;0,531575
28.05.2025 12:15;0,5241441666666667
28.05.2025 12:30;0,5167133333333334
28.05.2025 12:45;0,5092825000000001
28.05.2025 13:00;0,5018516666666667
28.05.2025 13:15;0,48037525000000003
28.05.2025 13:30;0,45889883333333337
28.05.2025 13:45;0,43742241666666665
28.05.2025 14:00;0,415946
28.05.2025 14:15;0,38826408333333334
28.05.2025 14:30;0,36058216666666665
28.05.2025 14:45;0,33290025
28.05.2025 15:00;0,3052183333333333
28.05.2025 15:15;0,27814
28.05.2025 15:30;0,2510616666666667
28.05.2025 15:45;0,22398333333333334
28.05.2025 16:00;0,196905
28.05.2025 16:15;0,16753558333333332
28.05.2025 16:30;0,13816616666666667
28.05.2025 16:45;0,10879675
28.05.2025 17:00;0,07942733333333334
28.05.2025 17:15;0,06372691666666666
28.05.2025 17:30;0,0480265
28.05.2025 17:45;0,03232608333333333
28.05.2025 18:00;0,016625666666666667
28.05.2025 18:15;0,012469250000000001
28.05.2025 18:30;0,008312833333333334
28.05.2025 18:45;0,004156416666666668
28.05.2025 19:00;0,0
28.05.2025 19:15;0,0
28.05.2025 19:30;0,0
28.05.2025 19:45;0,0
28.05.2025 20:00;0,0
28.05.2025 20:15;0,0
28.05.2025 20:30;0,0
28.05.2025 20:45;0,0
28.05.2025 21:00;0,0
28.05.2025 21:15;0,0
28.05.2025 21:30;0,0
28.05.2025 21:45;0,0
28.05.2025 22:00;0,0
28.05.2025 22:15;0,0
28.05.2025 22:30;0,0
28.05.2025 22:45;0,0
28.05.2025 23:00;0,0
28.05.2025 23:15;0,0
28.05.2025 23:30;0,0
28.05.2025 23:45;0,0
29.05.2025 00:00;0,0
29.05.2025 00:15;0,0
29.05.2025 00:30;0,0
29.05.2025 00:45;0,0
29.05.2025 01:00;0,0
29.05.2025 01:15;0,0
29.05.2025 01:30;0,0
29.05.2025 01:45;0,0
29.05.2025 02:00;0,0
29.05.2025 02:15;0,0
29.05.2025 02:30;0,0
29.05.2025 02:45;0,0
29.05.2025 03:00;0,0
29.05.2025 03:15;0,0010739999999999999
29.05.2025 03:30;0,0021479999999999997
29.05.2025 03:45;0,0032219999999999996
29.05.2025 04:00;0,0042959999999999995
29.05.2025 04:15;0,011726166666666666
29.05.2025 04:30;0,01915633333333333
29.05.2025 04:45;0,0265865
29.05.2025 05:00;0,03401666666666667
29.05.2025 05:15;0,055445416666666664
29.05.2025 05:30;0,07687416666666666
29.05.2025 05:45;0,09830291666666666
29.05.2025 06:00;0,11973166666666665
29.05.2025 06:15;0,14528225
29.05.2025 06:30;0,17083283333333332
29.05.2025 06:45;0,19638341666666664
29.05.2025 07:00;0,221934
29.05.2025 07:15;0,24628891666666666
29.05.2025 07:30;0,2706438333333333
29.05.2025 07:45;0,29499875
29.05.2025 08:00;0,31935366666666665
29.05.2025 08:15;0,3358736666666666
29.05.2025 08:30;0,35239366666666666
29.05.2025 08:45;0,3689136666666667
29.05.2025 09:00;0,3854336666666667
29.05.2025 09:15;0,40050308333333334
29.05.2025 09:30;0,4155725
29.05.2025 09:45;0,4306419166666667
29.05.2025 10:00;0,44571133333333335
29.05.2025 10:15;0,4459341666666667
29.05.2025 10:30;0,446157
29.05.2025 10:45;0,4463798333333333
29.05.2025 11:00;0,44660266666666665
29.05.2025 11:15;0,45494375
29.05.2025 11:30;0,46328483333333337
29.05.2025 11:45;0,4716259166666667
29.05.2025 12:00;0,47996700000000003
29.05.2025 12:15;0,47284858333333335
29.05.2025 12:30;0,46573016666666667
29.05.2025 12:45;0,45861175000000004
29.05.2025 13:00;0,45149333333333336
29.05.2025 13:15;0,428894
29.05.2025 13:30;0,4062946666666667
29.05.2025 13:45;0,38369533333333333
29.05.2025 14:00;0,361096
29.05.2025 14:15;0,34317499999999995
29.05.2025 14:30;0,32525399999999993
29.05.2025 14:45;0,30733299999999997
29.05.2025 15:00;0,28941199999999995
29.05.2025 15:15;0,26173041666666663
29.05.2025 15:30;0,2340488333333333
29.05.2025 15:45;0,20636724999999997
29.05.2025 16:00;0,17868566666666666
29.05.2025 16:15;0,15059908333333333
29.05.2025 16:30;0,1225125
29.05.2025 16:45;0,09442591666666666
29.05.2025 17:00;0,06633933333333333
29.05.2025 17:15;0,05378491666666667
29.05.2025 17:30;0,0412305
29.05.2025 17:45;0,02867608333333333
29.05.2025 18:00;0,016121666666666666
29.05.2025 18:15;0,01209125
29.05.2025 18:30;0,008060833333333333
29.05.2025 18:45;0,0040304166666666665
29.05.2025 19:00;0,0
29.05.2025 19:15;0,0
29.05.2025 19:30;0,0
29.05.2025 19:45;0,0
29.05.2025 20:00;0,0
29.05.2025 20:15;0,0
29.05.2025 20:30;0,0
29.05.2025 20:45;0,0
29.05.2025 21:00;0,0
29.05.2025 21:15;0,0
29.05.2025 21:30;0,0
29.05.2025 21:45;0,0
29.05.2025 22:00;0,0
29.05.2025 22:15;0,0
29.05.2025 22:30;0,0
29.05.2025 22:45;0,0
29.05.2025 23:00;0,0
29.05.2025 23:15;0,0
29.05.2025 23:30;0,0
29.05.2025 23:45;0,0
30.05.2025 00:00;0,0
30.05.2025 00:15;0,0
30.05.2025 00:30;0,0
30.05.2025 00:45;0,0
30.05.2025 01:00;0,0
30.05.2025 01:15;0,0
30.05.2025 01:30;0,0
30.05.2025 01:45;0,0
30.05.2025 02:00;0,0
30.05.2025 02:15;0,0
30.05.2025 02:30;0,0
30.05.2025 02:45;0,0
30.05.2025 03:00;0,0
30.05.2025 03:15;0,00119875
30.05.2025 03:30;0,0023975
30.05.2025 03:45;0,00359625
30.05.2025 04:00;0,004795
30.05.2025 04:15;0,013923583333333333
30.05.2025 04:30;0,023052166666666665
30.05.2025 04:45;0,032180749999999994
30.05.2025 05:00;0,04130933333333333
30.05.2025 05:15;0,06964333333333333
30.05.2025 05:30;0,09797733333333333
30.05.2025 05:45;0,12631133333333333
30.05.2025 06:00;0,15464533333333333
30.05.2025 06:15;0,1911675
30.05.2025 06:30;0,22768966666666668
30.05.2025 06:45;0,2642118333333333
30.05.2025 07:00;0,300734
30.05.2025 07:15;0,3330631666666667
30.05.2025 07:30;0,3653923333333333
30.05.2025 07:45;0,39772149999999995
30.05.2025 08:00;0,43005066666666664
30.05.2025 08:15;0,4561803333333333
30.05.2025 08:30;0,48231
30.05.2025 08:45;0,5084396666666666
30.05.2025 09:00;0,5345693333333333
30.05.2025 09:15;0,5480329166666666
30.05.2025 09:30;0,5614965000000001
30.05.2025 09:45;0,5749600833333334
30.05.2025 10:00;0,5884236666666667
30.05.2025 10:15;0,5959955833333334
30.05.2025 10:30;0,6035675
30.05.2025 10:45;0,6111394166666667
30.05.2025 11:00;0,6187113333333334
30.05.2025 11:15;0,615943
30.05.2025 11:30;0,6131746666666666
30.05.2025 11:45;0,6104063333333334
30.05.2025 12:00;0,607638
30.05.2025 12:15;0,5914035833333333
30.05.2025 12:30;0,5751691666666667
30.05.2025 12:45;0,5589347500000001
30.05.2025 13:00;0,5427003333333335
30.05.2025 13:15;0,5166386666666668
30.05.2025 13:30;0,49057700000000004
30.05.2025 13:45;0,4645153333333334
30.05.2025 14:00;0,4384536666666667
30.05.2025 14:15;0,4230325833333334
30.05.2025 14:30;0,4076115
30.05.2025 14:45;0,39219041666666665
30.05.2025 15:00;0,37676933333333334
30.05.2025 15:15;0,33797116666666666
30.05.2025 15:30;0,299173
30.05.2025 15:45;0,26037483333333333
30.05.2025 16:00;0,22157666666666667
30.05.2025 16:15;0,18795716666666668
30.05.2025 16:30;0,15433766666666668
30.05.2025 16:45;0,12071816666666668
30.05.2025 17:00;0,08709866666666667
30.05.2025 17:15;0,0705805
30.05.2025 17:30;0,05406233333333334
30.05.2025 17:45;0,03754416666666668
30.05.2025 18:00;0,021026
30.05.2025 18:15;0,0157695
30.05.2025 18:30;0,010513
30.05.2025 18:45;0,005256500000000001
30.05.2025 19:00;0,0
30.05.2025 19:15;0,0
30.05.2025 19:30;0,0
30.05.2025 19:45;0,0
30.05.2025 20:00;0,0
30.05.2025 20:15;0,0
30.05.2025 20:30;0,0
30.05.2025 20:45;0,0
30.05.2025 21:00;0,0
30.05.2025 21:15;0,0
30.05.2025 21:30;0,0
30.05.2025 21:45;0,0
30.05.2025 22:00;0,0
30.05.2025 22:15;0,0
30.05.2025 22:30;0,0
30.05.2025 22:45;0,0
30.05.2025 23:00;0,0
30.05.2025 23:15;0,0
30.05.2025 23:30;0,0
30.05.2025 23:45;0,0
31.05.2025 00:00;0,0
31.05.2025 00:15;0,0
31.05.2025 00:30;0,0
31.05.2025 00:45;0,0
31.05.2025 01:00;0,0
31.05.2025 01:15;0,0
31.05.2025 01:30;0,0
31.05.2025 01:45;0,0
31.05.2025 02:00;0,0
31.05.2025 02:15;0,0
31.05.2025 02:30;0,0
31.05.2025 02:45;0,0
31.05.2025 03:00;0,0
31.05.2025 03:15;0,00131225
31.05.2025 03:30;0,0026245
31.05.2025 03:45;0,00393675
31.05.2025 04:00;0,005249
31.05.2025 04:15;0,013850833333333333
31.05.2025 04:30;0,022452666666666666
31.05.2025 04:45;0,031054499999999995
31.05.2025 05:00;0,03965633333333333
31.05.2025 05:15;0,06603591666666667
31.05.2025 05:30;0,0924155
31.05.2025 05:45;0,11879508333333333
31.05.2025 06:00;0,14517466666666667
31.05.2025 06:15;0,18229191666666666
31.05.2025 06:30;0,21940916666666668
31.05.2025 06:45;0,2565264166666667
31.05.2025 07:00;0,2936436666666667
31.05.2025 07:15;0,3319411666666667
31.05.2025 07:30;0,3702386666666667
31.05.2025 07:45;0,4085361666666667
31.05.2025 08:00;0,4468336666666667
31.05.2025 08:15;0,4745703333333333
31.05.2025 08:30;0,5023070000000001
31.05.2025 08:45;0,5300436666666667
31.05.2025 09:00;0,5577803333333333
31.05.2025 09:15;0,571923
31.05.2025 09:30;0,5860656666666666
31.05.2025 09:45;0,6002083333333333
31.05.2025 10:00;0,614351
31.05.2025 10:15;0,6165676666666666
31.05.2025 10:30;0,6187843333333334
31.05.2025 10:45;0,621001
31.05.2025 11:00;0,6232176666666667
31.05.2025 11:15;0,6169781666666667
31.05.2025 11:30;0,6107386666666668
31.05.2025 11:45;0,6044991666666667
31.05.2025 12:00;0,5982596666666667
31.05.2025 12:15;0,5822295833333334
31.05.2025 12:30;0,5661995000000001
31.05.2025 12:45;0,5501694166666667
31.05.2025 13:00;0,5341393333333334
31.05.2025 13:15;0,5058807500000001
31.05.2025 13:30;0,47762216666666674
31.05.2025 13:45;0,44936358333333337
31.05.2025 14:00;0,421105
31.05.2025 14:15;0,39951708333333336
31.05.2025 14:30;0,37792916666666665
31.05.2025 14:45;0,35634125
31.05.2025 15:00;0,33475333333333335
31.05.2025 15:15;0,2965311666666667
31.05.2025 15:30;0,258309
31.05.2025 15:45;0,22008683333333334
31.05.2025 16:00;0,18186466666666667
31.05.2025 16:15;0,15626816666666668
31.05.2025 16:30;0,13067166666666669
31.05.2025 16:45;0,10507516666666666
31.05.2025 17:00;0,07947866666666667
31.05.2025 17:15;0,06449208333333334
31.05.2025 17:30;0,0495055
31.05.2025 17:45;0,03451891666666666
31.05.2025 18:00;0,019532333333333332
31.05.2025 18:15;0,014649249999999999
31.05.2025 18:30;0,009766166666666666
31.05.2025 18:45;0,004883083333333333
31.05.2025 19:00;0,0
31.05.2025 19:15;0,0
31.05.2025 19:30;0,0
31.05.2025 19:45;0,0
31.05.2025 20:00;0,0
31.05.2025 20:15;0,0
31.05.2025 20:30;0,0
31.05.2025 20:45;0,0
31.05.2025 21:00;0,0
31.05.2025 21:15;0,0
31.05.2025 21:30;0,0
31.05.2025 21:45;0,0
31.05.2025 22:00;0,0
31.05.2025 22:15;0,0
31.05.2025 22:30;0,0
31.05.2025 22:45;0,0
31.05.2025 23:00;0,0
31.05.2025 23:15;0,0
31.05.2025 23:30;0,0
31.05.2025 23:45;0,0
01.06.2025 00:00;0,0
01.06.2025 00:15;0,0
01.06.2025 00:30;0,0
01.06.2025 00:45;0,0
01.06.2025 01:00;0,0
01.06.2025 01:15;0,0
01.06.2025 01:30;0,0
01.06.2025 01:45;0,0
01.06.2025 02:00;0,0
01.06.2025 02:15;0,0
01.06.2025 02:30;0,0
01.06.2025 02:45;0,0
01.06.2025 03:00;0,0
01.06.2025 03:15;0,0015160833333333335
01.06.2025 03:30;0,003032166666666667
01.06.2025 03:45;0,00454825
01.06.2025 04:00;0,006064333333333334
01.06.2025 04:15;0,015018583333333335
01.06.2025 04:30;0,023972833333333336
01.06.2025 04:45;0,032927083333333336
01.06.2025 05:00;0,04188133333333333
01.06.2025 05:15;0,07135325
01.06.2025 05:30;0,10082516666666666
01.06.2025 05:45;0,13029708333333334
01.06.2025 06:00;0,159769
01.06.2025 06:15;0,19567308333333333
01.06.2025 06:30;0,23157716666666664
01.06.2025 06:45;0,26748124999999995
01.06.2025 07:00;0,3033853333333333
01.06.2025 07:15;0,33369574999999996
01.06.2025 07:30;0,36400616666666663
01.06.2025 07:45;0,39431658333333336
01.06.2025 08:00;0,42462700000000003
01.06.2025 08:15;0,448054
01.06.2025 08:30;0,47148100000000004
01.06.2025 08:45;0,494908
01.06.2025 09:00;0,518335
01.06.2025 09:15;0,5342065
01.06.2025 09:30;0,5500780000000001
01.06.2025 09:45;0,5659495
01.06.2025 10:00;0,581821
01.06.2025 10:15;0,586463
01.06.2025 10:30;0,591105
01.06.2025 10:45;0,595747
01.06.2025 11:00;0,600389
01.06.2025 11:15;0,5935691666666667
01.06.2025 11:30;0,5867493333333333
01.06.2025 11:45;0,5799295
01.06.2025 12:00;0,5731096666666667
01.06.2025 12:15;0,55304275
01.06.2025 12:30;0,5329758333333334
01.06.2025 12:45;0,5129089166666667
01.06.2025 13:00;0,49284200000000006
01.06.2025 13:15;0,4732674166666667
01.06.2025 13:30;0,4536928333333334
01.06.2025 13:45;0,43411825000000004
01.06.2025 14:00;0,4145436666666667
01.06.2025 14:15;0,3904164166666667
01.06.2025 14:30;0,36628916666666667
01.06.2025 14:45;0,3421619166666667
01.06.2025 15:00;0,3180346666666667
01.06.2025 15:15;0,290509
01.06.2025 15:30;0,26298333333333335
01.06.2025 15:45;0,23545766666666668
01.06.2025 16:00;0,207932
01.06.2025 16:15;0,17661583333333333
01.06.2025 16:30;0,14529966666666666
01.06.2025 16:45;0,11398350000000002
01.06.2025 17:00;0,08266733333333334
01.06.2025 17:15;0,06804583333333335
01.06.2025 17:30;0,05342433333333334
01.06.2025 17:45;0,038802833333333335
01.06.2025 18:00;0,024181333333333332
01.06.2025 18:15;0,018136
01.06.2025 18:30;0,012090666666666666
01.06.2025 18:45;0,006045333333333333
01.06.2025 19:00;0,0
01.06.2025 19:15;0,0
01.06.2025 19:30;0,0
01.06.2025 19:45;0,0
01.06.2025 20:00;0,0
01.06.2025 20:15;0,0
01.06.2025 20:30;0,0
01.06.2025 20:45;0,0
01.06.2025 21:00;0,0
01.06.2025 21:15;0,0
01.06.2025 21:30;0,0
01.06.2025 21:45;0,0
01.06.2025 22:00;0,0
01.06.2025 22:15;0,0
01.06.2025 22:30;0,0
01.06.2025 22:45;0,0
01.06.2025 23:00;0,0
01.06.2025 23:15;0,0
01.06.2025 23:30;0,0
01.06.2025 23:45;0,0
02.06.2025 00:00;0,0
02.06.2025 00:15;0,0
02.06.2025 00:30;0,0
02.06.2025 00:45;0,0
02.06.2025 01:00;0,0
02.06.2025 01:15;0,0
02.06.2025 01:30;0,0
02.06.2025 01:45;0,0
02.06.2025 02:00;0,0
02.06.2025 02:15;0,0
02.06.2025 02:30;0,0
02.06.2025 02:45;0,0
02.06.2025 03:00;0,0
02.06.2025 03:15;0,00166225
02.06.2025 03:30;0,0033245
02.06.2025 03:45;0,00498675
02.06.2025 04:00;0,006649
02.06.2025 04:15;0,014310083333333331
02.06.2025 04:30;0,021971166666666663
02.06.2025 04:45;0,029632249999999992
02.06.2025 05:00;0,03729333333333333
02.06.2025 05:15;0,06590133333333333
02.06.2025 05:30;0,09450933333333333
02.06.2025 05:45;0,12311733333333331
02.06.2025 06:00;0,15172533333333332
02.06.2025 06:15;0,18853275
02.06.2025 06:30;0,22534016666666667
02.06.2025 06:45;0,2621475833333333
02.06.2025 07:00;0,298955
02.06.2025 07:15;0,33225808333333334
02.06.2025 07:30;0,36556116666666666
02.06.2025 07:45;0,39886425
02.06.2025 08:00;0,4321673333333333
02.06.2025 08:15;0,4541885833333333
02.06.2025 08:30;0,47620983333333333
02.06.2025 08:45;0,4982310833333333
02.06.2025 09:00;0,5202523333333333
02.06.2025 09:15;0,534321
02.06.2025 09:30;0,5483896666666667
02.06.2025 09:45;0,5624583333333333
02.06.2025 10:00;0,576527
02.06.2025 10:15;0,58686175
02.06.2025 10:30;0,5971964999999999
02.06.2025 10:45;0,60753125
02.06.2025 11:00;0,6178659999999999
02.06.2025 11:15;0,6149413333333333
02.06.2025 11:30;0,6120166666666667
02.06.2025 11:45;0,609092
02.06.2025 12:00;0,6061673333333334
02.06.2025 12:15;0,5857074166666667
02.06.2025 12:30;0,5652475
02.06.2025 12:45;0,5447875833333333
02.06.2025 13:00;0,5243276666666666
02.06.2025 13:15;0,505795
02.06.2025 13:30;0,48726233333333335
02.06.2025 13:45;0,46872966666666666
02.06.2025 14:00;0,450197
02.06.2025 14:15;0,42712958333333334
02.06.2025 14:30;0,40406216666666667
02.06.2025 14:45;0,38099475
02.06.2025 15:00;0,3579273333333333
02.06.2025 15:15;0,3230733333333333
02.06.2025 15:30;0,2882193333333333
02.06.2025 15:45;0,25336533333333333
02.06.2025 16:00;0,21851133333333334
02.06.2025 16:15;0,18582658333333335
02.06.2025 16:30;0,15314183333333334
02.06.2025 16:45;0,12045708333333334
02.06.2025 17:00;0,08777233333333333
02.06.2025 17:15;0,07175283333333332
02.06.2025 17:30;0,05573333333333333
02.06.2025 17:45;0,03971383333333334
02.06.2025 18:00;0,02369433333333333
02.06.2025 18:15;0,01777075
02.06.2025 18:30;0,011847166666666666
02.06.2025 18:45;0,005923583333333333
02.06.2025 19:00;0,0
02.06.2025 19:15;0,0
02.06.2025 19:30;0,0
02.06.2025 19:45;0,0
02.06.2025 20:00;0,0
02.06.2025 20:15;0,0
02.06.2025 20:30;0,0
02.06.2025 20:45;0,0
02.06.2025 21:00;0,0
02.06.2025 21:15;0,0
02.06.2025 21:30;0,0
02.06.2025 21:45;0,0
02.06.2025 22:00;0,0
02.06.2025 22:15;0,0
02.06.2025 22:30;0,0
02.06.2025 22:45;0,0
02.06.2025 23:00;0,0
02.06.2025 23:15;0,0
02.06.2025 23:30;0,0
02.06.2025 23:45;0,0
03.06.2025 00:00;0,0
03.06.2025 00:15;0,0
03.06.2025 00:30;0,0
03.06.2025 00:45;0,0
03.06.2025 01:00;0,0
03.06.2025 01:15;0,0
03.06.2025 01:30;0,0
03.06.2025 01:45;0,0
03.06.2025 02:00;0,0
03.06.2025 02:15;0,0
03.06.2025 02:30;0,0
03.06.2025 02:45;0,0
03.06.2025 03:00;0,0
03.06.2025 03:15;0,0017120000000000002
03.06.2025 03:30;0,0034240000000000004
03.06.2025 03:45;0,005136000000000001
03.06.2025 04:00;0,006848000000000001
03.06.2025 04:15;0,015533750000000002
03.06.2025 04:30;0,0242195
03.06.2025 04:45;0,032905250000000004
03.06.2025 05:00;0,041591
03.06.2025 05:15;0,0708625
03.06.2025 05:30;0,100134
03.06.2025 05:45;0,1294055
03.06.2025 06:00;0,15867699999999998
03.06.2025 06:15;0,19241266666666665
03.06.2025 06:30;0,22614833333333334
03.06.2025 06:45;0,259884
03.06.2025 07:00;0,29361966666666667
03.06.2025 07:15;0,3177034166666667
03.06.2025 07:30;0,34178716666666664
03.06.2025 07:45;0,3658709166666666
03.06.2025 08:00;0,3899546666666666
03.06.2025 08:15;0,41083474999999997
03.06.2025 08:30;0,43171483333333327
03.06.2025 08:45;0,4525949166666666
03.06.2025 09:00;0,473475
03.06.2025 09:15;0,4849615833333333
03.06.2025 09:30;0,49644816666666663
03.06.2025 09:45;0,50793475
03.06.2025 10:00;0,5194213333333333
03.06.2025 10:15;0,5287435
03.06.2025 10:30;0,5380656666666667
03.06.2025 10:45;0,5473878333333333
03.06.2025 11:00;0,55671
03.06.2025 11:15;0,53655725
03.06.2025 11:30;0,5164045
03.06.2025 11:45;0,49625175
03.06.2025 12:00;0,476099
03.06.2025 12:15;0,4669466666666667
03.06.2025 12:30;0,4577943333333333
03.06.2025 12:45;0,448642
03.06.2025 13:00;0,43948966666666667
03.06.2025 13:15;0,41216825
03.06.2025 13:30;0,38484683333333336
03.06.2025 13:45;0,35752541666666665
03.06.2025 14:00;0,330204
03.06.2025 14:15;0,30821541666666663
03.06.2025 14:30;0,2862268333333333
03.06.2025 14:45;0,26423825
03.06.2025 15:00;0,24224966666666664
03.06.2025 15:15;0,21651399999999998
03.06.2025 15:30;0,19077833333333333
03.06.2025 15:45;0,16504266666666667
03.06.2025 16:00;0,13930700000000001
03.06.2025 16:15;0,11609475000000001
03.06.2025 16:30;0,0928825
03.06.2025 16:45;0,06967025
03.06.2025 17:00;0,046458
03.06.2025 17:15;0,038601916666666666
03.06.2025 17:30;0,030745833333333333
03.06.2025 17:45;0,02288975
03.06.2025 18:00;0,015033666666666667
03.06.2025 18:15;0,01127525
03.06.2025 18:30;0,007516833333333333
03.06.2025 18:45;0,003758416666666665
03.06.2025 19:00;0,0
03.06.2025 19:15;0,0
03.06.2025 19:30;0,0
03.06.2025 19:45;0,0
03.06.2025 20:00;0,0
03.06.2025 20:15;0,0
03.06.2025 20:30;0,0
03.06.2025 20:45;0,0
03.06.2025 21:00;0,0
03.06.2025 21:15;0,0
03.06.2025 21:30;0,0
03.06.2025 21:45;0,0
03.06.2025 22:00;0,0
03.06.2025 22:15;0,0
03.06.2025 22:30;0,0
03.06.2025 22:45;0,0
03.06.2025 23:00;0,0
03.06.2025 23:15;0,0
03.06.2025 23:30;0,0
03.06.2025 23:45;0,0
04.06.2025 00:00;0,0
04.06.2025 00:15;0,0
04.06.2025 00:30;0,0
04.06.2025 00:45;0,0
04.06.2025 01:00;0,0
04.06.2025 01:15;0,0
04.06.2025 01:30;0,0
04.06.2025 01:45;0,0
04.06.2025 02:00;0,0
04.06.2025 02:15;0,0
04.06.2025 02:30;0,0
04.06.2025 02:45;0,0
04.06.2025 03:00;0,0
04.06.2025 03:15;0,0007277499999999999
04.06.2025 03:30;0,0014554999999999998
04.06.2025 03:45;0,00218325
04.06.2025 04:00;0,0029109999999999995
04.06.2025 04:15;0,01050375
04.06.2025 04:30;0,018096499999999998
04.06.2025 04:45;0,02568925
04.06.2025 05:00;0,033282
04.06.2025 05:15;0,05158475
04.06.2025 05:30;0,06988749999999999
04.06.2025 05:45;0,08819025
04.06.2025 06:00;0,106493
04.06.2025 06:15;0,12905316666666666
04.06.2025 06:30;0,15161333333333332
04.06.2025 06:45;0,1741735
04.06.2025 07:00;0,19673366666666667
04.06.2025 07:15;0,21941758333333333
04.06.2025 07:30;0,24210149999999997
04.06.2025 07:45;0,26478541666666666
04.06.2025 08:00;0,2874693333333333
04.06.2025 08:15;0,31069074999999996
04.06.2025 08:30;0,3339121666666667
04.06.2025 08:45;0,35713358333333334
04.06.2025 09:00;0,380355
04.06.2025 09:15;0,38769808333333333
04.06.2025 09:30;0,39504116666666667
04.06.2025 09:45;0,40238425
04.06.2025 10:00;0,40972733333333333
04.06.2025 10:15;0,41910475
04.06.2025 10:30;0,42848216666666666
04.06.2025 10:45;0,4378595833333333
04.06.2025 11:00;0,447237
04.06.2025 11:15;0,44043875
04.06.2025 11:30;0,4336405
04.06.2025 11:45;0,42684225
04.06.2025 12:00;0,420044
04.06.2025 12:15;0,40793799999999997
04.06.2025 12:30;0,39583199999999996
04.06.2025 12:45;0,383726
04.06.2025 13:00;0,37162
04.06.2025 13:15;0,34642875
04.06.2025 13:30;0,3212375
04.06.2025 13:45;0,29604625
04.06.2025 14:00;0,270855
04.06.2025 14:15;0,2515658333333333
04.06.2025 14:30;0,2322766666666667
04.06.2025 14:45;0,2129875
04.06.2025 15:00;0,19369833333333333
04.06.2025 15:15;0,17977083333333332
04.06.2025 15:30;0,16584333333333334
04.06.2025 15:45;0,15191583333333333
04.06.2025 16:00;0,13798833333333332
04.06.2025 16:15;0,11958116666666666
04.06.2025 16:30;0,10117399999999999
04.06.2025 16:45;0,08276683333333332
04.06.2025 17:00;0,06435966666666666
04.06.2025 17:15;0,05357516666666666
04.06.2025 17:30;0,042790666666666664
04.06.2025 17:45;0,03200616666666667
04.06.2025 18:00;0,02122166666666667
04.06.2025 18:15;0,015916250000000003
04.06.2025 18:30;0,010610833333333335
04.06.2025 18:45;0,005305416666666667
04.06.2025 19:00;0,0
04.06.2025 19:15;0,0
04.06.2025 19:30;0,0
04.06.2025 19:45;0,0
04.06.2025 20:00;0,0
04.06.2025 20:15;0,0
04.06.2025 20:30;0,0
04.06.2025 20:45;0,0
04.06.2025 21:00;0,0
04.06.2025 21:15;0,0
04.06.2025 21:30;0,0
04.06.2025 21:45;0,0
04.06.2025 22:00;0,0
04.06.2025 22:15;0,0
04.06.2025 22:30;0,0
04.06.2025 22:45;0,0
04.06.2025 23:00;0,0
04.06.2025 23:15;0,0
04.06.2025 23:30;0,0
04.06.2025 23:45;0,0
05.06.2025 00:00;0,0
05.06.2025 00:15;0,0
05.06.2025 00:30;0,0
05.06.2025 00:45;0,0
05.06.2025 01:00;0,0
05.06.2025 01:15;0,0
05.06.2025 01:30;0,0
05.06.2025 01:45;0,0
05.06.2025 02:00;0,0
05.06.2025 02:15;0,0
05.06.2025 02:30;0,0
05.06.2025 02:45;0,0
05.06.2025 03:00;0,0
05.06.2025 03:15;0,0008275
05.06.2025 03:30;0,001655
05.06.2025 03:45;0,0024825000000000003
05.06.2025 04:00;0,00331
05.06.2025 04:15;0,01173475
05.06.2025 04:30;0,0201595
05.06.2025 04:45;0,028584250000000002
05.06.2025 05:00;0,037009
05.06.2025 05:15;0,05368208333333334
05.06.2025 05:30;0,07035516666666666
05.06.2025 05:45;0,08702825
05.06.2025 06:00;0,10370133333333334
05.06.2025 06:15;0,12666183333333333
05.06.2025 06:30;0,14962233333333333
05.06.2025 06:45;0,17258283333333332
05.06.2025 07:00;0,19554333333333332
05.06.2025 07:15;0,21605316666666666
05.06.2025 07:30;0,23656299999999997
05.06.2025 07:45;0,2570728333333333
05.06.2025 08:00;0,27758266666666664
05.06.2025 08:15;0,29661174999999995
05.06.2025 08:30;0,3156408333333333
05.06.2025 08:45;0,3346699166666667
05.06.2025 09:00;0,353699
05.06.2025 09:15;0,35939283333333333
05.06.2025 09:30;0,36508666666666667
05.06.2025 09:45;0,3707805
05.06.2025 10:00;0,37647433333333336
05.06.2025 10:15;0,38522500000000004
05.06.2025 10:30;0,39397566666666667
05.06.2025 10:45;0,4027263333333333
05.06.2025 11:00;0,411477
05.06.2025 11:15;0,41789683333333333
05.06.2025 11:30;0,4243166666666667
05.06.2025 11:45;0,4307365
05.06.2025 12:00;0,43715633333333337
05.06.2025 12:15;0,42325158333333335
05.06.2025 12:30;0,4093468333333333
05.06.2025 12:45;0,39544208333333336
05.06.2025 13:00;0,38153733333333334
05.06.2025 13:15;0,3625900833333333
05.06.2025 13:30;0,34364283333333334
05.06.2025 13:45;0,32469558333333337
05.06.2025 14:00;0,30574833333333334
05.06.2025 14:15;0,2900301666666667
05.06.2025 14:30;0,274312
05.06.2025 14:45;0,2585938333333333
05.06.2025 15:00;0,24287566666666666
05.06.2025 15:15;0,22323658333333332
05.06.2025 15:30;0,2035975
05.06.2025 15:45;0,18395841666666665
05.06.2025 16:00;0,16431933333333332
05.06.2025 16:15;0,14270866666666665
05.06.2025 16:30;0,12109799999999998
05.06.2025 16:45;0,09948733333333333
05.06.2025 17:00;0,07787666666666666
05.06.2025 17:15;0,06414116666666667
05.06.2025 17:30;0,05040566666666667
05.06.2025 17:45;0,03667016666666666
05.06.2025 18:00;0,022934666666666666
05.06.2025 18:15;0,017201
05.06.2025 18:30;0,011467333333333333
05.06.2025 18:45;0,005733666666666665
05.06.2025 19:00;0,0
05.06.2025 19:15;0,0
05.06.2025 19:30;0,0
05.06.2025 19:45;0,0
05.06.2025 20:00;0,0
05.06.2025 20:15;0,0
05.06.2025 20:30;0,0
05.06.2025 20:45;0,0
05.06.2025 21:00;0,0
05.06.2025 21:15;0,0
05.06.2025 21:30;0,0
05.06.2025 21:45;0,0
05.06.2025 22:00;0,0
05.06.2025 22:15;0,0
05.06.2025 22:30;0,0
05.06.2025 22:45;0,0
05.06.2025 23:00;0,0
05.06.2025 23:15;0,0
05.06.2025 23:30;0,0
05.06.2025 23:45;0,0
06.06.2025 00:00;0,0
06.06.2025 00:15;0,0
06.06.2025 00:30;0,0
06.06.2025 00:45;0,0
06.06.2025 01:00;0,0
06.06.2025 01:15;0,0
06.06.2025 01:30;0,0
06.06.2025 01:45;0,0
06.06.2025 02:00;0,0
06.06.2025 02:15;0,0
06.06.2025 02:30;0,0
06.06.2025 02:45;0,0
06.06.2025 03:00;0,0
06.06.2025 03:15;0,00091375
06.06.2025 03:30;0,0018275
06.06.2025 03:45;0,0027412499999999998
06.06.2025 04:00;0,003655
06.06.2025 04:15;0,011973000000000001
06.06.2025 04:30;0,020291
06.06.2025 04:45;0,028609000000000002
06.06.2025 05:00;0,036927
06.06.2025 05:15;0,052928083333333334
06.06.2025 05:30;0,06892916666666667
06.06.2025 05:45;0,08493025
06.06.2025 06:00;0,10093133333333333
06.06.2025 06:15;0,12052041666666667
06.06.2025 06:30;0,1401095
06.06.2025 06:45;0,15969858333333334
06.06.2025 07:00;0,17928766666666668
06.06.2025 07:15;0,20254700000000003
06.06.2025 07:30;0,22580633333333336
06.06.2025 07:45;0,24906566666666669
06.06.2025 08:00;0,27232500000000004
06.06.2025 08:15;0,2974199166666667
06.06.2025 08:30;0,3225148333333333
06.06.2025 08:45;0,34760975
06.06.2025 09:00;0,37270466666666663
06.06.2025 09:15;0,3699250833333333
06.06.2025 09:30;0,3671455
06.06.2025 09:45;0,3643659166666667
06.06.2025 10:00;0,36158633333333334
06.06.2025 10:15;0,35353
06.06.2025 10:30;0,3454736666666667
06.06.2025 10:45;0,3374173333333333
06.06.2025 11:00;0,32936099999999996
06.06.2025 11:15;0,3195203333333333
06.06.2025 11:30;0,30967966666666663
06.06.2025 11:45;0,29983899999999997
06.06.2025 12:00;0,2899983333333333
06.06.2025 12:15;0,279898
06.06.2025 12:30;0,26979766666666666
06.06.2025 12:45;0,25969733333333334
06.06.2025 13:00;0,249597
06.06.2025 13:15;0,26851308333333335
06.06.2025 13:30;0,2874291666666667
06.06.2025 13:45;0,30634525
06.06.2025 14:00;0,32526133333333335
06.06.2025 14:15;0,31280525000000003
06.06.2025 14:30;0,30034916666666667
06.06.2025 14:45;0,2878930833333333
06.06.2025 15:00;0,275437
06.06.2025 15:15;0,25622275
06.06.2025 15:30;0,2370085
06.06.2025 15:45;0,21779425000000002
06.06.2025 16:00;0,19858
06.06.2025 16:15;0,16930191666666666
06.06.2025 16:30;0,14002383333333335
06.06.2025 16:45;0,11074575
06.06.2025 17:00;0,08146766666666667
06.06.2025 17:15;0,06699116666666667
06.06.2025 17:30;0,05251466666666667
06.06.2025 17:45;0,03803816666666666
06.06.2025 18:00;0,023561666666666665
06.06.2025 18:15;0,01767125
06.06.2025 18:30;0,011780833333333332
06.06.2025 18:45;0,005890416666666665
06.06.2025 19:00;0,0
06.06.2025 19:15;0,0
06.06.2025 19:30;0,0
06.06.2025 19:45;0,0
06.06.2025 20:00;0,0
06.06.2025 20:15;0,0
06.06.2025 20:30;0,0
06.06.2025 20:45;0,0
06.06.2025 21:00;0,0
06.06.2025 21:15;0,0
06.06.2025 21:30;0,0
06.06.2025 21:45;0,0
06.06.2025 22:00;0,0
06.06.2025 22:15;0,0
06.06.2025 22:30;0,0
06.06.2025 22:45;0,0
06.06.2025 23:00;0,0
06.06.2025 23:15;0,0
06.06.2025 23:30;0,0
06.06.2025 23:45;0,0
07.06.2025 00:00;0,0
07.06.2025 00:15;0,0
07.06.2025 00:30;0,0
07.06.2025 00:45;0,0
07.06.2025 01:00;0,0
07.06.2025 01:15;0,0
07.06.2025 01:30;0,0
07.06.2025 01:45;0,0
07.06.2025 02:00;0,0
07.06.2025 02:15;0,0
07.06.2025 02:30;0,0
07.06.2025 02:45;0,0
07.06.2025 03:00;0,0
07.06.2025 03:15;0,00057275
07.06.2025 03:30;0,0011455
07.06.2025 03:45;0,00171825
07.06.2025 04:00;0,002291
07.06.2025 04:15;0,010326749999999999
07.06.2025 04:30;0,0183625
07.06.2025 04:45;0,02639825
07.06.2025 05:00;0,034434
07.06.2025 05:15;0,0533915
07.06.2025 05:30;0,072349
07.06.2025 05:45;0,09130650000000001
07.06.2025 06:00;0,110264
07.06.2025 06:15;0,13452666666666666
07.06.2025 06:30;0,15878933333333334
07.06.2025 06:45;0,183052
07.06.2025 07:00;0,20731466666666665
07.06.2025 07:15;0,23789016666666665
07.06.2025 07:30;0,26846566666666666
07.06.2025 07:45;0,29904116666666664
07.06.2025 08:00;0,32961666666666667
07.06.2025 08:15;0,351261
07.06.2025 08:30;0,3729053333333333
07.06.2025 08:45;0,3945496666666667
07.06.2025 09:00;0,416194
07.06.2025 09:15;0,4242505833333333
07.06.2025 09:30;0,4323071666666667
07.06.2025 09:45;0,44036375
07.06.2025 10:00;0,4484203333333333
07.06.2025 10:15;0,45007199999999997
07.06.2025 10:30;0,45172366666666663
07.06.2025 10:45;0,45337533333333335
07.06.2025 11:00;0,455027
07.06.2025 11:15;0,45397208333333333
07.06.2025 11:30;0,4529171666666667
07.06.2025 11:45;0,45186225
07.06.2025 12:00;0,45080733333333334
07.06.2025 12:15;0,44375575
07.06.2025 12:30;0,43670416666666667
07.06.2025 12:45;0,42965258333333334
07.06.2025 13:00;0,422601
07.06.2025 13:15;0,40815416666666665
07.06.2025 13:30;0,3937073333333333
07.06.2025 13:45;0,3792605
07.06.2025 14:00;0,36481366666666665
07.06.2025 14:15;0,35244566666666666
07.06.2025 14:30;0,34007766666666667
07.06.2025 14:45;0,3277096666666667
07.06.2025 15:00;0,3153416666666667
07.06.2025 15:15;0,2838813333333333
07.06.2025 15:30;0,252421
07.06.2025 15:45;0,22096066666666667
07.06.2025 16:00;0,18950033333333333
07.06.2025 16:15;0,16179116666666665
07.06.2025 16:30;0,134082
07.06.2025 16:45;0,10637283333333333
07.06.2025 17:00;0,07866366666666667
07.06.2025 17:15;0,06393283333333334
07.06.2025 17:30;0,049202
07.06.2025 17:45;0,03447116666666667
07.06.2025 18:00;0,019740333333333335
07.06.2025 18:15;0,014805250000000002
07.06.2025 18:30;0,009870166666666668
07.06.2025 18:45;0,004935083333333335
07.06.2025 19:00;0,0
07.06.2025 19:15;0,0
07.06.2025 19:30;0,0
07.06.2025 19:45;0,0
07.06.2025 20:00;0,0
07.06.2025 20:15;0,0
07.06.2025 20:30;0,0
07.06.2025 20:45;0,0
07.06.2025 21:00;0,0
07.06.2025 21:15;0,0
07.06.2025 21:30;0,0
07.06.2025 21:45;0,0
07.06.2025 22:00;0,0
07.06.2025 22:15;0,0
07.06.2025 22:30;0,0
07.06.2025 22:45;0,0
07.06.2025 23:00;0,0
07.06.2025 23:15;0,0
07.06.2025 23:30;0,0
07.06.2025 23:45;0,0
08.06.2025 00:00;0,0
08.06.2025 00:15;0,0
08.06.2025 00:30;0,0
08.06.2025 00:45;0,0
08.06.2025 01:00;0,0
08.06.2025 01:15;0,0
08.06.2025 01:30;0,0
08.06.2025 01:45;0,0
08.06.2025 02:00;0,0
08.06.2025 02:15;0,0
08.06.2025 02:30;0,0
08.06.2025 02:45;0,0
08.06.2025 03:00;0,0
08.06.2025 03:15;0,00161525
08.06.2025 03:30;0,0032305
08.06.2025 03:45;0,00484575
08.06.2025 04:00;0,006461
08.06.2025 04:15;0,014815083333333333
08.06.2025 04:30;0,023169166666666664
08.06.2025 04:45;0,031523249999999996
08.06.2025 05:00;0,039877333333333334
08.06.2025 05:15;0,06258791666666667
08.06.2025 05:30;0,0852985
08.06.2025 05:45;0,10800908333333334
08.06.2025 06:00;0,13071966666666668
08.06.2025 06:15;0,16239183333333335
08.06.2025 06:30;0,19406400000000001
08.06.2025 06:45;0,22573616666666668
08.06.2025 07:00;0,25740833333333335
08.06.2025 07:15;0,2871975
08.06.2025 07:30;0,3169866666666667
08.06.2025 07:45;0,3467758333333334
08.06.2025 08:00;0,37656500000000004
08.06.2025 08:15;0,392552
08.06.2025 08:30;0,408539
08.06.2025 08:45;0,424526
08.06.2025 09:00;0,440513
08.06.2025 09:15;0,44829541666666667
08.06.2025 09:30;0,45607783333333335
08.06.2025 09:45;0,46386025000000003
08.06.2025 10:00;0,4716426666666667
08.06.2025 10:15;0,47604300000000005
08.06.2025 10:30;0,48044333333333333
08.06.2025 10:45;0,4848436666666667
08.06.2025 11:00;0,489244
08.06.2025 11:15;0,475746
08.06.2025 11:30;0,462248
08.06.2025 11:45;0,44875000000000004
08.06.2025 12:00;0,43525200000000003
08.06.2025 12:15;0,4270959166666667
08.06.2025 12:30;0,41893983333333334
08.06.2025 12:45;0,41078375
08.06.2025 13:00;0,40262766666666666
08.06.2025 13:15;0,38131575
08.06.2025 13:30;0,3600038333333333
08.06.2025 13:45;0,33869191666666665
08.06.2025 14:00;0,31738
08.06.2025 14:15;0,309471
08.06.2025 14:30;0,301562
08.06.2025 14:45;0,293653
08.06.2025 15:00;0,285744
08.06.2025 15:15;0,25724766666666665
08.06.2025 15:30;0,22875133333333333
08.06.2025 15:45;0,20025500000000002
08.06.2025 16:00;0,17175866666666667
08.06.2025 16:15;0,14626108333333335
08.06.2025 16:30;0,1207635
08.06.2025 16:45;0,09526591666666667
08.06.2025 17:00;0,06976833333333333
08.06.2025 17:15;0,057123
08.06.2025 17:30;0,044477666666666665
08.06.2025 17:45;0,03183233333333333
08.06.2025 18:00;0,019187
08.06.2025 18:15;0,01439025
08.06.2025 18:30;0,0095935
08.06.2025 18:45;0,004796749999999999
08.06.2025 19:00;0,0
08.06.2025 19:15;0,0
08.06.2025 19:30;0,0
08.06.2025 19:45;0,0
08.06.2025 20:00;0,0
08.06.2025 20:15;0,0
08.06.2025 20:30;0,0
08.06.2025 20:45;0,0
08.06.2025 21:00;0,0
08.06.2025 21:15;0,0
08.06.2025 21:30;0,0
08.06.2025 21:45;0,0
08.06.2025 22:00;0,0
08.06.2025 22:15;0,0
08.06.2025 22:30;0,0
08.06.2025 22:45;0,0
08.06.2025 23:00;0,0
08.06.2025 23:15;0,0
08.06.2025 23:30;0,0
08.06.2025 23:45;0,0
09.06.2025 00:00;0,0
09.06.2025 00:15;0,0
09.06.2025 00:30;0,0
09.06.2025 00:45;0,0
09.06.2025 01:00;0,0
09.06.2025 01:15;0,0
09.06.2025 01:30;0,0
09.06.2025 01:45;0,0
09.06.2025 02:00;0,0
09.06.2025 02:15;0,0
09.06.2025 02:30;0,0
09.06.2025 02:45;0,0
09.06.2025 03:00;0,0
09.06.2025 03:15;0,0011086666666666667
09.06.2025 03:30;0,0022173333333333333
09.06.2025 03:45;0,003326
09.06.2025 04:00;0,004434666666666667
09.06.2025 04:15;0,010674083333333334
09.06.2025 04:30;0,0169135
09.06.2025 04:45;0,02315291666666667
09.06.2025 05:00;0,029392333333333336
09.06.2025 05:15;0,04242225
09.06.2025 05:30;0,055452166666666663
09.06.2025 05:45;0,06848208333333333
09.06.2025 06:00;0,081512
09.06.2025 06:15;0,09484875000000001
09.06.2025 06:30;0,1081855
09.06.2025 06:45;0,12152225
09.06.2025 07:00;0,134859
09.06.2025 07:15;0,14631491666666668
09.06.2025 07:30;0,15777083333333336
09.06.2025 07:45;0,16922675
09.06.2025 08:00;0,18068266666666669
09.06.2025 08:15;0,19529391666666668
09.06.2025 08:30;0,20990516666666667
09.06.2025 08:45;0,22451641666666666
09.06.2025 09:00;0,23912766666666666
09.06.2025 09:15;0,24343366666666666
09.06.2025 09:30;0,24773966666666664
09.06.2025 09:45;0,25204566666666667
09.06.2025 10:00;0,25635166666666664
09.06.2025 10:15;0,26983866666666667
09.06.2025 10:30;0,28332566666666664
09.06.2025 10:45;0,2968126666666666
09.06.2025 11:00;0,31029966666666664
09.06.2025 11:15;0,3125970833333333
09.06.2025 11:30;0,31489449999999997
09.06.2025 11:45;0,3171919166666667
09.06.2025 12:00;0,31948933333333335
09.06.2025 12:15;0,31526
09.06.2025 12:30;0,3110306666666667
09.06.2025 12:45;0,3068013333333333
09.06.2025 13:00;0,30257199999999995
09.06.2025 13:15;0,3015120833333333
09.06.2025 13:30;0,30045216666666663
09.06.2025 13:45;0,29939225
09.06.2025 14:00;0,29833233333333337
09.06.2025 14:15;0,2870556666666667
09.06.2025 14:30;0,275779
09.06.2025 14:45;0,26450233333333334
09.06.2025 15:00;0,2532256666666667
09.06.2025 15:15;0,23529033333333335
09.06.2025 15:30;0,21735500000000002
09.06.2025 15:45;0,19941966666666666
09.06.2025 16:00;0,18148433333333333
09.06.2025 16:15;0,15932191666666667
09.06.2025 16:30;0,1371595
09.06.2025 16:45;0,11499708333333332
09.06.2025 17:00;0,09283466666666666
09.06.2025 17:15;0,0751925
09.06.2025 17:30;0,05755033333333333
09.06.2025 17:45;0,03990816666666666
09.06.2025 18:00;0,022266
09.06.2025 18:15;0,0166995
09.06.2025 18:30;0,011133
09.06.2025 18:45;0,005566500000000002
09.06.2025 19:00;0,0
09.06.2025 19:15;0,0
09.06.2025 19:30;0,0
09.06.2025 19:45;0,0
09.06.2025 20:00;0,0
09.06.2025 20:15;0,0
09.06.2025 20:30;0,0
09.06.2025 20:45;0,0
09.06.2025 21:00;0,0
09.06.2025 21:15;0,0
09.06.2025 21:30;0,0
09.06.2025 21:45;0,0
09.06.2025 22:00;0,0
09.06.2025 22:15;0,0
09.06.2025 22:30;0,0
09.06.2025 22:45;0,0
09.06.2025 23:00;0,0
09.06.2025 23:15;0,0
09.06.2025 23:30;0,0
09.06.2025 23:45;0,0
10.06.2025 00:00;0,0
10.06.2025 00:15;0,0
10.06.2025 00:30;0,0
10.06.2025 00:45;0,0
10.06.2025 01:00;0,0
10.06.2025 01:15;0,0
10.06.2025 01:30;0,0
10.06.2025 01:45;0,0
10.06.2025 02:00;0,0
10.06.2025 02:15;0,0
10.06.2025 02:30;0,0
10.06.2025 02:45;0,0
10.06.2025 03:00;0,0
10.06.2025 03:15;0,0015218333333333334
10.06.2025 03:30;0,0030436666666666667
10.06.2025 03:45;0,0045655
10.06.2025 04:00;0,0060873333333333335
10.06.2025 04:15;0,013247833333333334
10.06.2025 04:30;0,020408333333333334
10.06.2025 04:45;0,02756883333333333
10.06.2025 05:00;0,03472933333333333
10.06.2025 05:15;0,05901016666666666
10.06.2025 05:30;0,083291
10.06.2025 05:45;0,10757183333333334
10.06.2025 06:00;0,13185266666666667
10.06.2025 06:15;0,16032583333333333
10.06.2025 06:30;0,188799
10.06.2025 06:45;0,21727216666666666
10.06.2025 07:00;0,24574533333333332
10.06.2025 07:15;0,2815464166666667
10.06.2025 07:30;0,3173475
10.06.2025 07:45;0,3531485833333333
10.06.2025 08:00;0,3889496666666667
10.06.2025 08:15;0,37432375
10.06.2025 08:30;0,3596978333333334
10.06.2025 08:45;0,3450719166666667
10.06.2025 09:00;0,330446
10.06.2025 09:15;0,35205125000000004
10.06.2025 09:30;0,3736565
10.06.2025 09:45;0,39526174999999997
10.06.2025 10:00;0,416867
10.06.2025 10:15;0,419712
10.06.2025 10:30;0,42255699999999996
10.06.2025 10:45;0,425402
10.06.2025 11:00;0,428247
10.06.2025 11:15;0,43414658333333334
10.06.2025 11:30;0,4400461666666666
10.06.2025 11:45;0,44594575
10.06.2025 12:00;0,4518453333333333
10.06.2025 12:15;0,44145425
10.06.2025 12:30;0,43106316666666666
10.06.2025 12:45;0,42067208333333334
10.06.2025 13:00;0,410281
10.06.2025 13:15;0,3980246666666667
10.06.2025 13:30;0,3857683333333333
10.06.2025 13:45;0,37351199999999996
10.06.2025 14:00;0,36125566666666664
10.06.2025 14:15;0,341445
10.06.2025 14:30;0,32163433333333336
10.06.2025 14:45;0,30182366666666666
10.06.2025 15:00;0,282013
10.06.2025 15:15;0,2573661666666667
10.06.2025 15:30;0,23271933333333333
10.06.2025 15:45;0,2080725
10.06.2025 16:00;0,18342566666666665
10.06.2025 16:15;0,15579216666666665
10.06.2025 16:30;0,12815866666666667
10.06.2025 16:45;0,10052516666666667
10.06.2025 17:00;0,07289166666666666
10.06.2025 17:15;0,06078549999999999
10.06.2025 17:30;0,04867933333333333
10.06.2025 17:45;0,03657316666666667
10.06.2025 18:00;0,024467000000000003
10.06.2025 18:15;0,018350250000000002
10.06.2025 18:30;0,012233500000000001
10.06.2025 18:45;0,006116750000000001
10.06.2025 19:00;0,0
10.06.2025 19:15;0,0
10.06.2025 19:30;0,0
10.06.2025 19:45;0,0
10.06.2025 20:00;0,0
10.06.2025 20:15;0,0
10.06.2025 20:30;0,0
10.06.2025 20:45;0,0
10.06.2025 21:00;0,0
10.06.2025 21:15;0,0
10.06.2025 21:30;0,0
10.06.2025 21:45;0,0
10.06.2025 22:00;0,0
10.06.2025 22:15;0,0
10.06.2025 22:30;0,0
10.06.2025 22:45;0,0
10.06.2025 23:00;0,0
10.06.2025 23:15;0,0
10.06.2025 23:30;0,0
10.06.2025 23:45;0,0
11.06.2025 00:00;0,0
11.06.2025 00:15;0,0
11.06.2025 00:30;0,0
11.06.2025 00:45;0,0
11.06.2025 01:00;0,0
11.06.2025 01:15;0,0
11.06.2025 01:30;0,0
11.06.2025 01:45;0,0
11.06.2025 02:00;0,0
11.06.2025 02:15;0,0
11.06.2025 02:30;0,0
11.06.2025 02:45;0,0
11.06.2025 03:00;0,0
11.06.2025 03:15;0,0016485
11.06.2025 03:30;0,003297
11.06.2025 03:45;0,0049455
11.06.2025 04:00;0,006594
11.06.2025 04:15;0,014092916666666667
11.06.2025 04:30;0,02159183333333333
11.06.2025 04:45;0,02909075
11.06.2025 05:00;0,036589666666666666
11.06.2025 05:15;0,0557095
11.06.2025 05:30;0,07482933333333333
11.06.2025 05:45;0,09394916666666667
11.06.2025 06:00;0,113069
11.06.2025 06:15;0,13532433333333332
11.06.2025 06:30;0,15757966666666667
11.06.2025 06:45;0,17983500000000002
11.06.2025 07:00;0,20209033333333334
11.06.2025 07:15;0,21461483333333334
11.06.2025 07:30;0,22713933333333336
11.06.2025 07:45;0,23966383333333335
11.06.2025 08:00;0,25218833333333335
11.06.2025 08:15;0,270662
11.06.2025 08:30;0,2891356666666667
11.06.2025 08:45;0,30760933333333335
11.06.2025 09:00;0,326083
11.06.2025 09:15;0,33223775
11.06.2025 09:30;0,3383925
11.06.2025 09:45;0,34454725
11.06.2025 10:00;0,350702
11.06.2025 10:15;0,35513483333333334
11.06.2025 10:30;0,3595676666666667
11.06.2025 10:45;0,3640005
11.06.2025 11:00;0,36843333333333333
11.06.2025 11:15;0,37510333333333334
11.06.2025 11:30;0,38177333333333335
11.06.2025 11:45;0,38844333333333336
11.06.2025 12:00;0,39511333333333337
11.06.2025 12:15;0,38817500000000005
11.06.2025 12:30;0,38123666666666667
11.06.2025 12:45;0,3742983333333333
11.06.2025 13:00;0,36735999999999996
11.06.2025 13:15;0,36749241666666665
11.06.2025 13:30;0,3676248333333333
11.06.2025 13:45;0,36775725
11.06.2025 14:00;0,36788966666666667
11.06.2025 14:15;0,34926075
11.06.2025 14:30;0,33063183333333335
11.06.2025 14:45;0,3120029166666667
11.06.2025 15:00;0,293374
11.06.2025 15:15;0,26968891666666667
11.06.2025 15:30;0,24600383333333337
11.06.2025 15:45;0,22231875
11.06.2025 16:00;0,19863366666666668
11.06.2025 16:15;0,17130083333333335
11.06.2025 16:30;0,14396799999999998
11.06.2025 16:45;0,11663516666666666
11.06.2025 17:00;0,08930233333333333
11.06.2025 17:15;0,07405258333333334
11.06.2025 17:30;0,05880283333333333
11.06.2025 17:45;0,04355308333333333
11.06.2025 18:00;0,028303333333333333
11.06.2025 18:15;0,0212275
11.06.2025 18:30;0,014151666666666667
11.06.2025 18:45;0,007075833333333333
11.06.2025 19:00;0,0
11.06.2025 19:15;0,0
11.06.2025 19:30;0,0
11.06.2025 19:45;0,0
11.06.2025 20:00;0,0
11.06.2025 20:15;0,0
11.06.2025 20:30;0,0
11.06.2025 20:45;0,0
11.06.2025 21:00;0,0
11.06.2025 21:15;0,0
11.06.2025 21:30;0,0
11.06.2025 21:45;0,0
11.06.2025 22:00;0,0
11.06.2025 22:15;0,0
11.06.2025 22:30;0,0
11.06.2025 22:45;0,0
11.06.2025 23:00;0,0
11.06.2025 23:15;0,0
11.06.2025 23:30;0,0
11.06.2025 23:45;0,0
12.06.2025 00:00;0,0
12.06.2025 00:15;0,0
12.06.2025 00:30;0,0
12.06.2025 00:45;0,0
12.06.2025 01:00;0,0
12.06.2025 01:15;0,0
12.06.2025 01:30;0,0
12.06.2025 01:45;0,0
12.06.2025 02:00;0,0
12.06.2025 02:15;0,0
12.06.2025 02:30;0,0
12.06.2025 02:45;0,0
12.06.2025 03:00;0,0
12.06.2025 03:15;0,0012210833333333334
12.06.2025 03:30;0,0024421666666666667
12.06.2025 03:45;0,00366325
12.06.2025 04:00;0,004884333333333333
12.06.2025 04:15;0,01311275
12.06.2025 04:30;0,021341166666666668
12.06.2025 04:45;0,029569583333333333
12.06.2025 05:00;0,037798
12.06.2025 05:15;0,0541395
12.06.2025 05:30;0,070481
12.06.2025 05:45;0,0868225
12.06.2025 06:00;0,103164
12.06.2025 06:15;0,12679925
12.06.2025 06:30;0,1504345
12.06.2025 06:45;0,17406975
12.06.2025 07:00;0,197705
12.06.2025 07:15;0,203958
12.06.2025 07:30;0,21021099999999998
12.06.2025 07:45;0,216464
12.06.2025 08:00;0,222717
12.06.2025 08:15;0,2592753333333333
12.06.2025 08:30;0,29583366666666666
12.06.2025 08:45;0,332392
12.06.2025 09:00;0,3689503333333333
12.06.2025 09:15;0,381985
12.06.2025 09:30;0,39501966666666666
12.06.2025 09:45;0,4080543333333333
12.06.2025 10:00;0,421089
12.06.2025 10:15;0,42541166666666663
12.06.2025 10:30;0,42973433333333333
12.06.2025 10:45;0,434057
12.06.2025 11:00;0,43837966666666667
12.06.2025 11:15;0,4409119166666667
12.06.2025 11:30;0,4434441666666667
12.06.2025 11:45;0,4459764166666667
12.06.2025 12:00;0,4485086666666667
12.06.2025 12:15;0,43107425000000005
12.06.2025 12:30;0,4136398333333334
12.06.2025 12:45;0,3962054166666667
12.06.2025 13:00;0,378771
12.06.2025 13:15;0,36676258333333334
12.06.2025 13:30;0,3547541666666667
12.06.2025 13:45;0,34274575
12.06.2025 14:00;0,3307373333333333
12.06.2025 14:15;0,31871683333333334
12.06.2025 14:30;0,30669633333333335
12.06.2025 14:45;0,29467583333333336
12.06.2025 15:00;0,28265533333333337
12.06.2025 15:15;0,25795675
12.06.2025 15:30;0,23325816666666668
12.06.2025 15:45;0,20855958333333335
12.06.2025 16:00;0,183861
12.06.2025 16:15;0,15210366666666666
12.06.2025 16:30;0,12034633333333333
12.06.2025 16:45;0,088589
12.06.2025 17:00;0,05683166666666666
12.06.2025 17:15;0,04838683333333333
12.06.2025 17:30;0,039942
12.06.2025 17:45;0,031497166666666666
12.06.2025 18:00;0,023052333333333334
12.06.2025 18:15;0,01728925
12.06.2025 18:30;0,011526166666666667
12.06.2025 18:45;0,005763083333333332
12.06.2025 19:00;0,0
12.06.2025 19:15;0,0
12.06.2025 19:30;0,0
12.06.2025 19:45;0,0
12.06.2025 20:00;0,0
12.06.2025 20:15;0,0
12.06.2025 20:30;0,0
12.06.2025 20:45;0,0
12.06.2025 21:00;0,0
12.06.2025 21:15;0,0
12.06.2025 21:30;0,0
12.06.2025 21:45;0,0
12.06.2025 22:00;0,0
12.06.2025 22:15;0,0
12.06.2025 22:30;0,0
12.06.2025 22:45;0,0
12.06.2025 23:00;0,0
12.06.2025 23:15;0,0
12.06.2025 23:30;0,0
12.06.2025 23:45;0,0
13.06.2025 00:00;0,0
13.06.2025 00:15;0,0
13.06.2025 00:30;0,0
13.06.2025 00:45;0,0
13.06.2025 01:00;0,0
13.06.2025 01:15;0,0
13.06.2025 01:30;0,0
13.06.2025 01:45;0,0
13.06.2025 02:00;0,0
13.06.2025 02:15;0,0
13.06.2025 02:30;0,0
13.06.2025 02:45;0,0
13.06.2025 03:00;0,0
13.06.2025 03:15;0,0011880833333333333
13.06.2025 03:30;0,0023761666666666666
13.06.2025 03:45;0,0035642499999999997
13.06.2025 04:00;0,004752333333333333
13.06.2025 04:15;0,013134
13.06.2025 04:30;0,02151566666666667
13.06.2025 04:45;0,029897333333333335
13.06.2025 05:00;0,038279
13.06.2025 05:15;0,05684366666666667
13.06.2025 05:30;0,07540833333333333
13.06.2025 05:45;0,093973
13.06.2025 06:00;0,11253766666666666
13.06.2025 06:15;0,12020116666666666
13.06.2025 06:30;0,12786466666666665
13.06.2025 06:45;0,13552816666666667
13.06.2025 07:00;0,14319166666666666
13.06.2025 07:15;0,19238825
13.06.2025 07:30;0,24158483333333336
13.06.2025 07:45;0,2907814166666667
13.06.2025 08:00;0,33997800000000006
13.06.2025 08:15;0,3634098333333334
13.06.2025 08:30;0,3868416666666667
13.06.2025 08:45;0,4102735
13.06.2025 09:00;0,43370533333333333
13.06.2025 09:15;0,43377583333333336
13.06.2025 09:30;0,43384633333333333
13.06.2025 09:45;0,4339168333333333
13.06.2025 10:00;0,43398733333333334
13.06.2025 10:15;0,41039566666666666
13.06.2025 10:30;0,38680400000000004
13.06.2025 10:45;0,36321233333333336
13.06.2025 11:00;0,3396206666666667
13.06.2025 11:15;0,36903683333333337
13.06.2025 11:30;0,398453
13.06.2025 11:45;0,42786916666666663
13.06.2025 12:00;0,4572853333333333
13.06.2025 12:15;0,44698275
13.06.2025 12:30;0,43668016666666665
13.06.2025 12:45;0,42637758333333337
13.06.2025 13:00;0,41607500000000003
13.06.2025 13:15;0,40021258333333337
13.06.2025 13:30;0,38435016666666666
13.06.2025 13:45;0,36848775
13.06.2025 14:00;0,35262533333333335
13.06.2025 14:15;0,33258208333333333
13.06.2025 14:30;0,3125388333333333
13.06.2025 14:45;0,29249558333333336
13.06.2025 15:00;0,27245233333333335
13.06.2025 15:15;0,24505133333333334
13.06.2025 15:30;0,21765033333333336
13.06.2025 15:45;0,19024933333333335
13.06.2025 16:00;0,16284833333333334
13.06.2025 16:15;0,13954516666666666
13.06.2025 16:30;0,11624200000000001
13.06.2025 16:45;0,09293883333333335
13.06.2025 17:00;0,06963566666666667
13.06.2025 17:15;0,057631
13.06.2025 17:30;0,04562633333333333
13.06.2025 17:45;0,03362166666666666
13.06.2025 18:00;0,021617
13.06.2025 18:15;0,01621275
13.06.2025 18:30;0,0108085
13.06.2025 18:45;0,005404249999999999
13.06.2025 19:00;0,0
13.06.2025 19:15;0,0
13.06.2025 19:30;0,0
13.06.2025 19:45;0,0
13.06.2025 20:00;0,0
13.06.2025 20:15;0,0
13.06.2025 20:30;0,0
13.06.2025 20:45;0,0
13.06.2025 21:00;0,0
13.06.2025 21:15;0,0
13.06.2025 21:30;0,0
13.06.2025 21:45;0,0
13.06.2025 22:00;0,0
13.06.2025 22:15;0,0
13.06.2025 22:30;0,0
13.06.2025 22:45;0,0
13.06.2025 23:00;0,0
13.06.2025 23:15;0,0
13.06.2025 23:30;0,0
13.06.2025 23:45;0,0
14.06.2025 00:00;0,0
14.06.2025 00:15;0,0
14.06.2025 00:30;0,0
14.06.2025 00:45;0,0
14.06.2025 01:00;0,0
14.06.2025 01:15;0,0
14.06.2025 01:30;0,0
14.06.2025 01:45;0,0
14.06.2025 02:00;0,0
14.06.2025 02:15;0,0
14.06.2025 02:30;0,0
14.06.2025 02:45;0,0
14.06.2025 03:00;0,0
14.06.2025 03:15;0,00136775
14.06.2025 03:30;0,0027355
14.06.2025 03:45;0,00410325
14.06.2025 04:00;0,005471
14.06.2025 04:15;0,010982083333333333
14.06.2025 04:30;0,016493166666666666
14.06.2025 04:45;0,02200425
14.06.2025 05:00;0,027515333333333333
14.06.2025 05:15;0,044497666666666665
14.06.2025 05:30;0,06147999999999999
14.06.2025 05:45;0,07846233333333333
14.06.2025 06:00;0,09544466666666666
14.06.2025 06:15;0,11264866666666666
14.06.2025 06:30;0,12985266666666667
14.06.2025 06:45;0,14705666666666667
14.06.2025 07:00;0,16426066666666667
14.06.2025 07:15;0,19096325
14.06.2025 07:30;0,21766583333333334
14.06.2025 07:45;0,24436841666666667
14.06.2025 08:00;0,271071
14.06.2025 08:15;0,285148
14.06.2025 08:30;0,29922499999999996
14.06.2025 08:45;0,31330199999999997
14.06.2025 09:00;0,327379
14.06.2025 09:15;0,33738599999999996
14.06.2025 09:30;0,34739299999999995
14.06.2025 09:45;0,3574
14.06.2025 10:00;0,367407
14.06.2025 10:15;0,37830766666666665
14.06.2025 10:30;0,3892083333333333
14.06.2025 10:45;0,400109
14.06.2025 11:00;0,41100966666666666
14.06.2025 11:15;0,41160791666666663
14.06.2025 11:30;0,41220616666666665
14.06.2025 11:45;0,4128044166666667
14.06.2025 12:00;0,41340266666666664
14.06.2025 12:15;0,407139
14.06.2025 12:30;0,4008753333333333
14.06.2025 12:45;0,39461166666666664
14.06.2025 13:00;0,38834799999999997
14.06.2025 13:15;0,3866415833333333
14.06.2025 13:30;0,38493516666666666
14.06.2025 13:45;0,38322875
14.06.2025 14:00;0,38152233333333335
14.06.2025 14:15;0,3579129166666667
14.06.2025 14:30;0,3343035
14.06.2025 14:45;0,3106940833333333
14.06.2025 15:00;0,28708466666666665
14.06.2025 15:15;0,25701066666666667
14.06.2025 15:30;0,22693666666666668
14.06.2025 15:45;0,19686266666666666
14.06.2025 16:00;0,16678866666666667
14.06.2025 16:15;0,14494075
14.06.2025 16:30;0,12309283333333333
14.06.2025 16:45;0,10124491666666666
14.06.2025 17:00;0,079397
14.06.2025 17:15;0,06505925
14.06.2025 17:30;0,050721499999999996
14.06.2025 17:45;0,03638374999999999
14.06.2025 18:00;0,022046
14.06.2025 18:15;0,0165345
14.06.2025 18:30;0,011023
14.06.2025 18:45;0,005511499999999999
14.06.2025 19:00;0,0
14.06.2025 19:15;0,0
14.06.2025 19:30;0,0
14.06.2025 19:45;0,0
14.06.2025 20:00;0,0
14.06.2025 20:15;0,0
14.06.2025 20:30;0,0
14.06.2025 20:45;0,0
14.06.2025 21:00;0,0
14.06.2025 21:15;0,0
14.06.2025 21:30;0,0
14.06.2025 21:45;0,0
14.06.2025 22:00;0,0
14.06.2025 22:15;0,0
14.06.2025 22:30;0,0
14.06.2025 22:45;0,0
14.06.2025 23:00;0,0
14.06.2025 23:15;0,0
14.06.2025 23:30;0,0
14.06.2025 23:45;0,0
15.06.2025 00:00;0,0
15.06.2025 00:15;0,0
15.06.2025 00:30;0,0
15.06.2025 00:45;0,0
15.06.2025 01:00;0,0
15.06.2025 01:15;0,0
15.06.2025 01:30;0,0
15.06.2025 01:45;0,0
15.06.2025 02:00;0,0
15.06.2025 02:15;0,0
15.06.2025 02:30;0,0
15.06.2025 02:45;0,0
15.06.2025 03:00;0,0
15.06.2025 03:15;0,0012800833333333334
15.06.2025 03:30;0,0025601666666666668
15.06.2025 03:45;0,00384025
15.06.2025 04:00;0,0051203333333333335
15.06.2025 04:15;0,013035749999999999
15.06.2025 04:30;0,020951166666666667
15.06.2025 04:45;0,028866583333333334
15.06.2025 05:00;0,036781999999999995
15.06.2025 05:15;0,056556666666666665
15.06.2025 05:30;0,07633133333333333
15.06.2025 05:45;0,096106
15.06.2025 06:00;0,11588066666666667
15.06.2025 06:15;0,13792875000000002
15.06.2025 06:30;0,15997683333333335
15.06.2025 06:45;0,18202491666666668
15.06.2025 07:00;0,204073
15.06.2025 07:15;0,23808925
15.06.2025 07:30;0,2721055
15.06.2025 07:45;0,30612174999999997
15.06.2025 08:00;0,340138
15.06.2025 08:15;0,37282116666666665
15.06.2025 08:30;0,40550433333333336
15.06.2025 08:45;0,4381875
15.06.2025 09:00;0,47087066666666666
15.06.2025 09:15;0,49446025000000005
15.06.2025 09:30;0,5180498333333334
15.06.2025 09:45;0,5416394166666667
15.06.2025 10:00;0,5652290000000001
15.06.2025 10:15;0,5639082500000001
15.06.2025 10:30;0,5625875
15.06.2025 10:45;0,56126675
15.06.2025 11:00;0,559946
15.06.2025 11:15;0,5463608333333334
15.06.2025 11:30;0,5327756666666668
15.06.2025 11:45;0,5191905
15.06.2025 12:00;0,5056053333333334
15.06.2025 12:15;0,4980085833333333
15.06.2025 12:30;0,4904118333333333
15.06.2025 12:45;0,48281508333333334
15.06.2025 13:00;0,4752183333333333
15.06.2025 13:15;0,45103974999999996
15.06.2025 13:30;0,4268611666666666
15.06.2025 13:45;0,40268258333333334
15.06.2025 14:00;0,378504
15.06.2025 14:15;0,3583556666666667
15.06.2025 14:30;0,3382073333333333
15.06.2025 14:45;0,318059
15.06.2025 15:00;0,29791066666666666
15.06.2025 15:15;0,2630085
15.06.2025 15:30;0,22810633333333333
15.06.2025 15:45;0,19320416666666668
15.06.2025 16:00;0,158302
15.06.2025 16:15;0,13528375
15.06.2025 16:30;0,11226549999999999
15.06.2025 16:45;0,08924725
15.06.2025 17:00;0,066229
15.06.2025 17:15;0,05480516666666666
15.06.2025 17:30;0,04338133333333333
15.06.2025 17:45;0,0319575
15.06.2025 18:00;0,020533666666666665
15.06.2025 18:15;0,015400249999999999
15.06.2025 18:30;0,010266833333333333
15.06.2025 18:45;0,005133416666666666
15.06.2025 19:00;0,0
15.06.2025 19:15;0,0
15.06.2025 19:30;0,0
15.06.2025 19:45;0,0
15.06.2025 20:00;0,0
15.06.2025 20:15;0,0
15.06.2025 20:30;0,0
15.06.2025 20:45;0,0
15.06.2025 21:00;0,0
15.06.2025 21:15;0,0
15.06.2025 21:30;0,0
15.06.2025 21:45;0,0
15.06.2025 22:00;0,0
15.06.2025 22:15;0,0
15.06.2025 22:30;0,0
15.06.2025 22:45;0,0
15.06.2025 23:00;0,0
15.06.2025 23:15;0,0
15.06.2025 23:30;0,0
15.06.2025 23:45;0,0
16.06.2025 00:00;0,0
16.06.2025 00:15;0,0
16.06.2025 00:30;0,0
16.06.2025 00:45;0,0
16.06.2025 01:00;0,0
16.06.2025 01:15;0,0
16.06.2025 01:30;0,0
16.06.2025 01:45;0,0
16.06.2025 02:00;0,0
16.06.2025 02:15;0,0
16.06.2025 02:30;0,0
16.06.2025 02:45;0,0
16.06.2025 03:00;0,0
16.06.2025 03:15;0,0015172500000000002
16.06.2025 03:30;0,0030345000000000003
16.06.2025 03:45;0,00455175
16.06.2025 04:00;0,006069000000000001
16.06.2025 04:15;0,01335675
16.06.2025 04:30;0,0206445
16.06.2025 04:45;0,02793225
16.06.2025 05:00;0,03522
16.06.2025 05:15;0,057633500000000004
16.06.2025 05:30;0,08004700000000001
16.06.2025 05:45;0,1024605
16.06.2025 06:00;0,124874
16.06.2025 06:15;0,15479425
16.06.2025 06:30;0,1847145
16.06.2025 06:45;0,21463474999999999
16.06.2025 07:00;0,244555
16.06.2025 07:15;0,27386008333333334
16.06.2025 07:30;0,30316516666666665
16.06.2025 07:45;0,33247024999999997
16.06.2025 08:00;0,3617753333333333
16.06.2025 08:15;0,37834424999999994
16.06.2025 08:30;0,39491316666666665
16.06.2025 08:45;0,4114820833333333
16.06.2025 09:00;0,428051
16.06.2025 09:15;0,4319901666666667
16.06.2025 09:30;0,43592933333333334
16.06.2025 09:45;0,4398685
16.06.2025 10:00;0,44380766666666666
16.06.2025 10:15;0,4486998333333333
16.06.2025 10:30;0,453592
16.06.2025 10:45;0,4584841666666667
16.06.2025 11:00;0,46337633333333333
16.06.2025 11:15;0,46973041666666665
16.06.2025 11:30;0,4760845
16.06.2025 11:45;0,48243858333333334
16.06.2025 12:00;0,48879266666666665
16.06.2025 12:15;0,4823854166666667
16.06.2025 12:30;0,47597816666666665
16.06.2025 12:45;0,4695709166666666
16.06.2025 13:00;0,46316366666666664
16.06.2025 13:15;0,4461468333333333
16.06.2025 13:30;0,42913
16.06.2025 13:45;0,41211316666666664
16.06.2025 14:00;0,3950963333333333
16.06.2025 14:15;0,37864841666666665
16.06.2025 14:30;0,3622005
16.06.2025 14:45;0,3457525833333333
16.06.2025 15:00;0,32930466666666663
16.06.2025 15:15;0,30086416666666665
16.06.2025 15:30;0,2724236666666667
16.06.2025 15:45;0,2439831666666667
16.06.2025 16:00;0,2155426666666667
16.06.2025 16:15;0,18391983333333334
16.06.2025 16:30;0,15229700000000002
16.06.2025 16:45;0,12067416666666668
16.06.2025 17:00;0,08905133333333334
16.06.2025 17:15;0,07276216666666668
16.06.2025 17:30;0,05647300000000001
16.06.2025 17:45;0,04018383333333334
16.06.2025 18:00;0,023894666666666668
16.06.2025 18:15;0,017921
16.06.2025 18:30;0,011947333333333334
16.06.2025 18:45;0,005973666666666669
16.06.2025 19:00;0,0
16.06.2025 19:15;0,0
16.06.2025 19:30;0,0
16.06.2025 19:45;0,0
16.06.2025 20:00;0,0
16.06.2025 20:15;0,0
16.06.2025 20:30;0,0
16.06.2025 20:45;0,0
16.06.2025 21:00;0,0
16.06.2025 21:15;0,0
16.06.2025 21:30;0,0
16.06.2025 21:45;0,0
16.06.2025 22:00;0,0
16.06.2025 22:15;0,0
16.06.2025 22:30;0,0
16.06.2025 22:45;0,0
16.06.2025 23:00;0,0
16.06.2025 23:15;0,0
16.06.2025 23:30;0,0
16.06.2025 23:45;0,0
17.06.2025 00:00;0,0
17.06.2025 00:15;0,0
17.06.2025 00:30;0,0
17.06.2025 00:45;0,0
17.06.2025 01:00;0,0
17.06.2025 01:15;0,0
17.06.2025 01:30;0,0
17.06.2025 01:45;0,0
17.06.2025 02:00;0,0
17.06.2025 02:15;0,0
17.06.2025 02:30;0,0
17.06.2025 02:45;0,0
17.06.2025 03:00;0,0
17.06.2025 03:15;0,0012342499999999999
17.06.2025 03:30;0,0024684999999999998
17.06.2025 03:45;0,00370275
17.06.2025 04:00;0,0049369999999999995
17.06.2025 04:15;0,012067333333333333
17.06.2025 04:30;0,019197666666666665
17.06.2025 04:45;0,026327999999999997
17.06.2025 05:00;0,03345833333333333
17.06.2025 05:15;0,057443916666666664
17.06.2025 05:30;0,08142949999999999
17.06.2025 05:45;0,10541508333333333
17.06.2025 06:00;0,12940066666666666
17.06.2025 06:15;0,15065683333333332
17.06.2025 06:30;0,17191299999999998
17.06.2025 06:45;0,19316916666666667
17.06.2025 07:00;0,21442533333333333
17.06.2025 07:15;0,24415466666666666
17.06.2025 07:30;0,273884
17.06.2025 07:45;0,30361333333333335
17.06.2025 08:00;0,3333426666666667
17.06.2025 08:15;0,35630508333333333
17.06.2025 08:30;0,3792675
17.06.2025 08:45;0,4022299166666667
17.06.2025 09:00;0,42519233333333334
17.06.2025 09:15;0,44638083333333334
17.06.2025 09:30;0,4675693333333333
17.06.2025 09:45;0,4887578333333333
17.06.2025 10:00;0,5099463333333333
17.06.2025 10:15;0,5113678333333334
17.06.2025 10:30;0,5127893333333333
17.06.2025 10:45;0,5142108333333333
17.06.2025 11:00;0,5156323333333334
17.06.2025 11:15;0,5223480833333334
17.06.2025 11:30;0,5290638333333333
17.06.2025 11:45;0,5357795833333333
17.06.2025 12:00;0,5424953333333333
17.06.2025 12:15;0,53756675
17.06.2025 12:30;0,5326381666666666
17.06.2025 12:45;0,5277095833333333
17.06.2025 13:00;0,5227809999999999
17.06.2025 13:15;0,5011210833333333
17.06.2025 13:30;0,4794611666666666
17.06.2025 13:45;0,45780125
17.06.2025 14:00;0,4361413333333333
17.06.2025 14:15;0,4139359166666666
17.06.2025 14:30;0,3917305
17.06.2025 14:45;0,36952508333333334
17.06.2025 15:00;0,34731966666666664
17.06.2025 15:15;0,3129989166666666
17.06.2025 15:30;0,27867816666666667
17.06.2025 15:45;0,24435741666666666
17.06.2025 16:00;0,21003666666666668
17.06.2025 16:15;0,18054958333333335
17.06.2025 16:30;0,1510625
17.06.2025 16:45;0,12157541666666667
17.06.2025 17:00;0,09208833333333333
17.06.2025 17:15;0,07598483333333333
17.06.2025 17:30;0,05988133333333333
17.06.2025 17:45;0,04377783333333333
17.06.2025 18:00;0,027674333333333336
17.06.2025 18:15;0,020757666666666667
17.06.2025 18:30;0,013841000000000001
17.06.2025 18:45;0,006924333333333331
17.06.2025 19:00;7,666666666666667e-06
17.06.2025 19:15;5,750000000000001e-06
17.06.2025 19:30;3,833333333333334e-06
17.06.2025 19:45;1,9166666666666672e-06
17.06.2025 20:00;0,0
17.06.2025 20:15;0,0
17.06.2025 20:30;0,0
17.06.2025 20:45;0,0
17.06.2025 21:00;0,0
17.06.2025 21:15;0,0
17.06.2025 21:30;0,0
17.06.2025 21:45;0,0
17.06.2025 22:00;0,0
17.06.2025 22:15;0,0
17.06.2025 22:30;0,0
17.06.2025 22:45;0,0
17.06.2025 23:00;0,0
17.06.2025 23:15;0,0
17.06.2025 23:30;0,0
17.06.2025 23:45;0,0
18.06.2025 00:00;0,0
18.06.2025 00:15;0,0
18.06.2025 00:30;0,0
18.06.2025 00:45;0,0
18.06.2025 01:00;0,0
18.06.2025 01:15;0,0
18.06.2025 01:30;0,0
18.06.2025 01:45;0,0
18.06.2025 02:00;0,0
18.06.2025 02:15;0,0
18.06.2025 02:30;0,0
18.06.2025 02:45;0,0
18.06.2025 03:00;0,0
18.06.2025 03:15;0,001643833333333333
18.06.2025 03:30;0,003287666666666666
18.06.2025 03:45;0,004931499999999999
18.06.2025 04:00;0,006575333333333333
18.06.2025 04:15;0,015765833333333333
18.06.2025 04:30;0,02495633333333333
18.06.2025 04:45;0,03414683333333333
18.06.2025 05:00;0,04333733333333333
18.06.2025 05:15;0,07321766666666667
18.06.2025 05:30;0,103098
18.06.2025 05:45;0,13297833333333334
18.06.2025 06:00;0,16285866666666668
18.06.2025 06:15;0,2044235
18.06.2025 06:30;0,24598833333333336
18.06.2025 06:45;0,2875531666666667
18.06.2025 07:00;0,329118
18.06.2025 07:15;0,3628186666666667
18.06.2025 07:30;0,39651933333333333
18.06.2025 07:45;0,43022
18.06.2025 08:00;0,46392066666666665
18.06.2025 08:15;0,48933816666666663
18.06.2025 08:30;0,5147556666666666
18.06.2025 08:45;0,5401731666666667
18.06.2025 09:00;0,5655906666666667
18.06.2025 09:15;0,568611
18.06.2025 09:30;0,5716313333333334
18.06.2025 09:45;0,5746516666666667
18.06.2025 10:00;0,577672
18.06.2025 10:15;0,58469425
18.06.2025 10:30;0,5917165
18.06.2025 10:45;0,59873875
18.06.2025 11:00;0,605761
18.06.2025 11:15;0,5925805833333333
18.06.2025 11:30;0,5794001666666666
18.06.2025 11:45;0,56621975
18.06.2025 12:00;0,5530393333333333
18.06.2025 12:15;0,5270639166666666
18.06.2025 12:30;0,5010885
18.06.2025 12:45;0,47511308333333335
18.06.2025 13:00;0,4491376666666667
18.06.2025 13:15;0,3952741666666667
18.06.2025 13:30;0,3414106666666667
18.06.2025 13:45;0,2875471666666667
18.06.2025 14:00;0,23368366666666668
18.06.2025 14:15;0,24762341666666668
18.06.2025 14:30;0,2615631666666667
18.06.2025 14:45;0,2755029166666667
18.06.2025 15:00;0,2894426666666667
18.06.2025 15:15;0,2682175
18.06.2025 15:30;0,24699233333333334
18.06.2025 15:45;0,22576716666666669
18.06.2025 16:00;0,204542
18.06.2025 16:15;0,17381175
18.06.2025 16:30;0,1430815
18.06.2025 16:45;0,11235125
18.06.2025 17:00;0,081621
18.06.2025 17:15;0,0676225
18.06.2025 17:30;0,053624
18.06.2025 17:45;0,039625499999999994
18.06.2025 18:00;0,025627
18.06.2025 18:15;0,019222333333333334
18.06.2025 18:30;0,012817666666666666
18.06.2025 18:45;0,0064129999999999986
18.06.2025 19:00;8,333333333333334e-06
18.06.2025 19:15;6,25e-06
18.06.2025 19:30;4,166666666666667e-06
18.06.2025 19:45;2,0833333333333334e-06
18.06.2025 20:00;0,0
18.06.2025 20:15;0,0
18.06.2025 20:30;0,0
18.06.2025 20:45;0,0
18.06.2025 21:00;0,0
18.06.2025 21:15;0,0
18.06.2025 21:30;0,0
18.06.2025 21:45;0,0
18.06.2025 22:00;0,0
18.06.2025 22:15;0,0
18.06.2025 22:30;0,0
18.06.2025 22:45;0,0
18.06.2025 23:00;0,0
18.06.2025 23:15;0,0
18.06.2025 23:30;0,0
18.06.2025 23:45;0,0
19.06.2025 00:00;0,0
19.06.2025 00:15;0,0
19.06.2025 00:30;0,0
19.06.2025 00:45;0,0
19.06.2025 01:00;0,0
19.06.2025 01:15;0,0
19.06.2025 01:30;0,0
19.06.2025 01:45;0,0
19.06.2025 02:00;0,0
19.06.2025 02:15;0,0
19.06.2025 02:30;0,0
19.06.2025 02:45;0,0
19.06.2025 03:00;0,0
19.06.2025 03:15;0,0018504166666666664
19.06.2025 03:30;0,003700833333333333
19.06.2025 03:45;0,00555125
19.06.2025 04:00;0,007401666666666667
19.06.2025 04:15;0,014621083333333333
19.06.2025 04:30;0,0218405
19.06.2025 04:45;0,029059916666666664
19.06.2025 05:00;0,03627933333333333
19.06.2025 05:15;0,058880166666666664
19.06.2025 05:30;0,081481
19.06.2025 05:45;0,10408183333333333
19.06.2025 06:00;0,12668266666666667
19.06.2025 06:15;0,15594308333333334
19.06.2025 06:30;0,1852035
19.06.2025 06:45;0,21446391666666664
19.06.2025 07:00;0,24372433333333332
19.06.2025 07:15;0,27130675
19.06.2025 07:30;0,29888916666666665
19.06.2025 07:45;0,3264715833333333
19.06.2025 08:00;0,354054
19.06.2025 08:15;0,37480674999999997
19.06.2025 08:30;0,39555949999999995
19.06.2025 08:45;0,41631225
19.06.2025 09:00;0,437065
19.06.2025 09:15;0,45511741666666666
19.06.2025 09:30;0,4731698333333333
19.06.2025 09:45;0,49122224999999997
19.06.2025 10:00;0,5092746666666667
19.06.2025 10:15;0,5180154166666666
19.06.2025 10:30;0,5267561666666667
19.06.2025 10:45;0,5354969166666667
19.06.2025 11:00;0,5442376666666667
19.06.2025 11:15;0,5494045833333334
19.06.2025 11:30;0,5545715
19.06.2025 11:45;0,5597384166666667
19.06.2025 12:00;0,5649053333333334
19.06.2025 12:15;0,5452565833333334
19.06.2025 12:30;0,5256078333333334
19.06.2025 12:45;0,5059590833333333
19.06.2025 13:00;0,4863103333333333
19.06.2025 13:15;0,4755588333333333
19.06.2025 13:30;0,46480733333333335
19.06.2025 13:45;0,4540558333333333
19.06.2025 14:00;0,44330433333333336
19.06.2025 14:15;0,42716525
19.06.2025 14:30;0,4110261666666667
19.06.2025 14:45;0,39488708333333333
19.06.2025 15:00;0,378748
19.06.2025 15:15;0,3442720833333333
19.06.2025 15:30;0,30979616666666665
19.06.2025 15:45;0,27532025
19.06.2025 16:00;0,24084433333333333
19.06.2025 16:15;0,20549983333333333
19.06.2025 16:30;0,17015533333333333
19.06.2025 16:45;0,13481083333333332
19.06.2025 17:00;0,09946633333333334
19.06.2025 17:15;0,08207266666666667
19.06.2025 17:30;0,064679
19.06.2025 17:45;0,04728533333333333
19.06.2025 18:00;0,029891666666666667
19.06.2025 18:15;0,02241875
19.06.2025 18:30;0,014945833333333335
19.06.2025 18:45;0,007472916666666669
19.06.2025 19:00;0,0
19.06.2025 19:15;0,0
19.06.2025 19:30;0,0
19.06.2025 19:45;0,0
19.06.2025 20:00;0,0
19.06.2025 20:15;0,0
19.06.2025 20:30;0,0
19.06.2025 20:45;0,0
19.06.2025 21:00;0,0
19.06.2025 21:15;0,0
19.06.2025 21:30;0,0
19.06.2025 21:45;0,0
19.06.2025 22:00;0,0
19.06.2025 22:15;0,0
19.06.2025 22:30;0,0
19.06.2025 22:45;0,0
19.06.2025 23:00;0,0
19.06.2025 23:15;0,0
19.06.2025 23:30;0,0
19.06.2025 23:45;0,0
20.06.2025 00:00;0,0
20.06.2025 00:15;0,0
20.06.2025 00:30;0,0
20.06.2025 00:45;0,0
20.06.2025 01:00;0,0
20.06.2025 01:15;0,0
20.06.2025 01:30;0,0
20.06.2025 01:45;0,0
20.06.2025 02:00;0,0
20.06.2025 02:15;0,0
20.06.2025 02:30;0,0
20.06.2025 02:45;0,0
20.06.2025 03:00;0,0
20.06.2025 03:15;0,0018363333333333333
20.06.2025 03:30;0,0036726666666666665
20.06.2025 03:45;0,005508999999999999
20.06.2025 04:00;0,007345333333333333
20.06.2025 04:15;0,015628333333333334
20.06.2025 04:30;0,023911333333333333
20.06.2025 04:45;0,03219433333333334
20.06.2025 05:00;0,04047733333333334
20.06.2025 05:15;0,06848416666666668
20.06.2025 05:30;0,09649100000000001
20.06.2025 05:45;0,12449783333333334
20.06.2025 06:00;0,15250466666666668
20.06.2025 06:15;0,19054191666666667
20.06.2025 06:30;0,22857916666666667
20.06.2025 06:45;0,26661641666666663
20.06.2025 07:00;0,30465366666666666
20.06.2025 07:15;0,33307125
20.06.2025 07:30;0,36148883333333337
20.06.2025 07:45;0,3899064166666667
20.06.2025 08:00;0,41832400000000003
20.06.2025 08:15;0,43816658333333336
20.06.2025 08:30;0,4580091666666667
20.06.2025 08:45;0,47785175
20.06.2025 09:00;0,49769433333333335
20.06.2025 09:15;0,5131294166666667
20.06.2025 09:30;0,5285645
20.06.2025 09:45;0,5439995833333333
20.06.2025 10:00;0,5594346666666666
20.06.2025 10:15;0,57509875
20.06.2025 10:30;0,5907628333333332
20.06.2025 10:45;0,6064269166666666
20.06.2025 11:00;0,622091
20.06.2025 11:15;0,61911925
20.06.2025 11:30;0,6161475
20.06.2025 11:45;0,6131757499999999
20.06.2025 12:00;0,610204
20.06.2025 12:15;0,5986389166666667
20.06.2025 12:30;0,5870738333333334
20.06.2025 12:45;0,57550875
20.06.2025 13:00;0,5639436666666667
20.06.2025 13:15;0,5450740000000001
20.06.2025 13:30;0,5262043333333334
20.06.2025 13:45;0,5073346666666667
20.06.2025 14:00;0,488465
20.06.2025 14:15;0,4602848333333333
20.06.2025 14:30;0,4321046666666667
20.06.2025 14:45;0,4039245
20.06.2025 15:00;0,37574433333333335
20.06.2025 15:15;0,3410141666666667
20.06.2025 15:30;0,306284
20.06.2025 15:45;0,2715538333333333
20.06.2025 16:00;0,23682366666666665
20.06.2025 16:15;0,20143133333333332
20.06.2025 16:30;0,166039
20.06.2025 16:45;0,13064666666666666
20.06.2025 17:00;0,09525433333333333
20.06.2025 17:15;0,07818349999999999
20.06.2025 17:30;0,06111266666666666
20.06.2025 17:45;0,04404183333333333
20.06.2025 18:00;0,026971000000000002
20.06.2025 18:15;0,02022966666666667
20.06.2025 18:30;0,013488333333333337
20.06.2025 18:45;0,006747000000000003
20.06.2025 19:00;5,666666666666667e-06
20.06.2025 19:15;4,25e-06
20.06.2025 19:30;2,8333333333333335e-06
20.06.2025 19:45;1,416666666666667e-06
20.06.2025 20:00;0,0
20.06.2025 20:15;0,0
20.06.2025 20:30;0,0
20.06.2025 20:45;0,0
20.06.2025 21:00;0,0
20.06.2025 21:15;0,0
20.06.2025 21:30;0,0
20.06.2025 21:45;0,0
20.06.2025 22:00;0,0
20.06.2025 22:15;0,0
20.06.2025 22:30;0,0
20.06.2025 22:45;0,0
20.06.2025 23:00;0,0
20.06.2025 23:15;0,0
20.06.2025 23:30;0,0
20.06.2025 23:45;0,0
21.06.2025 00:00;0,0
21.06.2025 00:15;0,0
21.06.2025 00:30;0,0
21.06.2025 00:45;0,0
21.06.2025 01:00;0,0
21.06.2025 01:15;0,0
21.06.2025 01:30;0,0
21.06.2025 01:45;0,0
21.06.2025 02:00;0,0
21.06.2025 02:15;0,0
21.06.2025 02:30;0,0
21.06.2025 02:45;0,0
21.06.2025 03:00;0,0
21.06.2025 03:15;0,0013009166666666666
21.06.2025 03:30;0,002601833333333333
21.06.2025 03:45;0,00390275
21.06.2025 04:00;0,005203666666666666
21.06.2025 04:15;0,013682666666666666
21.06.2025 04:30;0,022161666666666663
21.06.2025 04:45;0,030640666666666663
21.06.2025 05:00;0,039119666666666664
21.06.2025 05:15;0,06563533333333332
21.06.2025 05:30;0,092151
21.06.2025 05:45;0,11866666666666667
21.06.2025 06:00;0,14518233333333333
21.06.2025 06:15;0,17695316666666666
21.06.2025 06:30;0,20872400000000002
21.06.2025 06:45;0,24049483333333335
21.06.2025 07:00;0,2722656666666667
21.06.2025 07:15;0,29945166666666667
21.06.2025 07:30;0,32663766666666666
21.06.2025 07:45;0,35382366666666665
21.06.2025 08:00;0,38100966666666664
21.06.2025 08:15;0,39107974999999995
21.06.2025 08:30;0,4011498333333333
21.06.2025 08:45;0,4112199166666667
21.06.2025 09:00;0,42129
21.06.2025 09:15;0,4231836666666667
21.06.2025 09:30;0,4250773333333333
21.06.2025 09:45;0,426971
21.06.2025 10:00;0,42886466666666667
21.06.2025 10:15;0,4349915833333333
21.06.2025 10:30;0,44111849999999997
21.06.2025 10:45;0,4472454166666667
21.06.2025 11:00;0,4533723333333333
21.06.2025 11:15;0,45383641666666663
21.06.2025 11:30;0,4543005
21.06.2025 11:45;0,45476458333333336
21.06.2025 12:00;0,45522866666666667
21.06.2025 12:15;0,45294333333333336
21.06.2025 12:30;0,450658
21.06.2025 12:45;0,44837266666666664
21.06.2025 13:00;0,44608733333333334
21.06.2025 13:15;0,42524008333333335
21.06.2025 13:30;0,4043928333333333
21.06.2025 13:45;0,38354558333333333
21.06.2025 14:00;0,36269833333333334
21.06.2025 14:15;0,3477911666666667
21.06.2025 14:30;0,332884
21.06.2025 14:45;0,3179768333333334
21.06.2025 15:00;0,3030696666666667
21.06.2025 15:15;0,2781699166666667
21.06.2025 15:30;0,2532701666666667
21.06.2025 15:45;0,22837041666666666
21.06.2025 16:00;0,20347066666666666
21.06.2025 16:15;0,17773091666666666
21.06.2025 16:30;0,15199116666666668
21.06.2025 16:45;0,12625141666666667
21.06.2025 17:00;0,10051166666666668
21.06.2025 17:15;0,08269625000000001
21.06.2025 17:30;0,06488083333333333
21.06.2025 17:45;0,04706541666666667
21.06.2025 18:00;0,02925
21.06.2025 18:15;0,021943916666666667
21.06.2025 18:30;0,014637833333333333
21.06.2025 18:45;0,007331749999999998
21.06.2025 19:00;2,566666666666667e-05
21.06.2025 19:15;1,925e-05
21.06.2025 19:30;1,2833333333333335e-05
21.06.2025 19:45;6,416666666666666e-06
21.06.2025 20:00;0,0
21.06.2025 20:15;0,0
21.06.2025 20:30;0,0
21.06.2025 20:45;0,0
21.06.2025 21:00;0,0
21.06.2025 21:15;0,0
21.06.2025 21:30;0,0
21.06.2025 21:45;0,0
21.06.2025 22:00;0,0
21.06.2025 22:15;0,0
21.06.2025 22:30;0,0
21.06.2025 22:45;0,0
21.06.2025 23:00;0,0
21.06.2025 23:15;0,0
21.06.2025 23:30;0,0
21.06.2025 23:45;0,0
22.06.2025 00:00;0,0
22.06.2025 00:15;0,0
22.06.2025 00:30;0,0
22.06.2025 00:45;0,0
22.06.2025 01:00;0,0
22.06.2025 01:15;0,0
22.06.2025 01:30;0,0
22.06.2025 01:45;0,0
22.06.2025 02:00;0,0
22.06.2025 02:15;0,0
22.06.2025 02:30;0,0
22.06.2025 02:45;0,0
22.06.2025 03:00;0,0
22.06.2025 03:15;0,0012914166666666666
22.06.2025 03:30;0,0025828333333333332
22.06.2025 03:45;0,0038742499999999997
22.06.2025 04:00;0,0051656666666666665
22.06.2025 04:15;0,015151916666666668
22.06.2025 04:30;0,025138166666666666
22.06.2025 04:45;0,03512441666666667
22.06.2025 05:00;0,04511066666666667
22.06.2025 05:15;0,07116691666666666
22.06.2025 05:30;0,09722316666666667
22.06.2025 05:45;0,12327941666666667
22.06.2025 06:00;0,14933566666666667
22.06.2025 06:15;0,18525858333333334
22.06.2025 06:30;0,22118150000000003
22.06.2025 06:45;0,2571044166666667
22.06.2025 07:00;0,29302733333333336
22.06.2025 07:15;0,3234716666666667
22.06.2025 07:30;0,353916
22.06.2025 07:45;0,3843603333333333
22.06.2025 08:00;0,41480466666666665
22.06.2025 08:15;0,4364285
22.06.2025 08:30;0,4580523333333333
22.06.2025 08:45;0,4796761666666666
22.06.2025 09:00;0,5013
22.06.2025 09:15;0,5146355833333334
22.06.2025 09:30;0,5279711666666667
22.06.2025 09:45;0,54130675
22.06.2025 10:00;0,5546423333333333
22.06.2025 10:15;0,5637209166666667
22.06.2025 10:30;0,5727995
22.06.2025 10:45;0,5818780833333334
22.06.2025 11:00;0,5909566666666667
22.06.2025 11:15;0,5916236666666667
22.06.2025 11:30;0,5922906666666667
22.06.2025 11:45;0,5929576666666667
22.06.2025 12:00;0,5936246666666667
22.06.2025 12:15;0,59046725
22.06.2025 12:30;0,5873098333333333
22.06.2025 12:45;0,5841524166666666
22.06.2025 13:00;0,5809949999999999
22.06.2025 13:15;0,5583976666666666
22.06.2025 13:30;0,5358003333333333
22.06.2025 13:45;0,513203
22.06.2025 14:00;0,49060566666666666
22.06.2025 14:15;0,46847633333333333
22.06.2025 14:30;0,446347
22.06.2025 14:45;0,42421766666666666
22.06.2025 15:00;0,4020883333333333
22.06.2025 15:15;0,36061266666666664
22.06.2025 15:30;0,319137
22.06.2025 15:45;0,2776613333333333
22.06.2025 16:00;0,23618566666666665
22.06.2025 16:15;0,20258983333333333
22.06.2025 16:30;0,16899399999999998
22.06.2025 16:45;0,13539816666666665
22.06.2025 17:00;0,10180233333333333
22.06.2025 17:15;0,08369183333333333
22.06.2025 17:30;0,06558133333333332
22.06.2025 17:45;0,04747083333333334
22.06.2025 18:00;0,029360333333333332
22.06.2025 18:15;0,022025083333333334
22.06.2025 18:30;0,014689833333333333
22.06.2025 18:45;0,007354583333333331
22.06.2025 19:00;1,9333333333333333e-05
22.06.2025 19:15;1,45e-05
22.06.2025 19:30;9,666666666666667e-06
22.06.2025 19:45;4,833333333333333e-06
22.06.2025 20:00;0,0
22.06.2025 20:15;0,0
22.06.2025 20:30;0,0
22.06.2025 20:45;0,0
22.06.2025 21:00;0,0
22.06.2025 21:15;0,0
22.06.2025 21:30;0,0
22.06.2025 21:45;0,0
22.06.2025 22:00;0,0
22.06.2025 22:15;0,0
22.06.2025 22:30;0,0
22.06.2025 22:45;0,0
22.06.2025 23:00;0,0
22.06.2025 23:15;0,0
22.06.2025 23:30;0,0
22.06.2025 23:45;0,0
23.06.2025 00:00;0,0
23.06.2025 00:15;0,0
23.06.2025 00:30;0,0
23.06.2025 00:45;0,0
23.06.2025 01:00;0,0
23.06.2025 01:15;0,0
23.06.2025 01:30;0,0
23.06.2025 01:45;0,0
23.06.2025 02:00;0,0
23.06.2025 02:15;0,0
23.06.2025 02:30;0,0
23.06.2025 02:45;0,0
23.06.2025 03:00;0,0
23.06.2025 03:15;0,0019611666666666666
23.06.2025 03:30;0,003922333333333333
23.06.2025 03:45;0,0058835
23.06.2025 04:00;0,007844666666666666
23.06.2025 04:15;0,015914166666666667
23.06.2025 04:30;0,023983666666666667
23.06.2025 04:45;0,03205316666666667
23.06.2025 05:00;0,04012266666666667
23.06.2025 05:15;0,07296908333333332
23.06.2025 05:30;0,10581549999999999
23.06.2025 05:45;0,13866191666666666
23.06.2025 06:00;0,17150833333333332
23.06.2025 06:15;0,21301425
23.06.2025 06:30;0,25452016666666666
23.06.2025 06:45;0,29602608333333336
23.06.2025 07:00;0,337532
23.06.2025 07:15;0,3709041666666667
23.06.2025 07:30;0,40427633333333335
23.06.2025 07:45;0,4376485
23.06.2025 08:00;0,4710206666666667
23.06.2025 08:15;0,5015625
23.06.2025 08:30;0,5321043333333333
23.06.2025 08:45;0,5626461666666667
23.06.2025 09:00;0,5931879999999999
23.06.2025 09:15;0,61400925
23.06.2025 09:30;0,6348305
23.06.2025 09:45;0,65565175
23.06.2025 10:00;0,676473
23.06.2025 10:15;0,6831005
23.06.2025 10:30;0,689728
23.06.2025 10:45;0,6963555
23.06.2025 11:00;0,702983
23.06.2025 11:15;0,6972735
23.06.2025 11:30;0,6915640000000001
23.06.2025 11:45;0,6858545
23.06.2025 12:00;0,680145
23.06.2025 12:15;0,6721900000000001
23.06.2025 12:30;0,664235
23.06.2025 12:45;0,65628
23.06.2025 13:00;0,648325
23.06.2025 13:15;0,62095025
23.06.2025 13:30;0,5935755
23.06.2025 13:45;0,56620075
23.06.2025 14:00;0,538826
23.06.2025 14:15;0,5107983333333334
23.06.2025 14:30;0,4827706666666667
23.06.2025 14:45;0,454743
23.06.2025 15:00;0,42671533333333334
23.06.2025 15:15;0,39055566666666663
23.06.2025 15:30;0,354396
23.06.2025 15:45;0,31823633333333334
23.06.2025 16:00;0,28207666666666664
23.06.2025 16:15;0,2409228333333333
23.06.2025 16:30;0,19976899999999997
23.06.2025 16:45;0,15861516666666664
23.06.2025 17:00;0,11746133333333333
23.06.2025 17:15;0,09630058333333333
23.06.2025 17:30;0,07513983333333334
23.06.2025 17:45;0,053979083333333344
23.06.2025 18:00;0,03281833333333333
23.06.2025 18:15;0,024628999999999998
23.06.2025 18:30;0,016439666666666665
23.06.2025 18:45;0,008250333333333332
23.06.2025 19:00;6,1e-05
23.06.2025 19:15;4,575e-05
23.06.2025 19:30;3,0499999999999996e-05
23.06.2025 19:45;1,5249999999999998e-05
23.06.2025 20:00;0,0
23.06.2025 20:15;0,0
23.06.2025 20:30;0,0
23.06.2025 20:45;0,0
23.06.2025 21:00;0,0
23.06.2025 21:15;0,0
23.06.2025 21:30;0,0
23.06.2025 21:45;0,0
23.06.2025 22:00;0,0
23.06.2025 22:15;0,0
23.06.2025 22:30;0,0
23.06.2025 22:45;0,0
23.06.2025 23:00;0,0
23.06.2025 23:15;0,0
23.06.2025 23:30;0,0
23.06.2025 23:45;0,0
24.06.2025 00:00;0,0
24.06.2025 00:15;0,0
24.06.2025 00:30;0,0
24.06.2025 00:45;0,0
24.06.2025 01:00;0,0
24.06.2025 01:15;0,0
24.06.2025 01:30;0,0
24.06.2025 01:45;0,0
24.06.2025 02:00;0,0
24.06.2025 02:15;0,0
24.06.2025 02:30;0,0
24.06.2025 02:45;0,0
24.06.2025 03:00;0,0
24.06.2025 03:15;0,00172
24.06.2025 03:30;0,00344
24.06.2025 03:45;0,00516
24.06.2025 04:00;0,00688
24.06.2025 04:15;0,01453858333333333
24.06.2025 04:30;0,022197166666666664
24.06.2025 04:45;0,029855749999999997
24.06.2025 05:00;0,03751433333333333
24.06.2025 05:15;0,06423933333333334
24.06.2025 05:30;0,09096433333333334
24.06.2025 05:45;0,11768933333333334
24.06.2025 06:00;0,14441433333333334
24.06.2025 06:15;0,17366566666666666
24.06.2025 06:30;0,20291700000000001
24.06.2025 06:45;0,2321683333333333
24.06.2025 07:00;0,26141966666666666
24.06.2025 07:15;0,29080775
24.06.2025 07:30;0,32019583333333335
24.06.2025 07:45;0,34958391666666666
24.06.2025 08:00;0,378972
24.06.2025 08:15;0,40821783333333334
24.06.2025 08:30;0,4374636666666667
24.06.2025 08:45;0,4667095
24.06.2025 09:00;0,49595533333333336
24.06.2025 09:15;0,5083347500000001
24.06.2025 09:30;0,5207141666666667
24.06.2025 09:45;0,5330935833333333
24.06.2025 10:00;0,545473
24.06.2025 10:15;0,5491381666666667
24.06.2025 10:30;0,5528033333333333
24.06.2025 10:45;0,5564685
24.06.2025 11:00;0,5601336666666668
24.06.2025 11:15;0,5623658333333335
24.06.2025 11:30;0,564598
24.06.2025 11:45;0,5668301666666666
24.06.2025 12:00;0,5690623333333333
24.06.2025 12:15;0,56149775
24.06.2025 12:30;0,5539331666666667
24.06.2025 12:45;0,5463685833333334
24.06.2025 13:00;0,5388040000000001
24.06.2025 13:15;0,5285874166666668
24.06.2025 13:30;0,5183708333333333
24.06.2025 13:45;0,50815425
24.06.2025 14:00;0,49793766666666667
24.06.2025 14:15;0,47515025
24.06.2025 14:30;0,4523628333333333
24.06.2025 14:45;0,42957541666666665
24.06.2025 15:00;0,406788
24.06.2025 15:15;0,37125858333333334
24.06.2025 15:30;0,33572916666666663
24.06.2025 15:45;0,30019975
24.06.2025 16:00;0,26467033333333334
24.06.2025 16:15;0,22663875
24.06.2025 16:30;0,18860716666666666
24.06.2025 16:45;0,15057558333333332
24.06.2025 17:00;0,11254399999999999
24.06.2025 17:15;0,09250858333333332
24.06.2025 17:30;0,07247316666666666
24.06.2025 17:45;0,052437749999999984
24.06.2025 18:00;0,03240233333333333
24.06.2025 18:15;0,024320083333333332
24.06.2025 18:30;0,016237833333333333
24.06.2025 18:45;0,008155583333333334
24.06.2025 19:00;7,333333333333333e-05
24.06.2025 19:15;5,4999999999999995e-05
24.06.2025 19:30;3,6666666666666666e-05
24.06.2025 19:45;1,833333333333333e-05
24.06.2025 20:00;0,0
24.06.2025 20:15;0,0
24.06.2025 20:30;0,0
24.06.2025 20:45;0,0
24.06.2025 21:00;0,0
24.06.2025 21:15;0,0
24.06.2025 21:30;0,0
24.06.2025 21:45;0,0
24.06.2025 22:00;0,0
24.06.2025 22:15;0,0
24.06.2025 22:30;0,0
24.06.2025 22:45;0,0
24.06.2025 23:00;0,0
24.06.2025 23:15;0,0
24.06.2025 23:30;0,0
24.06.2025 23:45;0,0
25.06.2025 00:00;0,0
25.06.2025 00:15;0,0
25.06.2025 00:30;0,0
25.06.2025 00:45;0,0
25.06.2025 01:00;0,0
25.06.2025 01:15;0,0
25.06.2025 01:30;0,0
25.06.2025 01:45;0,0
25.06.2025 02:00;0,0
25.06.2025 02:15;0,0
25.06.2025 02:30;0,0
25.06.2025 02:45;0,0
25.06.2025 03:00;0,0
25.06.2025 03:15;0,00139025
25.06.2025 03:30;0,0027805
25.06.2025 03:45;0,00417075
25.06.2025 04:00;0,005561
25.06.2025 04:15;0,011991916666666665
25.06.2025 04:30;0,018422833333333333
25.06.2025 04:45;0,024853749999999997
25.06.2025 05:00;0,03128466666666666
25.06.2025 05:15;0,054765916666666664
25.06.2025 05:30;0,07824716666666667
25.06.2025 05:45;0,10172841666666665
25.06.2025 06:00;0,12520966666666666
25.06.2025 06:15;0,15780133333333332
25.06.2025 06:30;0,19039299999999998
25.06.2025 06:45;0,22298466666666664
25.06.2025 07:00;0,2555763333333333
25.06.2025 07:15;0,28332749999999995
25.06.2025 07:30;0,3110786666666666
25.06.2025 07:45;0,33882983333333333
25.06.2025 08:00;0,366581
25.06.2025 08:15;0,3908010833333333
25.06.2025 08:30;0,41502116666666666
25.06.2025 08:45;0,43924124999999997
25.06.2025 09:00;0,4634613333333333
25.06.2025 09:15;0,47803266666666666
25.06.2025 09:30;0,492604
25.06.2025 09:45;0,5071753333333333
25.06.2025 10:00;0,5217466666666667
25.06.2025 10:15;0,5232999166666666
25.06.2025 10:30;0,5248531666666667
25.06.2025 10:45;0,5264064166666667
25.06.2025 11:00;0,5279596666666666
25.06.2025 11:15;0,534486
25.06.2025 11:30;0,5410123333333333
25.06.2025 11:45;0,5475386666666666
25.06.2025 12:00;0,554065
25.06.2025 12:15;0,545065
25.06.2025 12:30;0,536065
25.06.2025 12:45;0,527065
25.06.2025 13:00;0,518065
25.06.2025 13:15;0,498554
25.06.2025 13:30;0,479043
25.06.2025 13:45;0,459532
25.06.2025 14:00;0,440021
25.06.2025 14:15;0,42340575
25.06.2025 14:30;0,4067905
25.06.2025 14:45;0,39017525
25.06.2025 15:00;0,37356
25.06.2025 15:15;0,34236475
25.06.2025 15:30;0,3111695
25.06.2025 15:45;0,27997425
25.06.2025 16:00;0,248779
25.06.2025 16:15;0,21232133333333333
25.06.2025 16:30;0,17586366666666667
25.06.2025 16:45;0,139406
25.06.2025 17:00;0,10294833333333334
25.06.2025 17:15;0,08478216666666667
25.06.2025 17:30;0,06661600000000001
25.06.2025 17:45;0,04844983333333333
25.06.2025 18:00;0,030283666666666667
25.06.2025 18:15;0,022726333333333334
25.06.2025 18:30;0,015169000000000002
25.06.2025 18:45;0,007611666666666669
25.06.2025 19:00;5,433333333333333e-05
25.06.2025 19:15;4,075e-05
25.06.2025 19:30;2,7166666666666665e-05
25.06.2025 19:45;1,358333333333333e-05
25.06.2025 20:00;0,0
25.06.2025 20:15;0,0
25.06.2025 20:30;0,0
25.06.2025 20:45;0,0
25.06.2025 21:00;0,0
25.06.2025 21:15;0,0
25.06.2025 21:30;0,0
25.06.2025 21:45;0,0
25.06.2025 22:00;0,0
25.06.2025 22:15;0,0
25.06.2025 22:30;0,0
25.06.2025 22:45;0,0
25.06.2025 23:00;0,0
25.06.2025 23:15;0,0
25.06.2025 23:30;0,0
25.06.2025 23:45;0,0
26.06.2025 00:00;0,0
26.06.2025 00:15;0,0
26.06.2025 00:30;0,0
26.06.2025 00:45;0,0
26.06.2025 01:00;0,0
26.06.2025 01:15;0,0
26.06.2025 01:30;0,0
26.06.2025 01:45;0,0
26.06.2025 02:00;0,0
26.06.2025 02:15;0,0
26.06.2025 02:30;0,0
26.06.2025 02:45;0,0
26.06.2025 03:00;0,0
26.06.2025 03:15;0,0019195833333333335
26.06.2025 03:30;0,003839166666666667
26.06.2025 03:45;0,00575875
26.06.2025 04:00;0,007678333333333333
26.06.2025 04:15;0,01572125
26.06.2025 04:30;0,023764166666666666
26.06.2025 04:45;0,03180708333333333
26.06.2025 05:00;0,039850000000000003
26.06.2025 05:15;0,07054075
26.06.2025 05:30;0,1012315
26.06.2025 05:45;0,13192225
26.06.2025 06:00;0,16261299999999998
26.06.2025 06:15;0,20647474999999998
26.06.2025 06:30;0,25033649999999996
26.06.2025 06:45;0,29419825
26.06.2025 07:00;0,33805999999999997
26.06.2025 07:15;0,37117524999999996
26.06.2025 07:30;0,4042905
26.06.2025 07:45;0,43740575
26.06.2025 08:00;0,47052099999999997
26.06.2025 08:15;0,4873274166666667
26.06.2025 08:30;0,5041338333333334
26.06.2025 08:45;0,52094025
26.06.2025 09:00;0,5377466666666667
26.06.2025 09:15;0,5456295833333333
26.06.2025 09:30;0,5535125000000001
26.06.2025 09:45;0,5613954166666667
26.06.2025 10:00;0,5692783333333333
26.06.2025 10:15;0,574875
26.06.2025 10:30;0,5804716666666667
26.06.2025 10:45;0,5860683333333333
26.06.2025 11:00;0,591665
26.06.2025 11:15;0,5806334166666667
26.06.2025 11:30;0,5696018333333333
26.06.2025 11:45;0,5585702499999999
26.06.2025 12:00;0,5475386666666666
26.06.2025 12:15;0,5249286666666666
26.06.2025 12:30;0,5023186666666667
26.06.2025 12:45;0,47970866666666667
26.06.2025 13:00;0,4570986666666667
26.06.2025 13:15;0,443155
26.06.2025 13:30;0,42921133333333333
26.06.2025 13:45;0,41526766666666665
26.06.2025 14:00;0,40132399999999996
26.06.2025 14:15;0,3826723333333333
26.06.2025 14:30;0,36402066666666666
26.06.2025 14:45;0,34536900000000004
26.06.2025 15:00;0,32671733333333336
26.06.2025 15:15;0,2960619166666667
26.06.2025 15:30;0,2654065
26.06.2025 15:45;0,23475108333333333
26.06.2025 16:00;0,20409566666666665
26.06.2025 16:15;0,17559541666666664
26.06.2025 16:30;0,14709516666666667
26.06.2025 16:45;0,11859491666666666
26.06.2025 17:00;0,09009466666666667
26.06.2025 17:15;0,07389391666666667
26.06.2025 17:30;0,05769316666666667
26.06.2025 17:45;0,04149241666666667
26.06.2025 18:00;0,025291666666666667
26.06.2025 18:15;0,018979583333333334
26.06.2025 18:30;0,0126675
26.06.2025 18:45;0,0063554166666666655
26.06.2025 19:00;4,3333333333333334e-05
26.06.2025 19:15;3,2500000000000004e-05
26.06.2025 19:30;2,1666666666666667e-05
26.06.2025 19:45;1,0833333333333337e-05
26.06.2025 20:00;0,0
26.06.2025 20:15;0,0
26.06.2025 20:30;0,0
26.06.2025 20:45;0,0
26.06.2025 21:00;0,0
26.06.2025 21:15;0,0
26.06.2025 21:30;0,0
26.06.2025 21:45;0,0
26.06.2025 22:00;0,0
26.06.2025 22:15;0,0
26.06.2025 22:30;0,0
26.06.2025 22:45;0,0
26.06.2025 23:00;0,0
26.06.2025 23:15;0,0
26.06.2025 23:30;0,0
26.06.2025 23:45;0,0
27.06.2025 00:00;0,0
27.06.2025 00:15;0,0
27.06.2025 00:30;0,0
27.06.2025 00:45;0,0
27.06.2025 01:00;0,0
27.06.2025 01:15;0,0
27.06.2025 01:30;0,0
27.06.2025 01:45;0,0
27.06.2025 02:00;0,0
27.06.2025 02:15;0,0
27.06.2025 02:30;0,0
27.06.2025 02:45;0,0
27.06.2025 03:00;0,0
27.06.2025 03:15;0,0011993333333333333
27.06.2025 03:30;0,0023986666666666666
27.06.2025 03:45;0,0035979999999999996
27.06.2025 04:00;0,004797333333333333
27.06.2025 04:15;0,013519999999999997
27.06.2025 04:30;0,022242666666666664
27.06.2025 04:45;0,030965333333333327
27.06.2025 05:00;0,039687999999999994
27.06.2025 05:15;0,06303358333333332
27.06.2025 05:30;0,08637916666666665
27.06.2025 05:45;0,10972474999999998
27.06.2025 06:00;0,13307033333333332
27.06.2025 06:15;0,16660375
27.06.2025 06:30;0,2001371666666667
27.06.2025 06:45;0,23367058333333338
27.06.2025 07:00;0,26720400000000005
27.06.2025 07:15;0,29830808333333336
27.06.2025 07:30;0,3294121666666667
27.06.2025 07:45;0,36051625
27.06.2025 08:00;0,3916203333333333
27.06.2025 08:15;0,4238350833333333
27.06.2025 08:30;0,4560498333333334
27.06.2025 08:45;0,4882645833333334
27.06.2025 09:00;0,5204793333333334
27.06.2025 09:15;0,5444816666666668
27.06.2025 09:30;0,568484
27.06.2025 09:45;0,5924863333333333
27.06.2025 10:00;0,6164886666666667
27.06.2025 10:15;0,62697775
27.06.2025 10:30;0,6374668333333333
27.06.2025 10:45;0,6479559166666667
27.06.2025 11:00;0,6584450000000001
27.06.2025 11:15;0,663657
27.06.2025 11:30;0,6688689999999999
27.06.2025 11:45;0,6740809999999999
27.06.2025 12:00;0,6792929999999999
27.06.2025 12:15;0,66027025
27.06.2025 12:30;0,6412475
27.06.2025 12:45;0,62222475
27.06.2025 13:00;0,603202
27.06.2025 13:15;0,5791104166666667
27.06.2025 13:30;0,5550188333333334
27.06.2025 13:45;0,53092725
27.06.2025 14:00;0,5068356666666667
27.06.2025 14:15;0,47927833333333336
27.06.2025 14:30;0,45172100000000004
27.06.2025 14:45;0,42416366666666666
27.06.2025 15:00;0,39660633333333334
27.06.2025 15:15;0,3631028333333333
27.06.2025 15:30;0,32959933333333336
27.06.2025 15:45;0,29609583333333334
27.06.2025 16:00;0,2625923333333333
27.06.2025 16:15;0,22478541666666665
27.06.2025 16:30;0,1869785
27.06.2025 16:45;0,14917158333333333
27.06.2025 17:00;0,11136466666666668
27.06.2025 17:15;0,09118533333333334
27.06.2025 17:30;0,07100600000000001
27.06.2025 17:45;0,05082666666666667
27.06.2025 18:00;0,030647333333333335
27.06.2025 18:15;0,02300141666666667
27.06.2025 18:30;0,015355500000000001
27.06.2025 18:45;0,007709583333333336
27.06.2025 19:00;6,366666666666668e-05
27.06.2025 19:15;4,775000000000001e-05
27.06.2025 19:30;3,183333333333334e-05
27.06.2025 19:45;1,591666666666667e-05
27.06.2025 20:00;0,0
27.06.2025 20:15;0,0
27.06.2025 20:30;0,0
27.06.2025 20:45;0,0
27.06.2025 21:00;0,0
27.06.2025 21:15;0,0
27.06.2025 21:30;0,0
27.06.2025 21:45;0,0
27.06.2025 22:00;0,0
27.06.2025 22:15;0,0
27.06.2025 22:30;0,0
27.06.2025 22:45;0,0
27.06.2025 23:00;0,0
27.06.2025 23:15;0,0
27.06.2025 23:30;0,0
27.06.2025 23:45;0,0
28.06.2025 00:00;0,0
28.06.2025 00:15;0,0
28.06.2025 00:30;0,0
28.06.2025 00:45;0,0
28.06.2025 01:00;0,0
28.06.2025 01:15;0,0
28.06.2025 01:30;0,0
28.06.2025 01:45;0,0
28.06.2025 02:00;0,0
28.06.2025 02:15;0,0
28.06.2025 02:30;0,0
28.06.2025 02:45;0,0
28.06.2025 03:00;0,0
28.06.2025 03:15;0,0013991666666666666
28.06.2025 03:30;0,0027983333333333332
28.06.2025 03:45;0,0041975
28.06.2025 04:00;0,0055966666666666665
28.06.2025 04:15;0,012207166666666667
28.06.2025 04:30;0,018817666666666667
28.06.2025 04:45;0,025428166666666665
28.06.2025 05:00;0,03203866666666667
28.06.2025 05:15;0,05991925
28.06.2025 05:30;0,08779983333333333
28.06.2025 05:45;0,11568041666666667
28.06.2025 06:00;0,143561
28.06.2025 06:15;0,185357
28.06.2025 06:30;0,227153
28.06.2025 06:45;0,268949
28.06.2025 07:00;0,310745
28.06.2025 07:15;0,34224716666666666
28.06.2025 07:30;0,3737493333333333
28.06.2025 07:45;0,4052515
28.06.2025 08:00;0,43675366666666665
28.06.2025 08:15;0,4529285833333333
28.06.2025 08:30;0,4691035
28.06.2025 08:45;0,48527841666666666
28.06.2025 09:00;0,5014533333333333
28.06.2025 09:15;0,52352575
28.06.2025 09:30;0,5455981666666667
28.06.2025 09:45;0,5676705833333333
28.06.2025 10:00;0,589743
28.06.2025 10:15;0,5983206666666667
28.06.2025 10:30;0,6068983333333333
28.06.2025 10:45;0,615476
28.06.2025 11:00;0,6240536666666667
28.06.2025 11:15;0,6109868333333334
28.06.2025 11:30;0,59792
28.06.2025 11:45;0,5848531666666668
28.06.2025 12:00;0,5717863333333334
28.06.2025 12:15;0,5583054166666667
28.06.2025 12:30;0,5448245
28.06.2025 12:45;0,5313435833333333
28.06.2025 13:00;0,5178626666666667
28.06.2025 13:15;0,5020223333333333
28.06.2025 13:30;0,486182
28.06.2025 13:45;0,47034166666666666
28.06.2025 14:00;0,4545013333333333
28.06.2025 14:15;0,4186471666666667
28.06.2025 14:30;0,382793
28.06.2025 14:45;0,3469388333333333
28.06.2025 15:00;0,3110846666666667
28.06.2025 15:15;0,2844475
28.06.2025 15:30;0,25781033333333336
28.06.2025 15:45;0,23117316666666665
28.06.2025 16:00;0,204536
28.06.2025 16:15;0,17323983333333332
28.06.2025 16:30;0,14194366666666666
28.06.2025 16:45;0,1106475
28.06.2025 17:00;0,07935133333333333
28.06.2025 17:15;0,0648145
28.06.2025 17:30;0,050277666666666665
28.06.2025 17:45;0,03574083333333333
28.06.2025 18:00;0,021204
28.06.2025 18:15;0,015920166666666666
28.06.2025 18:30;0,010636333333333334
28.06.2025 18:45;0,0053525
28.06.2025 19:00;6,866666666666668e-05
28.06.2025 19:15;5,1500000000000005e-05
28.06.2025 19:30;3,433333333333334e-05
28.06.2025 19:45;1,7166666666666673e-05
28.06.2025 20:00;0,0
28.06.2025 20:15;0,0
28.06.2025 20:30;0,0
28.06.2025 20:45;0,0
28.06.2025 21:00;0,0
28.06.2025 21:15;0,0
28.06.2025 21:30;0,0
28.06.2025 21:45;0,0
28.06.2025 22:00;0,0
28.06.2025 22:15;0,0
28.06.2025 22:30;0,0
28.06.2025 22:45;0,0
28.06.2025 23:00;0,0
28.06.2025 23:15;0,0
28.06.2025 23:30;0,0
28.06.2025 23:45;0,0
29.06.2025 00:00;0,0
29.06.2025 00:15;0,0
29.06.2025 00:30;0,0
29.06.2025 00:45;0,0
29.06.2025 01:00;0,0
29.06.2025 01:15;0,0
29.06.2025 01:30;0,0
29.06.2025 01:45;0,0
29.06.2025 02:00;0,0
29.06.2025 02:15;0,0
29.06.2025 02:30;0,0
29.06.2025 02:45;0,0
29.06.2025 03:00;0,0
29.06.2025 03:15;0,0010828333333333334
29.06.2025 03:30;0,002165666666666667
29.06.2025 03:45;0,0032485000000000005
29.06.2025 04:00;0,004331333333333334
29.06.2025 04:15;0,010395000000000001
29.06.2025 04:30;0,016458666666666667
29.06.2025 04:45;0,02252233333333333
29.06.2025 05:00;0,028586
29.06.2025 05:15;0,05141283333333334
29.06.2025 05:30;0,07423966666666668
29.06.2025 05:45;0,0970665
29.06.2025 06:00;0,11989333333333334
29.06.2025 06:15;0,15231
29.06.2025 06:30;0,18472666666666665
29.06.2025 06:45;0,21714333333333333
29.06.2025 07:00;0,24955999999999998
29.06.2025 07:15;0,27827874999999996
29.06.2025 07:30;0,3069975
29.06.2025 07:45;0,33571625
29.06.2025 08:00;0,364435
29.06.2025 08:15;0,38196025
29.06.2025 08:30;0,3994855
29.06.2025 08:45;0,41701075
29.06.2025 09:00;0,434536
29.06.2025 09:15;0,4533050833333333
29.06.2025 09:30;0,4720741666666667
29.06.2025 09:45;0,49084325
29.06.2025 10:00;0,5096123333333333
29.06.2025 10:15;0,5193453333333333
29.06.2025 10:30;0,5290783333333333
29.06.2025 10:45;0,5388113333333334
29.06.2025 11:00;0,5485443333333334
29.06.2025 11:15;0,5515733333333334
29.06.2025 11:30;0,5546023333333334
29.06.2025 11:45;0,5576313333333334
29.06.2025 12:00;0,5606603333333333
29.06.2025 12:15;0,5556929166666666
29.06.2025 12:30;0,5507255
29.06.2025 12:45;0,5457580833333333
29.06.2025 13:00;0,5407906666666666
29.06.2025 13:15;0,52303075
29.06.2025 13:30;0,5052708333333333
29.06.2025 13:45;0,4875109166666666
29.06.2025 14:00;0,469751
29.06.2025 14:15;0,45464
29.06.2025 14:30;0,439529
29.06.2025 14:45;0,424418
29.06.2025 15:00;0,40930700000000003
29.06.2025 15:15;0,37158158333333335
29.06.2025 15:30;0,3338561666666667
29.06.2025 15:45;0,29613075
29.06.2025 16:00;0,2584053333333333
29.06.2025 16:15;0,21935608333333334
29.06.2025 16:30;0,18030683333333333
29.06.2025 16:45;0,14125758333333333
29.06.2025 17:00;0,10220833333333333
29.06.2025 17:15;0,08454975
29.06.2025 17:30;0,06689116666666667
29.06.2025 17:45;0,049232583333333337
29.06.2025 18:00;0,031574
29.06.2025 18:15;0,023691666666666666
29.06.2025 18:30;0,01580933333333333
29.06.2025 18:45;0,007927
29.06.2025 19:00;4,466666666666667e-05
29.06.2025 19:15;3,35e-05
29.06.2025 19:30;2,2333333333333335e-05
29.06.2025 19:45;1,116666666666667e-05
29.06.2025 20:00;0,0
29.06.2025 20:15;0,0
29.06.2025 20:30;0,0
29.06.2025 20:45;0,0
29.06.2025 21:00;0,0
29.06.2025 21:15;0,0
29.06.2025 21:30;0,0
29.06.2025 21:45;0,0
29.06.2025 22:00;0,0
29.06.2025 22:15;0,0
29.06.2025 22:30;0,0
29.06.2025 22:45;0,0
29.06.2025 23:00;0,0
29.06.2025 23:15;0,0
29.06.2025 23:30;0,0
29.06.2025 23:45;0,0
30.06.2025 00:00;0,0
30.06.2025 00:15;0,0
30.06.2025 00:30;0,0
30.06.2025 00:45;0,0
30.06.2025 01:00;0,0
30.06.2025 01:15;0,0
30.06.2025 01:30;0,0
30.06.2025 01:45;0,0
30.06.2025 02:00;0,0
30.06.2025 02:15;0,0
30.06.2025 02:30;0,0
30.06.2025 02:45;0,0
30.06.2025 03:00;0,0
30.06.2025 03:15;0,0017345
30.06.2025 03:30;0,003469
30.06.2025 03:45;0,0052035
30.06.2025 04:00;0,006938
30.06.2025 04:15;0,014314083333333331
30.06.2025 04:30;0,021690166666666663
30.06.2025 04:45;0,02906625
30.06.2025 05:00;0,036442333333333334
30.06.2025 05:15;0,06526391666666667
30.06.2025 05:30;0,09408549999999999
30.06.2025 05:45;0,12290708333333333
30.06.2025 06:00;0,15172866666666665
30.06.2025 06:15;0,19030841666666665
30.06.2025 06:30;0,22888816666666667
30.06.2025 06:45;0,2674679166666667
30.06.2025 07:00;0,30604766666666666
30.06.2025 07:15;0,3375455833333333
30.06.2025 07:30;0,36904349999999997
30.06.2025 07:45;0,40054141666666665
30.06.2025 08:00;0,4320393333333333
30.06.2025 08:15;0,4555295833333333
30.06.2025 08:30;0,4790198333333333
30.06.2025 08:45;0,5025100833333334
30.06.2025 09:00;0,5260003333333334
30.06.2025 09:15;0,5443413333333333
30.06.2025 09:30;0,5626823333333334
30.06.2025 09:45;0,5810233333333334
30.06.2025 10:00;0,5993643333333334
30.06.2025 10:15;0,60955475
30.06.2025 10:30;0,6197451666666667
30.06.2025 10:45;0,6299355833333333
30.06.2025 11:00;0,640126
30.06.2025 11:15;0,6354995833333333
30.06.2025 11:30;0,6308731666666667
30.06.2025 11:45;0,62624675
30.06.2025 12:00;0,6216203333333333
30.06.2025 12:15;0,6158124166666666
30.06.2025 12:30;0,6100045000000001
30.06.2025 12:45;0,6041965833333334
30.06.2025 13:00;0,5983886666666667
30.06.2025 13:15;0,5789066666666667
30.06.2025 13:30;0,5594246666666667
30.06.2025 13:45;0,5399426666666667
30.06.2025 14:00;0,5204606666666667
30.06.2025 14:15;0,4892675
30.06.2025 14:30;0,45807433333333336
30.06.2025 14:45;0,42688116666666664
30.06.2025 15:00;0,395688
30.06.2025 15:15;0,35754241666666664
30.06.2025 15:30;0,31939683333333335
30.06.2025 15:45;0,28125125
30.06.2025 16:00;0,24310566666666666
30.06.2025 16:15;0,20687525
30.06.2025 16:30;0,17064483333333333
30.06.2025 16:45;0,13441441666666665
30.06.2025 17:00;0,09818400000000001
30.06.2025 17:15;0,08075691666666668
30.06.2025 17:30;0,06332983333333334
30.06.2025 17:45;0,04590275
30.06.2025 18:00;0,028475666666666666
30.06.2025 18:15;0,02136
30.06.2025 18:30;0,014244333333333333
30.06.2025 18:45;0,007128666666666665
30.06.2025 19:00;1,2999999999999998e-05
30.06.2025 19:15;9,749999999999998e-06
30.06.2025 19:30;6,499999999999998e-06
30.06.2025 19:45;3,2499999999999977e-06
30.06.2025 20:00;0,0
30.06.2025 20:15;0,0
30.06.2025 20:30;0,0
30.06.2025 20:45;0,0
30.06.2025 21:00;0,0
30.06.2025 21:15;0,0
30.06.2025 21:30;0,0
30.06.2025 21:45;0,0
30.06.2025 22:00;0,0
30.06.2025 22:15;0,0
30.06.2025 22:30;0,0
30.06.2025 22:45;0,0
30.06.2025 23:00;0,0
30.06.2025 23:15;0,0
30.06.2025 23:30;0,0
30.06.2025 23:45;0,0
01.07.2025 00:00;0,0
01.07.2025 00:15;0,0
01.07.2025 00:30;0,0
01.07.2025 00:45;0,0
01.07.2025 01:00;0,0
01.07.2025 01:15;0,0
01.07.2025 01:30;0,0
01.07.2025 01:45;0,0
01.07.2025 02:00;0,0
01.07.2025 02:15;0,0
01.07.2025 02:30;0,0
01.07.2025 02:45;0,0
01.07.2025 03:00;0,0
01.07.2025 03:15;0,0013085833333333333
01.07.2025 03:30;0,0026171666666666665
01.07.2025 03:45;0,0039257499999999996
01.07.2025 04:00;0,005234333333333333
01.07.2025 04:15;0,013902166666666667
01.07.2025 04:30;0,02257
01.07.2025 04:45;0,031237833333333333
01.07.2025 05:00;0,039905666666666666
01.07.2025 05:15;0,06864458333333333
01.07.2025 05:30;0,09738349999999998
01.07.2025 05:45;0,12612241666666665
01.07.2025 06:00;0,15486133333333332
01.07.2025 06:15;0,18875199999999998
01.07.2025 06:30;0,22264266666666666
01.07.2025 06:45;0,2565333333333333
01.07.2025 07:00;0,29042399999999996
01.07.2025 07:15;0,3235070833333333
01.07.2025 07:30;0,35659016666666665
01.07.2025 07:45;0,38967324999999997
01.07.2025 08:00;0,4227563333333333
01.07.2025 08:15;0,4522448333333333
01.07.2025 08:30;0,4817333333333333
01.07.2025 08:45;0,5112218333333333
01.07.2025 09:00;0,5407103333333333
01.07.2025 09:15;0,5602636666666666
01.07.2025 09:30;0,579817
01.07.2025 09:45;0,5993703333333333
01.07.2025 10:00;0,6189236666666666
01.07.2025 10:15;0,6269365833333334
01.07.2025 10:30;0,6349495000000001
01.07.2025 10:45;0,6429624166666666
01.07.2025 11:00;0,6509753333333334
01.07.2025 11:15;0,6501986666666667
01.07.2025 11:30;0,649422
01.07.2025 11:45;0,6486453333333334
01.07.2025 12:00;0,6478686666666668
01.07.2025 12:15;0,6261365000000001
01.07.2025 12:30;0,6044043333333333
01.07.2025 12:45;0,5826721666666667
01.07.2025 13:00;0,56094
01.07.2025 13:15;0,53520925
01.07.2025 13:30;0,5094785
01.07.2025 13:45;0,48374775000000003
01.07.2025 14:00;0,458017
01.07.2025 14:15;0,43426691666666667
01.07.2025 14:30;0,41051683333333333
01.07.2025 14:45;0,38676675
01.07.2025 15:00;0,36301666666666665
01.07.2025 15:15;0,33528708333333335
01.07.2025 15:30;0,3075575
01.07.2025 15:45;0,2798279166666666
01.07.2025 16:00;0,2520983333333333
01.07.2025 16:15;0,2150893333333333
01.07.2025 16:30;0,1780803333333333
01.07.2025 16:45;0,14107133333333333
01.07.2025 17:00;0,10406233333333333
01.07.2025 17:15;0,08502941666666666
01.07.2025 17:30;0,0659965
01.07.2025 17:45;0,04696358333333334
01.07.2025 18:00;0,027930666666666666
01.07.2025 18:15;0,020949583333333334
01.07.2025 18:30;0,0139685
01.07.2025 18:45;0,006987416666666666
01.07.2025 19:00;6,333333333333333e-06
01.07.2025 19:15;4,75e-06
01.07.2025 19:30;3,1666666666666667e-06
01.07.2025 19:45;1,5833333333333331e-06
01.07.2025 20:00;0,0
01.07.2025 20:15;0,0
01.07.2025 20:30;0,0
01.07.2025 20:45;0,0
01.07.2025 21:00;0,0
01.07.2025 21:15;0,0
01.07.2025 21:30;0,0
01.07.2025 21:45;0,0
01.07.2025 22:00;0,0
01.07.2025 22:15;0,0
01.07.2025 22:30;0,0
01.07.2025 22:45;0,0
01.07.2025 23:00;0,0
01.07.2025 23:15;0,0
01.07.2025 23:30;0,0
01.07.2025 23:45;0,0
02.07.2025 00:00;0,0
02.07.2025 00:15;0,0
02.07.2025 00:30;0,0
02.07.2025 00:45;0,0
02.07.2025 01:00;0,0
02.07.2025 01:15;0,0
02.07.2025 01:30;0,0
02.07.2025 01:45;0,0
02.07.2025 02:00;0,0
02.07.2025 02:15;0,0
02.07.2025 02:30;0,0
02.07.2025 02:45;0,0
02.07.2025 03:00;0,0
02.07.2025 03:15;0,0007155000000000001
02.07.2025 03:30;0,0014310000000000002
02.07.2025 03:45;0,0021465000000000004
02.07.2025 04:00;0,0028620000000000004
02.07.2025 04:15;0,009722833333333333
02.07.2025 04:30;0,016583666666666667
02.07.2025 04:45;0,0234445
02.07.2025 05:00;0,030305333333333333
02.07.2025 05:15;0,046480999999999995
02.07.2025 05:30;0,06265666666666667
02.07.2025 05:45;0,07883233333333332
02.07.2025 06:00;0,095008
02.07.2025 06:15;0,1074455
02.07.2025 06:30;0,11988299999999999
02.07.2025 06:45;0,1323205
02.07.2025 07:00;0,144758
02.07.2025 07:15;0,18592541666666668
02.07.2025 07:30;0,22709283333333335
02.07.2025 07:45;0,26826025000000003
02.07.2025 08:00;0,3094276666666667
02.07.2025 08:15;0,3256986666666667
02.07.2025 08:30;0,3419696666666667
02.07.2025 08:45;0,3582406666666667
02.07.2025 09:00;0,3745116666666667
02.07.2025 09:15;0,372417
02.07.2025 09:30;0,3703223333333333
02.07.2025 09:45;0,3682276666666667
02.07.2025 10:00;0,366133
02.07.2025 10:15;0,3732070833333333
02.07.2025 10:30;0,38028116666666667
02.07.2025 10:45;0,38735525
02.07.2025 11:00;0,3944293333333333
02.07.2025 11:15;0,3932643333333333
02.07.2025 11:30;0,39209933333333336
02.07.2025 11:45;0,39093433333333333
02.07.2025 12:00;0,38976933333333336
02.07.2025 12:15;0,3715085
02.07.2025 12:30;0,3532476666666667
02.07.2025 12:45;0,33498683333333334
02.07.2025 13:00;0,316726
02.07.2025 13:15;0,3116575833333334
02.07.2025 13:30;0,3065891666666667
02.07.2025 13:45;0,30152075
02.07.2025 14:00;0,2964523333333334
02.07.2025 14:15;0,27673600000000004
02.07.2025 14:30;0,2570196666666667
02.07.2025 14:45;0,23730333333333334
02.07.2025 15:00;0,217587
02.07.2025 15:15;0,19825966666666667
02.07.2025 15:30;0,17893233333333333
02.07.2025 15:45;0,159605
02.07.2025 16:00;0,14027766666666666
02.07.2025 16:15;0,12092391666666666
02.07.2025 16:30;0,10157016666666666
02.07.2025 16:45;0,08221641666666667
02.07.2025 17:00;0,06286266666666666
02.07.2025 17:15;0,052705999999999996
02.07.2025 17:30;0,04254933333333333
02.07.2025 17:45;0,03239266666666667
02.07.2025 18:00;0,022236
02.07.2025 18:15;0,016676999999999997
02.07.2025 18:30;0,011118
02.07.2025 18:45;0,005558999999999998
02.07.2025 19:00;0,0
02.07.2025 19:15;0,0
02.07.2025 19:30;0,0
02.07.2025 19:45;0,0
02.07.2025 20:00;0,0
02.07.2025 20:15;0,0
02.07.2025 20:30;0,0
02.07.2025 20:45;0,0
02.07.2025 21:00;0,0
02.07.2025 21:15;0,0
02.07.2025 21:30;0,0
02.07.2025 21:45;0,0
02.07.2025 22:00;0,0
02.07.2025 22:15;0,0
02.07.2025 22:30;0,0
02.07.2025 22:45;0,0
02.07.2025 23:00;0,0
02.07.2025 23:15;0,0
02.07.2025 23:30;0,0
02.07.2025 23:45;0,0
03.07.2025 00:00;0,0
03.07.2025 00:15;0,0
03.07.2025 00:30;0,0
03.07.2025 00:45;0,0
03.07.2025 01:00;0,0
03.07.2025 01:15;0,0
03.07.2025 01:30;0,0
03.07.2025 01:45;0,0
03.07.2025 02:00;0,0
03.07.2025 02:15;0,0
03.07.2025 02:30;0,0
03.07.2025 02:45;0,0
03.07.2025 03:00;0,0
03.07.2025 03:15;0,0006449166666666667
03.07.2025 03:30;0,0012898333333333334
03.07.2025 03:45;0,00193475
03.07.2025 04:00;0,0025796666666666667
03.07.2025 04:15;0,008297583333333334
03.07.2025 04:30;0,0140155
03.07.2025 04:45;0,019733416666666666
03.07.2025 05:00;0,025451333333333333
03.07.2025 05:15;0,034721
03.07.2025 05:30;0,043990666666666664
03.07.2025 05:45;0,05326033333333334
03.07.2025 06:00;0,06253
03.07.2025 06:15;0,07795691666666667
03.07.2025 06:30;0,09338383333333333
03.07.2025 06:45;0,10881075000000001
03.07.2025 07:00;0,12423766666666668
03.07.2025 07:15;0,16433041666666665
03.07.2025 07:30;0,20442316666666666
03.07.2025 07:45;0,2445159166666666
03.07.2025 08:00;0,2846086666666666
03.07.2025 08:15;0,31358791666666663
03.07.2025 08:30;0,34256716666666664
03.07.2025 08:45;0,37154641666666666
03.07.2025 09:00;0,40052566666666667
03.07.2025 09:15;0,42043641666666665
03.07.2025 09:30;0,4403471666666667
03.07.2025 09:45;0,4602579166666667
03.07.2025 10:00;0,4801686666666667
03.07.2025 10:15;0,48752625000000005
03.07.2025 10:30;0,49488383333333336
03.07.2025 10:45;0,5022414166666667
03.07.2025 11:00;0,509599
03.07.2025 11:15;0,5193435
03.07.2025 11:30;0,529088
03.07.2025 11:45;0,5388325
03.07.2025 12:00;0,548577
03.07.2025 12:15;0,5386990833333334
03.07.2025 12:30;0,5288211666666667
03.07.2025 12:45;0,51894325
03.07.2025 13:00;0,5090653333333334
03.07.2025 13:15;0,49483733333333335
03.07.2025 13:30;0,48060933333333333
03.07.2025 13:45;0,46638133333333337
03.07.2025 14:00;0,45215333333333335
03.07.2025 14:15;0,42564958333333336
03.07.2025 14:30;0,3991458333333333
03.07.2025 14:45;0,3726420833333333
03.07.2025 15:00;0,3461383333333333
03.07.2025 15:15;0,3152979166666667
03.07.2025 15:30;0,28445750000000003
03.07.2025 15:45;0,2536170833333333
03.07.2025 16:00;0,22277666666666668
03.07.2025 16:15;0,19291491666666669
03.07.2025 16:30;0,1630531666666667
03.07.2025 16:45;0,13319141666666667
03.07.2025 17:00;0,10332966666666668
03.07.2025 17:15;0,08514816666666668
03.07.2025 17:30;0,06696666666666667
03.07.2025 17:45;0,04878516666666667
03.07.2025 18:00;0,030603666666666664
03.07.2025 18:15;0,022952749999999997
03.07.2025 18:30;0,01530183333333333
03.07.2025 18:45;0,0076509166666666635
03.07.2025 19:00;0,0
03.07.2025 19:15;0,0
03.07.2025 19:30;0,0
03.07.2025 19:45;0,0
03.07.2025 20:00;0,0
03.07.2025 20:15;0,0
03.07.2025 20:30;0,0
03.07.2025 20:45;0,0
03.07.2025 21:00;0,0
03.07.2025 21:15;0,0
03.07.2025 21:30;0,0
03.07.2025 21:45;0,0
03.07.2025 22:00;0,0
03.07.2025 22:15;0,0
03.07.2025 22:30;0,0
03.07.2025 22:45;0,0
03.07.2025 23:00;0,0
03.07.2025 23:15;0,0
03.07.2025 23:30;0,0
03.07.2025 23:45;0,0
04.07.2025 00:00;0,0
04.07.2025 00:15;0,0
04.07.2025 00:30;0,0
04.07.2025 00:45;0,0
04.07.2025 01:00;0,0
04.07.2025 01:15;0,0
04.07.2025 01:30;0,0
04.07.2025 01:45;0,0
04.07.2025 02:00;0,0
04.07.2025 02:15;0,0
04.07.2025 02:30;0,0
04.07.2025 02:45;0,0
04.07.2025 03:00;0,0
04.07.2025 03:15;0,0011808333333333332
04.07.2025 03:30;0,0023616666666666664
04.07.2025 03:45;0,0035425
04.07.2025 04:00;0,004723333333333333
04.07.2025 04:15;0,012465666666666668
04.07.2025 04:30;0,020208000000000004
04.07.2025 04:45;0,027950333333333337
04.07.2025 05:00;0,03569266666666667
04.07.2025 05:15;0,06593099999999999
04.07.2025 05:30;0,09616933333333333
04.07.2025 05:45;0,12640766666666664
04.07.2025 06:00;0,15664599999999998
04.07.2025 06:15;0,18322733333333333
04.07.2025 06:30;0,20980866666666664
04.07.2025 06:45;0,23639
04.07.2025 07:00;0,26297133333333333
04.07.2025 07:15;0,3190819166666667
04.07.2025 07:30;0,37519250000000004
04.07.2025 07:45;0,43130308333333334
04.07.2025 08:00;0,4874136666666667
04.07.2025 08:15;0,51480775
04.07.2025 08:30;0,5422018333333334
04.07.2025 08:45;0,5695959166666666
04.07.2025 09:00;0,59699
04.07.2025 09:15;0,6078859166666667
04.07.2025 09:30;0,6187818333333334
04.07.2025 09:45;0,62967775
04.07.2025 10:00;0,6405736666666667
04.07.2025 10:15;0,6475893333333334
04.07.2025 10:30;0,6546050000000001
04.07.2025 10:45;0,6616206666666667
04.07.2025 11:00;0,6686363333333334
04.07.2025 11:15;0,6672661666666667
04.07.2025 11:30;0,665896
04.07.2025 11:45;0,6645258333333334
04.07.2025 12:00;0,6631556666666667
04.07.2025 12:15;0,6537976666666667
04.07.2025 12:30;0,6444396666666667
04.07.2025 12:45;0,6350816666666667
04.07.2025 13:00;0,6257236666666667
04.07.2025 13:15;0,608839
04.07.2025 13:30;0,5919543333333334
04.07.2025 13:45;0,5750696666666667
04.07.2025 14:00;0,558185
04.07.2025 14:15;0,5267380833333334
04.07.2025 14:30;0,4952911666666667
04.07.2025 14:45;0,46384425
04.07.2025 15:00;0,43239733333333336
04.07.2025 15:15;0,3927166666666667
04.07.2025 15:30;0,353036
04.07.2025 15:45;0,3133553333333333
04.07.2025 16:00;0,2736746666666667
04.07.2025 16:15;0,2340459166666667
04.07.2025 16:30;0,19441716666666667
04.07.2025 16:45;0,15478841666666665
04.07.2025 17:00;0,11515966666666667
04.07.2025 17:15;0,09448775000000001
04.07.2025 17:30;0,07381583333333333
04.07.2025 17:45;0,05314391666666667
04.07.2025 18:00;0,032472
04.07.2025 18:15;0,024354
04.07.2025 18:30;0,016236
04.07.2025 18:45;0,008118
04.07.2025 19:00;0,0
04.07.2025 19:15;0,0
04.07.2025 19:30;0,0
04.07.2025 19:45;0,0
04.07.2025 20:00;0,0
04.07.2025 20:15;0,0
04.07.2025 20:30;0,0
04.07.2025 20:45;0,0
04.07.2025 21:00;0,0
04.07.2025 21:15;0,0
04.07.2025 21:30;0,0
04.07.2025 21:45;0,0
04.07.2025 22:00;0,0
04.07.2025 22:15;0,0
04.07.2025 22:30;0,0
04.07.2025 22:45;0,0
04.07.2025 23:00;0,0
04.07.2025 23:15;0,0
04.07.2025 23:30;0,0
04.07.2025 23:45;0,0
05.07.2025 00:00;0,0
05.07.2025 00:15;0,0
05.07.2025 00:30;0,0
05.07.2025 00:45;0,0
05.07.2025 01:00;0,0
05.07.2025 01:15;0,0
05.07.2025 01:30;0,0
05.07.2025 01:45;0,0
05.07.2025 02:00;0,0
05.07.2025 02:15;0,0
05.07.2025 02:30;0,0
05.07.2025 02:45;0,0
05.07.2025 03:00;0,0
05.07.2025 03:15;0,0013825833333333333
05.07.2025 03:30;0,0027651666666666666
05.07.2025 03:45;0,0041477499999999995
05.07.2025 04:00;0,005530333333333333
05.07.2025 04:15;0,012432083333333333
05.07.2025 04:30;0,019333833333333335
05.07.2025 04:45;0,026235583333333333
05.07.2025 05:00;0,03313733333333333
05.07.2025 05:15;0,06086941666666667
05.07.2025 05:30;0,0886015
05.07.2025 05:45;0,11633358333333335
05.07.2025 06:00;0,14406566666666668
05.07.2025 06:15;0,18035016666666667
05.07.2025 06:30;0,21663466666666664
05.07.2025 06:45;0,25291916666666664
05.07.2025 07:00;0,28920366666666664
05.07.2025 07:15;0,32031716666666665
05.07.2025 07:30;0,35143066666666667
05.07.2025 07:45;0,38254416666666663
05.07.2025 08:00;0,41365766666666665
05.07.2025 08:15;0,4358555833333333
05.07.2025 08:30;0,4580535
05.07.2025 08:45;0,48025141666666665
05.07.2025 09:00;0,5024493333333333
05.07.2025 09:15;0,51703725
05.07.2025 09:30;0,5316251666666667
05.07.2025 09:45;0,5462130833333333
05.07.2025 10:00;0,560801
05.07.2025 10:15;0,5720244166666666
05.07.2025 10:30;0,5832478333333333
05.07.2025 10:45;0,59447125
05.07.2025 11:00;0,6056946666666666
05.07.2025 11:15;0,5980926666666666
05.07.2025 11:30;0,5904906666666667
05.07.2025 11:45;0,5828886666666667
05.07.2025 12:00;0,5752866666666667
05.07.2025 12:15;0,5669095000000001
05.07.2025 12:30;0,5585323333333334
05.07.2025 12:45;0,5501551666666668
05.07.2025 13:00;0,5417780000000001
05.07.2025 13:15;0,5245850833333334
05.07.2025 13:30;0,5073921666666668
05.07.2025 13:45;0,49019925000000003
05.07.2025 14:00;0,47300633333333336
05.07.2025 14:15;0,4448241666666667
05.07.2025 14:30;0,416642
05.07.2025 14:45;0,38845983333333334
05.07.2025 15:00;0,36027766666666666
05.07.2025 15:15;0,32441766666666666
05.07.2025 15:30;0,28855766666666666
05.07.2025 15:45;0,25269766666666665
05.07.2025 16:00;0,21683766666666668
05.07.2025 16:15;0,18709683333333335
05.07.2025 16:30;0,157356
05.07.2025 16:45;0,12761516666666667
05.07.2025 17:00;0,09787433333333334
05.07.2025 17:15;0,08019083333333334
05.07.2025 17:30;0,06250733333333333
05.07.2025 17:45;0,044823833333333334
05.07.2025 18:00;0,027140333333333332
05.07.2025 18:15;0,02035525
05.07.2025 18:30;0,013570166666666664
05.07.2025 18:45;0,0067850833333333305
05.07.2025 19:00;0,0
05.07.2025 19:15;0,0
05.07.2025 19:30;0,0
05.07.2025 19:45;0,0
05.07.2025 20:00;0,0
05.07.2025 20:15;0,0
05.07.2025 20:30;0,0
05.07.2025 20:45;0,0
05.07.2025 21:00;0,0
05.07.2025 21:15;0,0
05.07.2025 21:30;0,0
05.07.2025 21:45;0,0
05.07.2025 22:00;0,0
05.07.2025 22:15;0,0
05.07.2025 22:30;0,0
05.07.2025 22:45;0,0
05.07.2025 23:00;0,0
05.07.2025 23:15;0,0
05.07.2025 23:30;0,0
05.07.2025 23:45;0,0
06.07.2025 00:00;0,0
06.07.2025 00:15;0,0
06.07.2025 00:30;0,0
06.07.2025 00:45;0,0
06.07.2025 01:00;0,0
06.07.2025 01:15;0,0
06.07.2025 01:30;0,0
06.07.2025 01:45;0,0
06.07.2025 02:00;0,0
06.07.2025 02:15;0,0
06.07.2025 02:30;0,0
06.07.2025 02:45;0,0
06.07.2025 03:00;0,0
06.07.2025 03:15;0,00103425
06.07.2025 03:30;0,0020685
06.07.2025 03:45;0,0031027499999999996
06.07.2025 04:00;0,004137
06.07.2025 04:15;0,011917
06.07.2025 04:30;0,019697
06.07.2025 04:45;0,027477
06.07.2025 05:00;0,035257
06.07.2025 05:15;0,05884816666666666
06.07.2025 05:30;0,08243933333333334
06.07.2025 05:45;0,1060305
06.07.2025 06:00;0,12962166666666666
06.07.2025 06:15;0,14949616666666665
06.07.2025 06:30;0,16937066666666667
06.07.2025 06:45;0,18924516666666666
06.07.2025 07:00;0,20911966666666665
06.07.2025 07:15;0,23296983333333332
06.07.2025 07:30;0,25682
06.07.2025 07:45;0,28067016666666667
06.07.2025 08:00;0,30452033333333334
06.07.2025 08:15;0,314069
06.07.2025 08:30;0,3236176666666667
06.07.2025 08:45;0,33316633333333334
06.07.2025 09:00;0,342715
06.07.2025 09:15;0,3504308333333333
06.07.2025 09:30;0,35814666666666667
06.07.2025 09:45;0,3658625
06.07.2025 10:00;0,37357833333333335
06.07.2025 10:15;0,3859406666666667
06.07.2025 10:30;0,398303
06.07.2025 10:45;0,4106653333333333
06.07.2025 11:00;0,4230276666666667
06.07.2025 11:15;0,4170835
06.07.2025 11:30;0,4111393333333333
06.07.2025 11:45;0,40519516666666666
06.07.2025 12:00;0,39925099999999997
06.07.2025 12:15;0,3918541666666666
06.07.2025 12:30;0,3844573333333333
06.07.2025 12:45;0,3770605
06.07.2025 13:00;0,36966366666666667
06.07.2025 13:15;0,3689024166666667
06.07.2025 13:30;0,36814116666666663
06.07.2025 13:45;0,36737991666666664
06.07.2025 14:00;0,36661866666666665
06.07.2025 14:15;0,36154
06.07.2025 14:30;0,3564613333333333
06.07.2025 14:45;0,3513826666666667
06.07.2025 15:00;0,346304
06.07.2025 15:15;0,32413525
06.07.2025 15:30;0,3019665
06.07.2025 15:45;0,27979775
06.07.2025 16:00;0,257629
06.07.2025 16:15;0,22188683333333334
06.07.2025 16:30;0,18614466666666668
06.07.2025 16:45;0,1504025
06.07.2025 17:00;0,11466033333333334
06.07.2025 17:15;0,09417233333333333
06.07.2025 17:30;0,07368433333333334
06.07.2025 17:45;0,05319633333333334
06.07.2025 18:00;0,03270833333333333
06.07.2025 18:15;0,024532916666666668
06.07.2025 18:30;0,0163575
06.07.2025 18:45;0,008182083333333333
06.07.2025 19:00;6,666666666666667e-06
06.07.2025 19:15;4,9999999999999996e-06
06.07.2025 19:30;3,3333333333333333e-06
06.07.2025 19:45;1,666666666666667e-06
06.07.2025 20:00;0,0
06.07.2025 20:15;0,0
06.07.2025 20:30;0,0
06.07.2025 20:45;0,0
06.07.2025 21:00;0,0
06.07.2025 21:15;0,0
06.07.2025 21:30;0,0
06.07.2025 21:45;0,0
06.07.2025 22:00;0,0
06.07.2025 22:15;0,0
06.07.2025 22:30;0,0
06.07.2025 22:45;0,0
06.07.2025 23:00;0,0
06.07.2025 23:15;0,0
06.07.2025 23:30;0,0
06.07.2025 23:45;0,0
07.07.2025 00:00;0,0
07.07.2025 00:15;0,0
07.07.2025 00:30;0,0
07.07.2025 00:45;0,0
07.07.2025 01:00;0,0
07.07.2025 01:15;0,0
07.07.2025 01:30;0,0
07.07.2025 01:45;0,0
07.07.2025 02:00;0,0
07.07.2025 02:15;0,0
07.07.2025 02:30;0,0
07.07.2025 02:45;0,0
07.07.2025 03:00;0,0
07.07.2025 03:15;0,00106875
07.07.2025 03:30;0,0021375
07.07.2025 03:45;0,0032062500000000003
07.07.2025 04:00;0,004275
07.07.2025 04:15;0,011009833333333333
07.07.2025 04:30;0,017744666666666666
07.07.2025 04:45;0,024479499999999998
07.07.2025 05:00;0,031214333333333334
07.07.2025 05:15;0,06211083333333333
07.07.2025 05:30;0,09300733333333333
07.07.2025 05:45;0,12390383333333332
07.07.2025 06:00;0,15480033333333332
07.07.2025 06:15;0,1951995
07.07.2025 06:30;0,23559866666666668
07.07.2025 06:45;0,2759978333333334
07.07.2025 07:00;0,31639700000000004
07.07.2025 07:15;0,34895108333333336
07.07.2025 07:30;0,3815051666666667
07.07.2025 07:45;0,41405925
07.07.2025 08:00;0,44661333333333336
07.07.2025 08:15;0,48166658333333334
07.07.2025 08:30;0,5167198333333334
07.07.2025 08:45;0,5517730833333333
07.07.2025 09:00;0,5868263333333333
07.07.2025 09:15;0,6073610833333334
07.07.2025 09:30;0,6278958333333333
07.07.2025 09:45;0,6484305833333333
07.07.2025 10:00;0,6689653333333333
07.07.2025 10:15;0,6739240833333333
07.07.2025 10:30;0,6788828333333333
07.07.2025 10:45;0,6838415833333333
07.07.2025 11:00;0,6888003333333333
07.07.2025 11:15;0,6830733333333334
07.07.2025 11:30;0,6773463333333334
07.07.2025 11:45;0,6716193333333333
07.07.2025 12:00;0,6658923333333334
07.07.2025 12:15;0,6520045000000001
07.07.2025 12:30;0,6381166666666667
07.07.2025 12:45;0,6242288333333333
07.07.2025 13:00;0,610341
07.07.2025 13:15;0,5895366666666667
07.07.2025 13:30;0,5687323333333334
07.07.2025 13:45;0,547928
07.07.2025 14:00;0,5271236666666667
07.07.2025 14:15;0,5010348333333333
07.07.2025 14:30;0,474946
07.07.2025 14:45;0,44885716666666664
07.07.2025 15:00;0,4227683333333333
07.07.2025 15:15;0,3867985
07.07.2025 15:30;0,3508286666666667
07.07.2025 15:45;0,3148588333333333
07.07.2025 16:00;0,278889
07.07.2025 16:15;0,2389935
07.07.2025 16:30;0,199098
07.07.2025 16:45;0,1592025
07.07.2025 17:00;0,119307
07.07.2025 17:15;0,097339
07.07.2025 17:30;0,075371
07.07.2025 17:45;0,05340299999999999
07.07.2025 18:00;0,031435
07.07.2025 18:15;0,02357625
07.07.2025 18:30;0,0157175
07.07.2025 18:45;0,007858750000000001
07.07.2025 19:00;0,0
07.07.2025 19:15;0,0
07.07.2025 19:30;0,0
07.07.2025 19:45;0,0
07.07.2025 20:00;0,0
07.07.2025 20:15;0,0
07.07.2025 20:30;0,0
07.07.2025 20:45;0,0
07.07.2025 21:00;0,0
07.07.2025 21:15;0,0
07.07.2025 21:30;0,0
07.07.2025 21:45;0,0
07.07.2025 22:00;0,0
07.07.2025 22:15;0,0
07.07.2025 22:30;0,0
07.07.2025 22:45;0,0
07.07.2025 23:00;0,0
07.07.2025 23:15;0,0
07.07.2025 23:30;0,0
07.07.2025 23:45;0,0
08.07.2025 00:00;0,0
08.07.2025 00:15;0,0
08.07.2025 00:30;0,0
08.07.2025 00:45;0,0
08.07.2025 01:00;0,0
08.07.2025 01:15;0,0
08.07.2025 01:30;0,0
08.07.2025 01:45;0,0
08.07.2025 02:00;0,0
08.07.2025 02:15;0,0
08.07.2025 02:30;0,0
08.07.2025 02:45;0,0
08.07.2025 03:00;0,0
08.07.2025 03:15;0,0008581666666666667
08.07.2025 03:30;0,0017163333333333334
08.07.2025 03:45;0,0025745000000000004
08.07.2025 04:00;0,0034326666666666668
08.07.2025 04:15;0,010104833333333332
08.07.2025 04:30;0,016776999999999997
08.07.2025 04:45;0,023449166666666667
08.07.2025 05:00;0,030121333333333333
08.07.2025 05:15;0,05875433333333333
08.07.2025 05:30;0,08738733333333333
08.07.2025 05:45;0,11602033333333334
08.07.2025 06:00;0,14465333333333333
08.07.2025 06:15;0,1857965
08.07.2025 06:30;0,22693966666666665
08.07.2025 06:45;0,2680828333333333
08.07.2025 07:00;0,309226
08.07.2025 07:15;0,34506158333333337
08.07.2025 07:30;0,3808971666666667
08.07.2025 07:45;0,41673275
08.07.2025 08:00;0,45256833333333335
08.07.2025 08:15;0,48406075000000004
08.07.2025 08:30;0,5155531666666666
08.07.2025 08:45;0,5470455833333333
08.07.2025 09:00;0,578538
08.07.2025 09:15;0,5906789166666666
08.07.2025 09:30;0,6028198333333333
08.07.2025 09:45;0,6149607500000001
08.07.2025 10:00;0,6271016666666667
08.07.2025 10:15;0,6278573333333333
08.07.2025 10:30;0,628613
08.07.2025 10:45;0,6293686666666667
08.07.2025 11:00;0,6301243333333333
08.07.2025 11:15;0,6202105
08.07.2025 11:30;0,6102966666666667
08.07.2025 11:45;0,6003828333333333
08.07.2025 12:00;0,590469
08.07.2025 12:15;0,5651158333333334
08.07.2025 12:30;0,5397626666666666
08.07.2025 12:45;0,5144095
08.07.2025 13:00;0,4890563333333333
08.07.2025 13:15;0,46659541666666665
08.07.2025 13:30;0,4441345
08.07.2025 13:45;0,4216735833333334
08.07.2025 14:00;0,3992126666666667
08.07.2025 14:15;0,3731629166666667
08.07.2025 14:30;0,3471131666666667
08.07.2025 14:45;0,3210634166666667
08.07.2025 15:00;0,2950136666666667
08.07.2025 15:15;0,26930425
08.07.2025 15:30;0,24359483333333332
08.07.2025 15:45;0,21788541666666666
08.07.2025 16:00;0,19217599999999999
08.07.2025 16:15;0,166089
08.07.2025 16:30;0,140002
08.07.2025 16:45;0,113915
08.07.2025 17:00;0,087828
08.07.2025 17:15;0,07182025
08.07.2025 17:30;0,0558125
08.07.2025 17:45;0,03980475
08.07.2025 18:00;0,023797000000000002
08.07.2025 18:15;0,017847750000000003
08.07.2025 18:30;0,011898500000000001
08.07.2025 18:45;0,00594925
08.07.2025 19:00;0,0
08.07.2025 19:15;0,0
08.07.2025 19:30;0,0
08.07.2025 19:45;0,0
08.07.2025 20:00;0,0
08.07.2025 20:15;0,0
08.07.2025 20:30;0,0
08.07.2025 20:45;0,0
08.07.2025 21:00;0,0
08.07.2025 21:15;0,0
08.07.2025 21:30;0,0
08.07.2025 21:45;0,0
08.07.2025 22:00;0,0
08.07.2025 22:15;0,0
08.07.2025 22:30;0,0
08.07.2025 22:45;0,0
08.07.2025 23:00;0,0
08.07.2025 23:15;0,0
08.07.2025 23:30;0,0
08.07.2025 23:45;0,0
09.07.2025 00:00;0,0
09.07.2025 00:15;0,0
09.07.2025 00:30;0,0
09.07.2025 00:45;0,0
09.07.2025 01:00;0,0
09.07.2025 01:15;0,0
09.07.2025 01:30;0,0
09.07.2025 01:45;0,0
09.07.2025 02:00;0,0
09.07.2025 02:15;0,0
09.07.2025 02:30;0,0
09.07.2025 02:45;0,0
09.07.2025 03:00;0,0
09.07.2025 03:15;0,0007555
09.07.2025 03:30;0,001511
09.07.2025 03:45;0,0022665
09.07.2025 04:00;0,003022
09.07.2025 04:15;0,010870416666666667
09.07.2025 04:30;0,018718833333333334
09.07.2025 04:45;0,02656725
09.07.2025 05:00;0,034415666666666664
09.07.2025 05:15;0,0594735
09.07.2025 05:30;0,08453133333333335
09.07.2025 05:45;0,10958916666666668
09.07.2025 06:00;0,13464700000000002
09.07.2025 06:15;0,16877208333333335
09.07.2025 06:30;0,20289716666666668
09.07.2025 06:45;0,23702225000000002
09.07.2025 07:00;0,27114733333333335
09.07.2025 07:15;0,30659708333333335
09.07.2025 07:30;0,3420468333333333
09.07.2025 07:45;0,3774965833333333
09.07.2025 08:00;0,4129463333333333
09.07.2025 08:15;0,433357
09.07.2025 08:30;0,4537676666666667
09.07.2025 08:45;0,4741783333333333
09.07.2025 09:00;0,494589
09.07.2025 09:15;0,5020105833333334
09.07.2025 09:30;0,5094321666666667
09.07.2025 09:45;0,51685375
09.07.2025 10:00;0,5242753333333333
09.07.2025 10:15;0,5286523333333333
09.07.2025 10:30;0,5330293333333334
09.07.2025 10:45;0,5374063333333333
09.07.2025 11:00;0,5417833333333333
09.07.2025 11:15;0,5496816666666666
09.07.2025 11:30;0,55758
09.07.2025 11:45;0,5654783333333333
09.07.2025 12:00;0,5733766666666666
09.07.2025 12:15;0,5708523333333333
09.07.2025 12:30;0,5683279999999999
09.07.2025 12:45;0,5658036666666667
09.07.2025 13:00;0,5632793333333334
09.07.2025 13:15;0,5485463333333334
09.07.2025 13:30;0,5338133333333334
09.07.2025 13:45;0,5190803333333334
09.07.2025 14:00;0,5043473333333334
09.07.2025 14:15;0,4758244166666667
09.07.2025 14:30;0,4473015
09.07.2025 14:45;0,41877858333333334
09.07.2025 15:00;0,39025566666666667
09.07.2025 15:15;0,3581234166666667
09.07.2025 15:30;0,32599116666666667
09.07.2025 15:45;0,29385891666666664
09.07.2025 16:00;0,26172666666666666
09.07.2025 16:15;0,22380716666666667
09.07.2025 16:30;0,18588766666666667
09.07.2025 16:45;0,14796816666666668
09.07.2025 17:00;0,11004866666666667
09.07.2025 17:15;0,08987733333333334
09.07.2025 17:30;0,069706
09.07.2025 17:45;0,04953466666666667
09.07.2025 18:00;0,029363333333333335
09.07.2025 18:15;0,0220225
09.07.2025 18:30;0,014681666666666668
09.07.2025 18:45;0,007340833333333335
09.07.2025 19:00;0,0
09.07.2025 19:15;0,0
09.07.2025 19:30;0,0
09.07.2025 19:45;0,0
09.07.2025 20:00;0,0
09.07.2025 20:15;0,0
09.07.2025 20:30;0,0
09.07.2025 20:45;0,0
09.07.2025 21:00;0,0
09.07.2025 21:15;0,0
09.07.2025 21:30;0,0
09.07.2025 21:45;0,0
09.07.2025 22:00;0,0
09.07.2025 22:15;0,0
09.07.2025 22:30;0,0
09.07.2025 22:45;0,0
09.07.2025 23:00;0,0
09.07.2025 23:15;0,0
09.07.2025 23:30;0,0
09.07.2025 23:45;0,0
10.07.2025 00:00;0,0
10.07.2025 00:15;0,0
10.07.2025 00:30;0,0
10.07.2025 00:45;0,0
10.07.2025 01:00;0,0
10.07.2025 01:15;0,0
10.07.2025 01:30;0,0
10.07.2025 01:45;0,0
10.07.2025 02:00;0,0
10.07.2025 02:15;0,0
10.07.2025 02:30;0,0
10.07.2025 02:45;0,0
10.07.2025 03:00;0,0
10.07.2025 03:15;0,0007888333333333334
10.07.2025 03:30;0,0015776666666666669
10.07.2025 03:45;0,0023665
10.07.2025 04:00;0,0031553333333333338
10.07.2025 04:15;0,009760000000000001
10.07.2025 04:30;0,016364666666666666
10.07.2025 04:45;0,022969333333333335
10.07.2025 05:00;0,029574
10.07.2025 05:15;0,056353999999999994
10.07.2025 05:30;0,08313399999999999
10.07.2025 05:45;0,10991399999999998
10.07.2025 06:00;0,13669399999999998
10.07.2025 06:15;0,17519541666666666
10.07.2025 06:30;0,21369683333333334
10.07.2025 06:45;0,25219825
10.07.2025 07:00;0,2906996666666667
10.07.2025 07:15;0,3226046666666667
10.07.2025 07:30;0,3545096666666667
10.07.2025 07:45;0,3864146666666667
10.07.2025 08:00;0,4183196666666667
10.07.2025 08:15;0,442471
10.07.2025 08:30;0,46662233333333336
10.07.2025 08:45;0,49077366666666666
10.07.2025 09:00;0,514925
10.07.2025 09:15;0,5095739166666666
10.07.2025 09:30;0,5042228333333333
10.07.2025 09:45;0,49887175
10.07.2025 10:00;0,49352066666666666
10.07.2025 10:15;0,5063186666666667
10.07.2025 10:30;0,5191166666666667
10.07.2025 10:45;0,5319146666666668
10.07.2025 11:00;0,5447126666666667
10.07.2025 11:15;0,5484100000000001
10.07.2025 11:30;0,5521073333333334
10.07.2025 11:45;0,5558046666666667
10.07.2025 12:00;0,559502
10.07.2025 12:15;0,5466178333333334
10.07.2025 12:30;0,5337336666666668
10.07.2025 12:45;0,5208495000000001
10.07.2025 13:00;0,5079653333333334
10.07.2025 13:15;0,49745408333333335
10.07.2025 13:30;0,4869428333333333
10.07.2025 13:45;0,47643158333333335
10.07.2025 14:00;0,4659203333333333
10.07.2025 14:15;0,44370241666666665
10.07.2025 14:30;0,42148450000000004
10.07.2025 14:45;0,39926658333333337
10.07.2025 15:00;0,3770486666666667
10.07.2025 15:15;0,34086500000000003
10.07.2025 15:30;0,30468133333333336
10.07.2025 15:45;0,2684976666666667
10.07.2025 16:00;0,23231400000000002
10.07.2025 16:15;0,19846383333333334
10.07.2025 16:30;0,16461366666666669
10.07.2025 16:45;0,13076350000000003
10.07.2025 17:00;0,09691333333333334
10.07.2025 17:15;0,07838175
10.07.2025 17:30;0,05985016666666667
10.07.2025 17:45;0,04131858333333334
10.07.2025 18:00;0,022786999999999998
10.07.2025 18:15;0,017090249999999998
10.07.2025 18:30;0,011393499999999999
10.07.2025 18:45;0,00569675
10.07.2025 19:00;0,0
10.07.2025 19:15;0,0
10.07.2025 19:30;0,0
10.07.2025 19:45;0,0
10.07.2025 20:00;0,0
10.07.2025 20:15;0,0
10.07.2025 20:30;0,0
10.07.2025 20:45;0,0
10.07.2025 21:00;0,0
10.07.2025 21:15;0,0
10.07.2025 21:30;0,0
10.07.2025 21:45;0,0
10.07.2025 22:00;0,0
10.07.2025 22:15;0,0
10.07.2025 22:30;0,0
10.07.2025 22:45;0,0
10.07.2025 23:00;0,0
10.07.2025 23:15;0,0
10.07.2025 23:30;0,0
10.07.2025 23:45;0,0
11.07.2025 00:00;0,0
11.07.2025 00:15;0,0
11.07.2025 00:30;0,0
11.07.2025 00:45;0,0
11.07.2025 01:00;0,0
11.07.2025 01:15;0,0
11.07.2025 01:30;0,0
11.07.2025 01:45;0,0
11.07.2025 02:00;0,0
11.07.2025 02:15;0,0
11.07.2025 02:30;0,0
11.07.2025 02:45;0,0
11.07.2025 03:00;0,0
11.07.2025 03:15;0,000432
11.07.2025 03:30;0,000864
11.07.2025 03:45;0,0012959999999999998
11.07.2025 04:00;0,001728
11.07.2025 04:15;0,008616666666666667
11.07.2025 04:30;0,015505333333333335
11.07.2025 04:45;0,022394
11.07.2025 05:00;0,02928266666666667
11.07.2025 05:15;0,043193916666666665
11.07.2025 05:30;0,057105166666666665
11.07.2025 05:45;0,07101641666666667
11.07.2025 06:00;0,08492766666666667
11.07.2025 06:15;0,10476191666666666
11.07.2025 06:30;0,12459616666666665
11.07.2025 06:45;0,14443041666666664
11.07.2025 07:00;0,16426466666666664
11.07.2025 07:15;0,19680516666666664
11.07.2025 07:30;0,22934566666666667
11.07.2025 07:45;0,26188616666666664
11.07.2025 08:00;0,29442666666666667
11.07.2025 08:15;0,3130851666666667
11.07.2025 08:30;0,33174366666666666
11.07.2025 08:45;0,3504021666666667
11.07.2025 09:00;0,3690606666666667
11.07.2025 09:15;0,3883326666666667
11.07.2025 09:30;0,4076046666666667
11.07.2025 09:45;0,4268766666666667
11.07.2025 10:00;0,4461486666666667
11.07.2025 10:15;0,44152775
11.07.2025 10:30;0,43690683333333336
11.07.2025 10:45;0,4322859166666667
11.07.2025 11:00;0,427665
11.07.2025 11:15;0,41585608333333335
11.07.2025 11:30;0,4040471666666667
11.07.2025 11:45;0,39223825
11.07.2025 12:00;0,38042933333333334
11.07.2025 12:15;0,3689026666666667
11.07.2025 12:30;0,357376
11.07.2025 12:45;0,34584933333333334
11.07.2025 13:00;0,3343226666666667
11.07.2025 13:15;0,3318641666666667
11.07.2025 13:30;0,3294056666666667
11.07.2025 13:45;0,3269471666666667
11.07.2025 14:00;0,32448866666666665
11.07.2025 14:15;0,3118903333333333
11.07.2025 14:30;0,299292
11.07.2025 14:45;0,2866936666666667
11.07.2025 15:00;0,27409533333333336
11.07.2025 15:15;0,25335225
11.07.2025 15:30;0,2326091666666667
11.07.2025 15:45;0,21186608333333334
11.07.2025 16:00;0,19112300000000002
11.07.2025 16:15;0,16763766666666668
11.07.2025 16:30;0,14415233333333333
11.07.2025 16:45;0,12066700000000001
11.07.2025 17:00;0,09718166666666667
11.07.2025 17:15;0,07907125
11.07.2025 17:30;0,06096083333333333
11.07.2025 17:45;0,04285041666666667
11.07.2025 18:00;0,024739999999999998
11.07.2025 18:15;0,018555
11.07.2025 18:30;0,012369999999999999
11.07.2025 18:45;0,0061849999999999995
11.07.2025 19:00;0,0
11.07.2025 19:15;0,0
11.07.2025 19:30;0,0
11.07.2025 19:45;0,0
11.07.2025 20:00;0,0
11.07.2025 20:15;0,0
11.07.2025 20:30;0,0
11.07.2025 20:45;0,0
11.07.2025 21:00;0,0
11.07.2025 21:15;0,0
11.07.2025 21:30;0,0
11.07.2025 21:45;0,0
11.07.2025 22:00;0,0
11.07.2025 22:15;0,0
11.07.2025 22:30;0,0
11.07.2025 22:45;0,0
11.07.2025 23:00;0,0
11.07.2025 23:15;0,0
11.07.2025 23:30;0,0
11.07.2025 23:45;0,0
12.07.2025 00:00;0,0
12.07.2025 00:15;0,0
12.07.2025 00:30;0,0
12.07.2025 00:45;0,0
12.07.2025 01:00;0,0
12.07.2025 01:15;0,0
12.07.2025 01:30;0,0
12.07.2025 01:45;0,0
12.07.2025 02:00;0,0
12.07.2025 02:15;0,0
12.07.2025 02:30;0,0
12.07.2025 02:45;0,0
12.07.2025 03:00;0,0
12.07.2025 03:15;0,0004704166666666666
12.07.2025 03:30;0,0009408333333333332
12.07.2025 03:45;0,00141125
12.07.2025 04:00;0,0018816666666666667
12.07.2025 04:15;0,009028083333333334
12.07.2025 04:30;0,0161745
12.07.2025 04:45;0,023320916666666667
12.07.2025 05:00;0,030467333333333336
12.07.2025 05:15;0,05290458333333334
12.07.2025 05:30;0,07534183333333333
12.07.2025 05:45;0,09777908333333334
12.07.2025 06:00;0,12021633333333333
12.07.2025 06:15;0,15165116666666667
12.07.2025 06:30;0,18308599999999997
12.07.2025 06:45;0,21452083333333333
12.07.2025 07:00;0,24595566666666666
12.07.2025 07:15;0,26722125
12.07.2025 07:30;0,28848683333333336
12.07.2025 07:45;0,3097524166666667
12.07.2025 08:00;0,33101800000000003
12.07.2025 08:15;0,3460489166666667
12.07.2025 08:30;0,3610798333333333
12.07.2025 08:45;0,37611075
12.07.2025 09:00;0,39114166666666667
12.07.2025 09:15;0,41431708333333334
12.07.2025 09:30;0,4374925
12.07.2025 09:45;0,4606679166666667
12.07.2025 10:00;0,48384333333333335
12.07.2025 10:15;0,4981298333333333
12.07.2025 10:30;0,5124163333333334
12.07.2025 10:45;0,5267028333333333
12.07.2025 11:00;0,5409893333333333
12.07.2025 11:15;0,52796225
12.07.2025 11:30;0,5149351666666666
12.07.2025 11:45;0,5019080833333334
12.07.2025 12:00;0,488881
12.07.2025 12:15;0,4763955833333333
12.07.2025 12:30;0,4639101666666666
12.07.2025 12:45;0,45142475
12.07.2025 13:00;0,4389393333333333
12.07.2025 13:15;0,43054533333333334
12.07.2025 13:30;0,4221513333333333
12.07.2025 13:45;0,4137573333333333
12.07.2025 14:00;0,40536333333333335
12.07.2025 14:15;0,38169000000000003
12.07.2025 14:30;0,35801666666666665
12.07.2025 14:45;0,3343433333333333
12.07.2025 15:00;0,31067
12.07.2025 15:15;0,29055074999999997
12.07.2025 15:30;0,2704315
12.07.2025 15:45;0,25031225
12.07.2025 16:00;0,23019299999999998
12.07.2025 16:15;0,19802983333333332
12.07.2025 16:30;0,16586666666666666
12.07.2025 16:45;0,1337035
12.07.2025 17:00;0,10154033333333333
12.07.2025 17:15;0,08264016666666667
12.07.2025 17:30;0,06373999999999999
12.07.2025 17:45;0,04483983333333333
12.07.2025 18:00;0,02593966666666667
12.07.2025 18:15;0,019454750000000003
12.07.2025 18:30;0,012969833333333335
12.07.2025 18:45;0,006484916666666667
12.07.2025 19:00;0,0
12.07.2025 19:15;0,0
12.07.2025 19:30;0,0
12.07.2025 19:45;0,0
12.07.2025 20:00;0,0
12.07.2025 20:15;0,0
12.07.2025 20:30;0,0
12.07.2025 20:45;0,0
12.07.2025 21:00;0,0
12.07.2025 21:15;0,0
12.07.2025 21:30;0,0
12.07.2025 21:45;0,0
12.07.2025 22:00;0,0
12.07.2025 22:15;0,0
12.07.2025 22:30;0,0
12.07.2025 22:45;0,0
12.07.2025 23:00;0,0
12.07.2025 23:15;0,0
12.07.2025 23:30;0,0
12.07.2025 23:45;0,0
13.07.2025 00:00;0,0
13.07.2025 00:15;0,0
13.07.2025 00:30;0,0
13.07.2025 00:45;0,0
13.07.2025 01:00;0,0
13.07.2025 01:15;0,0
13.07.2025 01:30;0,0
13.07.2025 01:45;0,0
13.07.2025 02:00;0,0
13.07.2025 02:15;0,0
13.07.2025 02:30;0,0
13.07.2025 02:45;0,0
13.07.2025 03:00;0,0
13.07.2025 03:15;0,00041874999999999996
13.07.2025 03:30;0,0008374999999999999
13.07.2025 03:45;0,00125625
13.07.2025 04:00;0,001675
13.07.2025 04:15;0,010055666666666666
13.07.2025 04:30;0,018436333333333332
13.07.2025 04:45;0,026816999999999997
13.07.2025 05:00;0,03519766666666667
13.07.2025 05:15;0,060296249999999996
13.07.2025 05:30;0,08539483333333334
13.07.2025 05:45;0,11049341666666666
13.07.2025 06:00;0,135592
13.07.2025 06:15;0,16881775
13.07.2025 06:30;0,2020435
13.07.2025 06:45;0,23526924999999999
13.07.2025 07:00;0,268495
13.07.2025 07:15;0,29954225
13.07.2025 07:30;0,3305895
13.07.2025 07:45;0,36163674999999995
13.07.2025 08:00;0,392684
13.07.2025 08:15;0,41712799999999994
13.07.2025 08:30;0,44157199999999996
13.07.2025 08:45;0,466016
13.07.2025 09:00;0,49045999999999995
13.07.2025 09:15;0,4995368333333333
13.07.2025 09:30;0,5086136666666666
13.07.2025 09:45;0,5176905
13.07.2025 10:00;0,5267673333333334
13.07.2025 10:15;0,5310073333333334
13.07.2025 10:30;0,5352473333333334
13.07.2025 10:45;0,5394873333333333
13.07.2025 11:00;0,5437273333333333
13.07.2025 11:15;0,5328813333333333
13.07.2025 11:30;0,5220353333333334
13.07.2025 11:45;0,5111893333333334
13.07.2025 12:00;0,5003433333333334
13.07.2025 12:15;0,4974711666666667
13.07.2025 12:30;0,494599
13.07.2025 12:45;0,49172683333333334
13.07.2025 13:00;0,48885466666666666
13.07.2025 13:15;0,4717020833333333
13.07.2025 13:30;0,4545495
13.07.2025 13:45;0,4373969166666667
13.07.2025 14:00;0,42024433333333333
13.07.2025 14:15;0,40313133333333334
13.07.2025 14:30;0,38601833333333335
13.07.2025 14:45;0,3689053333333333
13.07.2025 15:00;0,3517923333333333
13.07.2025 15:15;0,31915816666666663
13.07.2025 15:30;0,286524
13.07.2025 15:45;0,2538898333333333
13.07.2025 16:00;0,22125566666666666
13.07.2025 16:15;0,19043474999999999
13.07.2025 16:30;0,15961383333333334
13.07.2025 16:45;0,12879291666666667
13.07.2025 17:00;0,097972
13.07.2025 17:15;0,08000216666666667
13.07.2025 17:30;0,062032333333333335
13.07.2025 17:45;0,044062500000000004
13.07.2025 18:00;0,026092666666666667
13.07.2025 18:15;0,0195695
13.07.2025 18:30;0,013046333333333333
13.07.2025 18:45;0,006523166666666667
13.07.2025 19:00;0,0
13.07.2025 19:15;0,0
13.07.2025 19:30;0,0
13.07.2025 19:45;0,0
13.07.2025 20:00;0,0
13.07.2025 20:15;0,0
13.07.2025 20:30;0,0
13.07.2025 20:45;0,0
13.07.2025 21:00;0,0
13.07.2025 21:15;0,0
13.07.2025 21:30;0,0
13.07.2025 21:45;0,0
13.07.2025 22:00;0,0
13.07.2025 22:15;0,0
13.07.2025 22:30;0,0
13.07.2025 22:45;0,0
13.07.2025 23:00;0,0
13.07.2025 23:15;0,0
13.07.2025 23:30;0,0
13.07.2025 23:45;0,0
14.07.2025 00:00;0,0
14.07.2025 00:15;0,0
14.07.2025 00:30;0,0
14.07.2025 00:45;0,0
14.07.2025 01:00;0,0
14.07.2025 01:15;0,0
14.07.2025 01:30;0,0
14.07.2025 01:45;0,0
14.07.2025 02:00;0,0
14.07.2025 02:15;0,0
14.07.2025 02:30;0,0
14.07.2025 02:45;0,0
14.07.2025 03:00;0,0
14.07.2025 03:15;0,00029458333333333333
14.07.2025 03:30;0,0005891666666666667
14.07.2025 03:45;0,00088375
14.07.2025 04:00;0,0011783333333333333
14.07.2025 04:15;0,008476999999999998
14.07.2025 04:30;0,015775666666666664
14.07.2025 04:45;0,02307433333333333
14.07.2025 05:00;0,030372999999999997
14.07.2025 05:15;0,05342925
14.07.2025 05:30;0,0764855
14.07.2025 05:45;0,09954175
14.07.2025 06:00;0,122598
14.07.2025 06:15;0,15607033333333334
14.07.2025 06:30;0,1895426666666667
14.07.2025 06:45;0,22301500000000002
14.07.2025 07:00;0,25648733333333334
14.07.2025 07:15;0,28901025
14.07.2025 07:30;0,32153316666666665
14.07.2025 07:45;0,3540560833333333
14.07.2025 08:00;0,386579
14.07.2025 08:15;0,4083420833333333
14.07.2025 08:30;0,43010516666666665
14.07.2025 08:45;0,45186825
14.07.2025 09:00;0,47363133333333335
14.07.2025 09:15;0,4840588333333333
14.07.2025 09:30;0,49448633333333336
14.07.2025 09:45;0,5049138333333333
14.07.2025 10:00;0,5153413333333333
14.07.2025 10:15;0,5213318333333333
14.07.2025 10:30;0,5273223333333332
14.07.2025 10:45;0,5333128333333332
14.07.2025 11:00;0,5393033333333332
14.07.2025 11:15;0,5361389166666666
14.07.2025 11:30;0,5329744999999999
14.07.2025 11:45;0,5298100833333333
14.07.2025 12:00;0,5266456666666667
14.07.2025 12:15;0,52678
14.07.2025 12:30;0,5269143333333334
14.07.2025 12:45;0,5270486666666667
14.07.2025 13:00;0,5271830000000001
14.07.2025 13:15;0,4930108333333334
14.07.2025 13:30;0,45883866666666673
14.07.2025 13:45;0,42466650000000006
14.07.2025 14:00;0,3904943333333334
14.07.2025 14:15;0,37325825
14.07.2025 14:30;0,3560221666666667
14.07.2025 14:45;0,3387860833333334
14.07.2025 15:00;0,32155
14.07.2025 15:15;0,29054766666666665
14.07.2025 15:30;0,25954533333333335
14.07.2025 15:45;0,228543
14.07.2025 16:00;0,19754066666666667
14.07.2025 16:15;0,171736
14.07.2025 16:30;0,14593133333333333
14.07.2025 16:45;0,12012666666666667
14.07.2025 17:00;0,094322
14.07.2025 17:15;0,07704183333333334
14.07.2025 17:30;0,05976166666666667
14.07.2025 17:45;0,042481500000000005
14.07.2025 18:00;0,025201333333333336
14.07.2025 18:15;0,018901
14.07.2025 18:30;0,012600666666666668
14.07.2025 18:45;0,006300333333333335
14.07.2025 19:00;0,0
14.07.2025 19:15;0,0
14.07.2025 19:30;0,0
14.07.2025 19:45;0,0
14.07.2025 20:00;0,0
14.07.2025 20:15;0,0
14.07.2025 20:30;0,0
14.07.2025 20:45;0,0
14.07.2025 21:00;0,0
14.07.2025 21:15;0,0
14.07.2025 21:30;0,0
14.07.2025 21:45;0,0
14.07.2025 22:00;0,0
14.07.2025 22:15;0,0
14.07.2025 22:30;0,0
14.07.2025 22:45;0,0
14.07.2025 23:00;0,0
14.07.2025 23:15;0,0
14.07.2025 23:30;0,0
14.07.2025 23:45;0,0
15.07.2025 00:00;0,0
15.07.2025 00:15;0,0
15.07.2025 00:30;0,0
15.07.2025 00:45;0,0
15.07.2025 01:00;0,0
15.07.2025 01:15;0,0
15.07.2025 01:30;0,0
15.07.2025 01:45;0,0
15.07.2025 02:00;0,0
15.07.2025 02:15;0,0
15.07.2025 02:30;0,0
15.07.2025 02:45;0,0
15.07.2025 03:00;0,0
15.07.2025 03:15;0,000128
15.07.2025 03:30;0,000256
15.07.2025 03:45;0,00038399999999999996
15.07.2025 04:00;0,000512
15.07.2025 04:15;0,006633833333333334
15.07.2025 04:30;0,012755666666666667
15.07.2025 04:45;0,0188775
15.07.2025 05:00;0,024999333333333332
15.07.2025 05:15;0,04400791666666666
15.07.2025 05:30;0,0630165
15.07.2025 05:45;0,08202508333333333
15.07.2025 06:00;0,10103366666666666
15.07.2025 06:15;0,12782191666666665
15.07.2025 06:30;0,15461016666666666
15.07.2025 06:45;0,18139841666666667
15.07.2025 07:00;0,20818666666666666
15.07.2025 07:15;0,23457933333333333
15.07.2025 07:30;0,260972
15.07.2025 07:45;0,28736466666666666
15.07.2025 08:00;0,31375733333333333
15.07.2025 08:15;0,3332999166666667
15.07.2025 08:30;0,3528425
15.07.2025 08:45;0,3723850833333333
15.07.2025 09:00;0,3919276666666667
15.07.2025 09:15;0,39094191666666667
15.07.2025 09:30;0,38995616666666666
15.07.2025 09:45;0,3889704166666667
15.07.2025 10:00;0,3879846666666667
15.07.2025 10:15;0,4008721666666667
15.07.2025 10:30;0,4137596666666667
15.07.2025 10:45;0,4266471666666667
15.07.2025 11:00;0,4395346666666667
15.07.2025 11:15;0,43178283333333334
15.07.2025 11:30;0,42403100000000005
15.07.2025 11:45;0,4162791666666667
15.07.2025 12:00;0,40852733333333335
15.07.2025 12:15;0,3997365
15.07.2025 12:30;0,39094566666666664
15.07.2025 12:45;0,38215483333333333
15.07.2025 13:00;0,373364
15.07.2025 13:15;0,3689303333333333
15.07.2025 13:30;0,36449666666666664
15.07.2025 13:45;0,36006299999999997
15.07.2025 14:00;0,3556293333333333
15.07.2025 14:15;0,3360331666666666
15.07.2025 14:30;0,31643699999999997
15.07.2025 14:45;0,29684083333333333
15.07.2025 15:00;0,27724466666666664
15.07.2025 15:15;0,25182041666666666
15.07.2025 15:30;0,22639616666666665
15.07.2025 15:45;0,20097191666666664
15.07.2025 16:00;0,17554766666666666
15.07.2025 16:15;0,153162
15.07.2025 16:30;0,13077633333333333
15.07.2025 16:45;0,10839066666666668
15.07.2025 17:00;0,08600500000000001
15.07.2025 17:15;0,07119258333333334
15.07.2025 17:30;0,056380166666666676
15.07.2025 17:45;0,04156775
15.07.2025 18:00;0,026755333333333332
15.07.2025 18:15;0,0200665
15.07.2025 18:30;0,013377666666666666
15.07.2025 18:45;0,006688833333333335
15.07.2025 19:00;0,0
15.07.2025 19:15;0,0
15.07.2025 19:30;0,0
15.07.2025 19:45;0,0
15.07.2025 20:00;0,0
15.07.2025 20:15;0,0
15.07.2025 20:30;0,0
15.07.2025 20:45;0,0
15.07.2025 21:00;0,0
15.07.2025 21:15;0,0
15.07.2025 21:30;0,0
15.07.2025 21:45;0,0
15.07.2025 22:00;0,0
15.07.2025 22:15;0,0
15.07.2025 22:30;0,0
15.07.2025 22:45;0,0
15.07.2025 23:00;0,0
15.07.2025 23:15;0,0
15.07.2025 23:30;0,0
15.07.2025 23:45;0,0
16.07.2025 00:00;0,0
16.07.2025 00:15;0,0
16.07.2025 00:30;0,0
16.07.2025 00:45;0,0
16.07.2025 01:00;0,0
16.07.2025 01:15;0,0
16.07.2025 01:30;0,0
16.07.2025 01:45;0,0
16.07.2025 02:00;0,0
16.07.2025 02:15;0,0
16.07.2025 02:30;0,0
16.07.2025 02:45;0,0
16.07.2025 03:00;0,0
16.07.2025 03:15;0,0001955
16.07.2025 03:30;0,000391
16.07.2025 03:45;0,0005865000000000001
16.07.2025 04:00;0,000782
16.07.2025 04:15;0,008165
16.07.2025 04:30;0,015548
16.07.2025 04:45;0,022931
16.07.2025 05:00;0,030314
16.07.2025 05:15;0,054967499999999996
16.07.2025 05:30;0,079621
16.07.2025 05:45;0,10427449999999999
16.07.2025 06:00;0,128928
16.07.2025 06:15;0,16767866666666664
16.07.2025 06:30;0,20642933333333333
16.07.2025 06:45;0,24518
16.07.2025 07:00;0,28393066666666666
16.07.2025 07:15;0,32015533333333335
16.07.2025 07:30;0,35638000000000003
16.07.2025 07:45;0,39260466666666666
16.07.2025 08:00;0,42882933333333334
16.07.2025 08:15;0,4509321666666667
16.07.2025 08:30;0,473035
16.07.2025 08:45;0,49513783333333333
16.07.2025 09:00;0,5172406666666667
16.07.2025 09:15;0,53268125
16.07.2025 09:30;0,5481218333333333
16.07.2025 09:45;0,5635624166666667
16.07.2025 10:00;0,579003
16.07.2025 10:15;0,5885478333333334
16.07.2025 10:30;0,5980926666666667
16.07.2025 10:45;0,6076375
16.07.2025 11:00;0,6171823333333334
16.07.2025 11:15;0,6121885833333334
16.07.2025 11:30;0,6071948333333334
16.07.2025 11:45;0,6022010833333333
16.07.2025 12:00;0,5972073333333333
16.07.2025 12:15;0,5866291666666666
16.07.2025 12:30;0,576051
16.07.2025 12:45;0,5654728333333333
16.07.2025 13:00;0,5548946666666666
16.07.2025 13:15;0,5402575
16.07.2025 13:30;0,5256203333333334
16.07.2025 13:45;0,5109831666666667
16.07.2025 14:00;0,496346
16.07.2025 14:15;0,47039175
16.07.2025 14:30;0,4444375
16.07.2025 14:45;0,41848325
16.07.2025 15:00;0,39252899999999996
16.07.2025 15:15;0,35818724999999996
16.07.2025 15:30;0,3238455
16.07.2025 15:45;0,28950374999999995
16.07.2025 16:00;0,255162
16.07.2025 16:15;0,21666816666666666
16.07.2025 16:30;0,17817433333333332
16.07.2025 16:45;0,1396805
16.07.2025 17:00;0,10118666666666667
16.07.2025 17:15;0,08193208333333334
16.07.2025 17:30;0,0626775
16.07.2025 17:45;0,043422916666666665
16.07.2025 18:00;0,024168333333333333
16.07.2025 18:15;0,01812625
16.07.2025 18:30;0,012084166666666667
16.07.2025 18:45;0,006042083333333333
16.07.2025 19:00;0,0
16.07.2025 19:15;0,0
16.07.2025 19:30;0,0
16.07.2025 19:45;0,0
16.07.2025 20:00;0,0
16.07.2025 20:15;0,0
16.07.2025 20:30;0,0
16.07.2025 20:45;0,0
16.07.2025 21:00;0,0
16.07.2025 21:15;0,0
16.07.2025 21:30;0,0
16.07.2025 21:45;0,0
16.07.2025 22:00;0,0
16.07.2025 22:15;0,0
16.07.2025 22:30;0,0
16.07.2025 22:45;0,0
16.07.2025 23:00;0,0
16.07.2025 23:15;0,0
16.07.2025 23:30;0,0
16.07.2025 23:45;0,0
17.07.2025 00:00;0,0
17.07.2025 00:15;0,0
17.07.2025 00:30;0,0
17.07.2025 00:45;0,0
17.07.2025 01:00;0,0
17.07.2025 01:15;0,0
17.07.2025 01:30;0,0
17.07.2025 01:45;0,0
17.07.2025 02:00;0,0
17.07.2025 02:15;0,0
17.07.2025 02:30;0,0
17.07.2025 02:45;0,0
17.07.2025 03:00;0,0
17.07.2025 03:15;0,00023616666666666664
17.07.2025 03:30;0,0004723333333333333
17.07.2025 03:45;0,0007084999999999999
17.07.2025 04:00;0,0009446666666666667
17.07.2025 04:15;0,006930416666666666
17.07.2025 04:30;0,012916166666666666
17.07.2025 04:45;0,018901916666666668
17.07.2025 05:00;0,024887666666666666
17.07.2025 05:15;0,05281333333333334
17.07.2025 05:30;0,080739
17.07.2025 05:45;0,10866466666666667
17.07.2025 06:00;0,13659033333333334
17.07.2025 06:15;0,15964133333333336
17.07.2025 06:30;0,18269233333333335
17.07.2025 06:45;0,20574333333333333
17.07.2025 07:00;0,22879433333333335
17.07.2025 07:15;0,2766321666666667
17.07.2025 07:30;0,32447
17.07.2025 07:45;0,3723078333333333
17.07.2025 08:00;0,42014566666666664
17.07.2025 08:15;0,44402025
17.07.2025 08:30;0,4678948333333333
17.07.2025 08:45;0,4917694166666666
17.07.2025 09:00;0,515644
17.07.2025 09:15;0,5313194166666667
17.07.2025 09:30;0,5469948333333334
17.07.2025 09:45;0,56267025
17.07.2025 10:00;0,5783456666666668
17.07.2025 10:15;0,5810254166666667
17.07.2025 10:30;0,5837051666666667
17.07.2025 10:45;0,5863849166666667
17.07.2025 11:00;0,5890646666666667
17.07.2025 11:15;0,57643975
17.07.2025 11:30;0,5638148333333333
17.07.2025 11:45;0,5511899166666666
17.07.2025 12:00;0,538565
17.07.2025 12:15;0,53084575
17.07.2025 12:30;0,5231265
17.07.2025 12:45;0,51540725
17.07.2025 13:00;0,507688
17.07.2025 13:15;0,4927159166666667
17.07.2025 13:30;0,47774383333333337
17.07.2025 13:45;0,46277175
17.07.2025 14:00;0,44779966666666665
17.07.2025 14:15;0,42583941666666664
17.07.2025 14:30;0,4038791666666667
17.07.2025 14:45;0,38191891666666666
17.07.2025 15:00;0,35995866666666665
17.07.2025 15:15;0,33386991666666666
17.07.2025 15:30;0,30778116666666666
17.07.2025 15:45;0,28169241666666667
17.07.2025 16:00;0,2556036666666667
17.07.2025 16:15;0,21909941666666666
17.07.2025 16:30;0,18259516666666667
17.07.2025 16:45;0,14609091666666668
17.07.2025 17:00;0,10958666666666667
17.07.2025 17:15;0,08913599999999999
17.07.2025 17:30;0,06868533333333333
17.07.2025 17:45;0,048234666666666676
17.07.2025 18:00;0,027784
17.07.2025 18:15;0,020838000000000002
17.07.2025 18:30;0,013892000000000002
17.07.2025 18:45;0,006946000000000001
17.07.2025 19:00;0,0
17.07.2025 19:15;0,0
17.07.2025 19:30;0,0
17.07.2025 19:45;0,0
17.07.2025 20:00;0,0
17.07.2025 20:15;0,0
17.07.2025 20:30;0,0
17.07.2025 20:45;0,0
17.07.2025 21:00;0,0
17.07.2025 21:15;0,0
17.07.2025 21:30;0,0
17.07.2025 21:45;0,0
17.07.2025 22:00;0,0
17.07.2025 22:15;0,0
17.07.2025 22:30;0,0
17.07.2025 22:45;0,0
17.07.2025 23:00;0,0
17.07.2025 23:15;0,0
17.07.2025 23:30;0,0
17.07.2025 23:45;0,0
18.07.2025 00:00;0,0
18.07.2025 00:15;0,0
18.07.2025 00:30;0,0
18.07.2025 00:45;0,0
18.07.2025 01:00;0,0
18.07.2025 01:15;0,0
18.07.2025 01:30;0,0
18.07.2025 01:45;0,0
18.07.2025 02:00;0,0
18.07.2025 02:15;0,0
18.07.2025 02:30;0,0
18.07.2025 02:45;0,0
18.07.2025 03:00;0,0
18.07.2025 03:15;0,00013991666666666666
18.07.2025 03:30;0,0002798333333333333
18.07.2025 03:45;0,00041974999999999993
18.07.2025 04:00;0,0005596666666666666
18.07.2025 04:15;0,008212666666666667
18.07.2025 04:30;0,015865666666666667
18.07.2025 04:45;0,023518666666666667
18.07.2025 05:00;0,031171666666666667
18.07.2025 05:15;0,061379416666666665
18.07.2025 05:30;0,09158716666666666
18.07.2025 05:45;0,12179491666666667
18.07.2025 06:00;0,15200266666666667
18.07.2025 06:15;0,19615916666666666
18.07.2025 06:30;0,24031566666666668
18.07.2025 06:45;0,28447216666666664
18.07.2025 07:00;0,3286286666666667
18.07.2025 07:15;0,36888600000000005
18.07.2025 07:30;0,40914333333333336
18.07.2025 07:45;0,44940066666666667
18.07.2025 08:00;0,48965800000000004
18.07.2025 08:15;0,5170472500000001
18.07.2025 08:30;0,5444365
18.07.2025 08:45;0,5718257499999999
18.07.2025 09:00;0,5992149999999999
18.07.2025 09:15;0,6167654166666666
18.07.2025 09:30;0,6343158333333333
18.07.2025 09:45;0,65186625
18.07.2025 10:00;0,6694166666666667
18.07.2025 10:15;0,67577225
18.07.2025 10:30;0,6821278333333334
18.07.2025 10:45;0,6884834166666667
18.07.2025 11:00;0,694839
18.07.2025 11:15;0,6856915833333334
18.07.2025 11:30;0,6765441666666667
18.07.2025 11:45;0,66739675
18.07.2025 12:00;0,6582493333333334
18.07.2025 12:15;0,6387907500000001
18.07.2025 12:30;0,6193321666666667
18.07.2025 12:45;0,5998735833333333
18.07.2025 13:00;0,580415
18.07.2025 13:15;0,5616891666666667
18.07.2025 13:30;0,5429633333333334
18.07.2025 13:45;0,5242375
18.07.2025 14:00;0,5055116666666667
18.07.2025 14:15;0,47943075
18.07.2025 14:30;0,45334983333333334
18.07.2025 14:45;0,4272689166666667
18.07.2025 15:00;0,40118800000000004
18.07.2025 15:15;0,3691969166666667
18.07.2025 15:30;0,3372058333333333
18.07.2025 15:45;0,30521475
18.07.2025 16:00;0,27322366666666664
18.07.2025 16:15;0,23204116666666663
18.07.2025 16:30;0,19085866666666665
18.07.2025 16:45;0,14967616666666664
18.07.2025 17:00;0,10849366666666667
18.07.2025 17:15;0,088197
18.07.2025 17:30;0,06790033333333334
18.07.2025 17:45;0,04760366666666666
18.07.2025 18:00;0,027307
18.07.2025 18:15;0,020480250000000002
18.07.2025 18:30;0,013653500000000002
18.07.2025 18:45;0,006826750000000003
18.07.2025 19:00;0,0
18.07.2025 19:15;0,0
18.07.2025 19:30;0,0
18.07.2025 19:45;0,0
18.07.2025 20:00;0,0
18.07.2025 20:15;0,0
18.07.2025 20:30;0,0
18.07.2025 20:45;0,0
18.07.2025 21:00;0,0
18.07.2025 21:15;0,0
18.07.2025 21:30;0,0
18.07.2025 21:45;0,0
18.07.2025 22:00;0,0
18.07.2025 22:15;0,0
18.07.2025 22:30;0,0
18.07.2025 22:45;0,0
18.07.2025 23:00;0,0
18.07.2025 23:15;0,0
18.07.2025 23:30;0,0
18.07.2025 23:45;0,0
19.07.2025 00:00;0,0
19.07.2025 00:15;0,0
19.07.2025 00:30;0,0
19.07.2025 00:45;0,0
19.07.2025 01:00;0,0
19.07.2025 01:15;0,0
19.07.2025 01:30;0,0
19.07.2025 01:45;0,0
19.07.2025 02:00;0,0
19.07.2025 02:15;0,0
19.07.2025 02:30;0,0
19.07.2025 02:45;0,0
19.07.2025 03:00;0,0
19.07.2025 03:15;8,575000000000001e-05
19.07.2025 03:30;0,00017150000000000002
19.07.2025 03:45;0,00025725000000000005
19.07.2025 04:00;0,00034300000000000004
19.07.2025 04:15;0,00779975
19.07.2025 04:30;0,0152565
19.07.2025 04:45;0,022713249999999997
19.07.2025 05:00;0,03017
19.07.2025 05:15;0,06015374999999999
19.07.2025 05:30;0,0901375
19.07.2025 05:45;0,12012125
19.07.2025 06:00;0,150105
19.07.2025 06:15;0,18950716666666667
19.07.2025 06:30;0,22890933333333333
19.07.2025 06:45;0,2683115
19.07.2025 07:00;0,30771366666666666
19.07.2025 07:15;0,34494783333333334
19.07.2025 07:30;0,382182
19.07.2025 07:45;0,41941616666666665
19.07.2025 08:00;0,4566503333333333
19.07.2025 08:15;0,48805883333333333
19.07.2025 08:30;0,5194673333333334
19.07.2025 08:45;0,5508758333333333
19.07.2025 09:00;0,5822843333333334
19.07.2025 09:15;0,6030289166666667
19.07.2025 09:30;0,6237735
19.07.2025 09:45;0,6445180833333334
19.07.2025 10:00;0,6652626666666667
19.07.2025 10:15;0,6739466666666667
19.07.2025 10:30;0,6826306666666667
19.07.2025 10:45;0,6913146666666667
19.07.2025 11:00;0,6999986666666668
19.07.2025 11:15;0,697652
19.07.2025 11:30;0,6953053333333334
19.07.2025 11:45;0,6929586666666667
19.07.2025 12:00;0,690612
19.07.2025 12:15;0,6784131666666666
19.07.2025 12:30;0,6662143333333334
19.07.2025 12:45;0,6540155000000001
19.07.2025 13:00;0,6418166666666667
19.07.2025 13:15;0,617424
19.07.2025 13:30;0,5930313333333334
19.07.2025 13:45;0,5686386666666667
19.07.2025 14:00;0,544246
19.07.2025 14:15;0,5047875
19.07.2025 14:30;0,465329
19.07.2025 14:45;0,4258705
19.07.2025 15:00;0,386412
19.07.2025 15:15;0,3508260833333333
19.07.2025 15:30;0,31524016666666665
19.07.2025 15:45;0,27965425
19.07.2025 16:00;0,24406833333333333
19.07.2025 16:15;0,20908641666666666
19.07.2025 16:30;0,1741045
19.07.2025 16:45;0,13912258333333333
19.07.2025 17:00;0,10414066666666666
19.07.2025 17:15;0,08447824999999999
19.07.2025 17:30;0,06481583333333332
19.07.2025 17:45;0,04515341666666667
19.07.2025 18:00;0,025491
19.07.2025 18:15;0,01911825
19.07.2025 18:30;0,0127455
19.07.2025 18:45;0,00637275
19.07.2025 19:00;0,0
19.07.2025 19:15;0,0
19.07.2025 19:30;0,0
19.07.2025 19:45;0,0
19.07.2025 20:00;0,0
19.07.2025 20:15;0,0
19.07.2025 20:30;0,0
19.07.2025 20:45;0,0
19.07.2025 21:00;0,0
19.07.2025 21:15;0,0
19.07.2025 21:30;0,0
19.07.2025 21:45;0,0
19.07.2025 22:00;0,0
19.07.2025 22:15;0,0
19.07.2025 22:30;0,0
19.07.2025 22:45;0,0
19.07.2025 23:00;0,0
19.07.2025 23:15;0,0
19.07.2025 23:30;0,0
19.07.2025 23:45;0,0
20.07.2025 00:00;0,0
20.07.2025 00:15;0,0
20.07.2025 00:30;0,0
20.07.2025 00:45;0,0
20.07.2025 01:00;0,0
20.07.2025 01:15;0,0
20.07.2025 01:30;0,0
20.07.2025 01:45;0,0
20.07.2025 02:00;0,0
20.07.2025 02:15;0,0
20.07.2025 02:30;0,0
20.07.2025 02:45;0,0
20.07.2025 03:00;0,0
20.07.2025 03:15;4,858333333333333e-05
20.07.2025 03:30;9,716666666666667e-05
20.07.2025 03:45;0,00014575
20.07.2025 04:00;0,00019433333333333333
20.07.2025 04:15;0,0068319999999999995
20.07.2025 04:30;0,013469666666666665
20.07.2025 04:45;0,02010733333333333
20.07.2025 05:00;0,026745
20.07.2025 05:15;0,053318000000000004
20.07.2025 05:30;0,079891
20.07.2025 05:45;0,106464
20.07.2025 06:00;0,133037
20.07.2025 06:15;0,16945975
20.07.2025 06:30;0,20588250000000002
20.07.2025 06:45;0,24230525000000003
20.07.2025 07:00;0,27872800000000003
20.07.2025 07:15;0,31233558333333333
20.07.2025 07:30;0,3459431666666667
20.07.2025 07:45;0,37955075000000005
20.07.2025 08:00;0,41315833333333335
20.07.2025 08:15;0,44134558333333335
20.07.2025 08:30;0,4695328333333333
20.07.2025 08:45;0,4977200833333333
20.07.2025 09:00;0,5259073333333333
20.07.2025 09:15;0,5396526666666667
20.07.2025 09:30;0,553398
20.07.2025 09:45;0,5671433333333333
20.07.2025 10:00;0,5808886666666667
20.07.2025 10:15;0,5953886666666667
20.07.2025 10:30;0,6098886666666667
20.07.2025 10:45;0,6243886666666667
20.07.2025 11:00;0,6388886666666667
20.07.2025 11:15;0,6313300833333334
20.07.2025 11:30;0,6237715
20.07.2025 11:45;0,6162129166666668
20.07.2025 12:00;0,6086543333333334
20.07.2025 12:15;0,58930625
20.07.2025 12:30;0,5699581666666667
20.07.2025 12:45;0,5506100833333334
20.07.2025 13:00;0,531262
20.07.2025 13:15;0,5057625833333333
20.07.2025 13:30;0,4802631666666667
20.07.2025 13:45;0,45476375
20.07.2025 14:00;0,42926433333333336
20.07.2025 14:15;0,41182016666666665
20.07.2025 14:30;0,394376
20.07.2025 14:45;0,3769318333333333
20.07.2025 15:00;0,35948766666666665
20.07.2025 15:15;0,32844049999999997
20.07.2025 15:30;0,29739333333333334
20.07.2025 15:45;0,26634616666666666
20.07.2025 16:00;0,235299
20.07.2025 16:15;0,200619
20.07.2025 16:30;0,165939
20.07.2025 16:45;0,13125900000000001
20.07.2025 17:00;0,096579
20.07.2025 17:15;0,07862816666666667
20.07.2025 17:30;0,06067733333333333
20.07.2025 17:45;0,0427265
20.07.2025 18:00;0,024775666666666665
20.07.2025 18:15;0,018581749999999998
20.07.2025 18:30;0,012387833333333332
20.07.2025 18:45;0,0061939166666666635
20.07.2025 19:00;0,0
20.07.2025 19:15;0,0
20.07.2025 19:30;0,0
20.07.2025 19:45;0,0
20.07.2025 20:00;0,0
20.07.2025 20:15;0,0
20.07.2025 20:30;0,0
20.07.2025 20:45;0,0
20.07.2025 21:00;0,0
20.07.2025 21:15;0,0
20.07.2025 21:30;0,0
20.07.2025 21:45;0,0
20.07.2025 22:00;0,0
20.07.2025 22:15;0,0
20.07.2025 22:30;0,0
20.07.2025 22:45;0,0
20.07.2025 23:00;0,0
20.07.2025 23:15;0,0
20.07.2025 23:30;0,0
20.07.2025 23:45;0,0
21.07.2025 00:00;0,0
21.07.2025 00:15;0,0
21.07.2025 00:30;0,0
21.07.2025 00:45;0,0
21.07.2025 01:00;0,0
21.07.2025 01:15;0,0
21.07.2025 01:30;0,0
21.07.2025 01:45;0,0
21.07.2025 02:00;0,0
21.07.2025 02:15;0,0
21.07.2025 02:30;0,0
21.07.2025 02:45;0,0
21.07.2025 03:00;0,0
21.07.2025 03:15;2,5583333333333336e-05
21.07.2025 03:30;5,116666666666667e-05
21.07.2025 03:45;7,675000000000001e-05
21.07.2025 04:00;0,00010233333333333335
21.07.2025 04:15;0,007491833333333334
21.07.2025 04:30;0,014881333333333333
21.07.2025 04:45;0,022270833333333333
21.07.2025 05:00;0,029660333333333334
21.07.2025 05:15;0,04648183333333333
21.07.2025 05:30;0,06330333333333334
21.07.2025 05:45;0,08012483333333334
21.07.2025 06:00;0,09694633333333333
21.07.2025 06:15;0,11655016666666666
21.07.2025 06:30;0,136154
21.07.2025 06:45;0,15575783333333332
21.07.2025 07:00;0,17536166666666667
21.07.2025 07:15;0,2067645
21.07.2025 07:30;0,23816733333333334
21.07.2025 07:45;0,26957016666666667
21.07.2025 08:00;0,300973
21.07.2025 08:15;0,32591749999999997
21.07.2025 08:30;0,350862
21.07.2025 08:45;0,3758065
21.07.2025 09:00;0,40075099999999997
21.07.2025 09:15;0,4149595833333333
21.07.2025 09:30;0,4291681666666667
21.07.2025 09:45;0,44337675
21.07.2025 10:00;0,45758533333333334
21.07.2025 10:15;0,46720558333333334
21.07.2025 10:30;0,47682583333333334
21.07.2025 10:45;0,48644608333333333
21.07.2025 11:00;0,49606633333333333
21.07.2025 11:15;0,49502124999999997
21.07.2025 11:30;0,49397616666666666
21.07.2025 11:45;0,49293108333333335
21.07.2025 12:00;0,491886
21.07.2025 12:15;0,472668
21.07.2025 12:30;0,45345
21.07.2025 12:45;0,434232
21.07.2025 13:00;0,415014
21.07.2025 13:15;0,38601
21.07.2025 13:30;0,35700600000000005
21.07.2025 13:45;0,328002
21.07.2025 14:00;0,29899800000000004
21.07.2025 14:15;0,27470625000000004
21.07.2025 14:30;0,25041450000000004
21.07.2025 14:45;0,22612275000000004
21.07.2025 15:00;0,201831
21.07.2025 15:15;0,18770358333333334
21.07.2025 15:30;0,17357616666666667
21.07.2025 15:45;0,15944875
21.07.2025 16:00;0,14532133333333333
21.07.2025 16:15;0,12950191666666666
21.07.2025 16:30;0,11368249999999999
21.07.2025 16:45;0,09786308333333332
21.07.2025 17:00;0,08204366666666667
21.07.2025 17:15;0,06694741666666666
21.07.2025 17:30;0,05185116666666667
21.07.2025 17:45;0,036754916666666665
21.07.2025 18:00;0,021658666666666666
21.07.2025 18:15;0,016244
21.07.2025 18:30;0,010829333333333333
21.07.2025 18:45;0,005414666666666665
21.07.2025 19:00;0,0
21.07.2025 19:15;0,0
21.07.2025 19:30;0,0
21.07.2025 19:45;0,0
21.07.2025 20:00;0,0
21.07.2025 20:15;0,0
21.07.2025 20:30;0,0
21.07.2025 20:45;0,0
21.07.2025 21:00;0,0
21.07.2025 21:15;0,0
21.07.2025 21:30;0,0
21.07.2025 21:45;0,0
21.07.2025 22:00;0,0
21.07.2025 22:15;0,0
21.07.2025 22:30;0,0
21.07.2025 22:45;0,0
21.07.2025 23:00;0,0
21.07.2025 23:15;0,0
21.07.2025 23:30;0,0
21.07.2025 23:45;0,0
22.07.2025 00:00;0,0
22.07.2025 00:15;0,0
22.07.2025 00:30;0,0
22.07.2025 00:45;0,0
22.07.2025 01:00;0,0
22.07.2025 01:15;0,0
22.07.2025 01:30;0,0
22.07.2025 01:45;0,0
22.07.2025 02:00;0,0
22.07.2025 02:15;0,0
22.07.2025 02:30;0,0
22.07.2025 02:45;0,0
22.07.2025 03:00;0,0
22.07.2025 03:15;1,275e-05
22.07.2025 03:30;2,55e-05
22.07.2025 03:45;3,825e-05
22.07.2025 04:00;5,1e-05
22.07.2025 04:15;0,0075903333333333335
22.07.2025 04:30;0,015129666666666668
22.07.2025 04:45;0,022669
22.07.2025 05:00;0,030208333333333334
22.07.2025 05:15;0,052560166666666665
22.07.2025 05:30;0,07491199999999999
22.07.2025 05:45;0,09726383333333333
22.07.2025 06:00;0,11961566666666666
22.07.2025 06:15;0,15046358333333332
22.07.2025 06:30;0,1813115
22.07.2025 06:45;0,21215941666666666
22.07.2025 07:00;0,24300733333333333
22.07.2025 07:15;0,27052566666666666
22.07.2025 07:30;0,298044
22.07.2025 07:45;0,3255623333333333
22.07.2025 08:00;0,35308066666666665
22.07.2025 08:15;0,37417416666666664
22.07.2025 08:30;0,3952676666666667
22.07.2025 08:45;0,41636116666666667
22.07.2025 09:00;0,43745466666666666
22.07.2025 09:15;0,45532233333333333
22.07.2025 09:30;0,47319
22.07.2025 09:45;0,49105766666666667
22.07.2025 10:00;0,5089253333333333
22.07.2025 10:15;0,511765
22.07.2025 10:30;0,5146046666666666
22.07.2025 10:45;0,5174443333333333
22.07.2025 11:00;0,520284
22.07.2025 11:15;0,5197775
22.07.2025 11:30;0,519271
22.07.2025 11:45;0,5187645
22.07.2025 12:00;0,518258
22.07.2025 12:15;0,5086788333333333
22.07.2025 12:30;0,49909966666666666
22.07.2025 12:45;0,4895205
22.07.2025 13:00;0,47994133333333333
22.07.2025 13:15;0,45182725
22.07.2025 13:30;0,4237131666666667
22.07.2025 13:45;0,3955990833333333
22.07.2025 14:00;0,367485
22.07.2025 14:15;0,3433745
22.07.2025 14:30;0,319264
22.07.2025 14:45;0,29515349999999996
22.07.2025 15:00;0,271043
22.07.2025 15:15;0,24829016666666665
22.07.2025 15:30;0,2255373333333333
22.07.2025 15:45;0,20278449999999998
22.07.2025 16:00;0,18003166666666667
22.07.2025 16:15;0,15533508333333335
22.07.2025 16:30;0,1306385
22.07.2025 16:45;0,10594191666666668
22.07.2025 17:00;0,08124533333333334
22.07.2025 17:15;0,06541283333333334
22.07.2025 17:30;0,04958033333333334
22.07.2025 17:45;0,03374783333333334
22.07.2025 18:00;0,017915333333333335
22.07.2025 18:15;0,0134365
22.07.2025 18:30;0,008957666666666668
22.07.2025 18:45;0,004478833333333335
22.07.2025 19:00;0,0
22.07.2025 19:15;0,0
22.07.2025 19:30;0,0
22.07.2025 19:45;0,0
22.07.2025 20:00;0,0
22.07.2025 20:15;0,0
22.07.2025 20:30;0,0
22.07.2025 20:45;0,0
22.07.2025 21:00;0,0
22.07.2025 21:15;0,0
22.07.2025 21:30;0,0
22.07.2025 21:45;0,0
22.07.2025 22:00;0,0
22.07.2025 22:15;0,0
22.07.2025 22:30;0,0
22.07.2025 22:45;0,0
22.07.2025 23:00;0,0
22.07.2025 23:15;0,0
22.07.2025 23:30;0,0
22.07.2025 23:45;0,0
23.07.2025 00:00;0,0
23.07.2025 00:15;0,0
23.07.2025 00:30;0,0
23.07.2025 00:45;0,0
23.07.2025 01:00;0,0
23.07.2025 01:15;0,0
23.07.2025 01:30;0,0
23.07.2025 01:45;0,0
23.07.2025 02:00;0,0
23.07.2025 02:15;0,0
23.07.2025 02:30;0,0
23.07.2025 02:45;0,0
23.07.2025 03:00;0,0
23.07.2025 03:15;0,0
23.07.2025 03:30;0,0
23.07.2025 03:45;0,0
23.07.2025 04:00;0,0
23.07.2025 04:15;0,0068575
23.07.2025 04:30;0,013715
23.07.2025 04:45;0,0205725
23.07.2025 05:00;0,02743
23.07.2025 05:15;0,04855333333333334
23.07.2025 05:30;0,06967666666666666
23.07.2025 05:45;0,0908
23.07.2025 06:00;0,11192333333333333
23.07.2025 06:15;0,13827766666666666
23.07.2025 06:30;0,164632
23.07.2025 06:45;0,19098633333333334
23.07.2025 07:00;0,21734066666666668
23.07.2025 07:15;0,2475089166666667
23.07.2025 07:30;0,27767716666666664
23.07.2025 07:45;0,30784541666666665
23.07.2025 08:00;0,33801366666666666
23.07.2025 08:15;0,3637309166666667
23.07.2025 08:30;0,3894481666666667
23.07.2025 08:45;0,4151654166666667
23.07.2025 09:00;0,4408826666666667
23.07.2025 09:15;0,44606208333333336
23.07.2025 09:30;0,4512415
23.07.2025 09:45;0,4564209166666667
23.07.2025 10:00;0,46160033333333333
23.07.2025 10:15;0,4729986666666667
23.07.2025 10:30;0,48439699999999997
23.07.2025 10:45;0,4957953333333333
23.07.2025 11:00;0,5071936666666667
23.07.2025 11:15;0,5090790833333333
23.07.2025 11:30;0,5109645
23.07.2025 11:45;0,5128499166666667
23.07.2025 12:00;0,5147353333333333
23.07.2025 12:15;0,5062259166666667
23.07.2025 12:30;0,4977165
23.07.2025 12:45;0,48920708333333335
23.07.2025 13:00;0,4806976666666667
23.07.2025 13:15;0,4631943333333334
23.07.2025 13:30;0,445691
23.07.2025 13:45;0,42818766666666663
23.07.2025 14:00;0,4106843333333333
23.07.2025 14:15;0,3950545
23.07.2025 14:30;0,37942466666666663
23.07.2025 14:45;0,36379483333333335
23.07.2025 15:00;0,348165
23.07.2025 15:15;0,318571
23.07.2025 15:30;0,288977
23.07.2025 15:45;0,25938300000000003
23.07.2025 16:00;0,229789
23.07.2025 16:15;0,19856483333333333
23.07.2025 16:30;0,16734066666666667
23.07.2025 16:45;0,1361165
23.07.2025 17:00;0,10489233333333334
23.07.2025 17:15;0,08532691666666667
23.07.2025 17:30;0,0657615
23.07.2025 17:45;0,04619608333333333
23.07.2025 18:00;0,026630666666666667
23.07.2025 18:15;0,019972999999999998
23.07.2025 18:30;0,013315333333333332
23.07.2025 18:45;0,006657666666666666
23.07.2025 19:00;0,0
23.07.2025 19:15;0,0
23.07.2025 19:30;0,0
23.07.2025 19:45;0,0
23.07.2025 20:00;0,0
23.07.2025 20:15;0,0
23.07.2025 20:30;0,0
23.07.2025 20:45;0,0
23.07.2025 21:00;0,0
23.07.2025 21:15;0,0
23.07.2025 21:30;0,0
23.07.2025 21:45;0,0
23.07.2025 22:00;0,0
23.07.2025 22:15;0,0
23.07.2025 22:30;0,0
23.07.2025 22:45;0,0
23.07.2025 23:00;0,0
23.07.2025 23:15;0,0
23.07.2025 23:30;0,0
23.07.2025 23:45;0,0
24.07.2025 00:00;0,0
24.07.2025 00:15;0,0
24.07.2025 00:30;0,0
24.07.2025 00:45;0,0
24.07.2025 01:00;0,0
24.07.2025 01:15;0,0
24.07.2025 01:30;0,0
24.07.2025 01:45;0,0
24.07.2025 02:00;0,0
24.07.2025 02:15;0,0
24.07.2025 02:30;0,0
24.07.2025 02:45;0,0
24.07.2025 03:00;0,0
24.07.2025 03:15;0,0
24.07.2025 03:30;0,0
24.07.2025 03:45;0,0
24.07.2025 04:00;0,0
24.07.2025 04:15;0,006857583333333334
24.07.2025 04:30;0,013715166666666667
24.07.2025 04:45;0,02057275
24.07.2025 05:00;0,027430333333333334
24.07.2025 05:15;0,046900750000000005
24.07.2025 05:30;0,06637116666666668
24.07.2025 05:45;0,08584158333333333
24.07.2025 06:00;0,105312
24.07.2025 06:15;0,13084466666666666
24.07.2025 06:30;0,15637733333333334
24.07.2025 06:45;0,18191000000000002
24.07.2025 07:00;0,20744266666666666
24.07.2025 07:15;0,22858174999999997
24.07.2025 07:30;0,2497208333333333
24.07.2025 07:45;0,27085991666666664
24.07.2025 08:00;0,29199899999999995
24.07.2025 08:15;0,31171299999999996
24.07.2025 08:30;0,33142699999999997
24.07.2025 08:45;0,351141
24.07.2025 09:00;0,370855
24.07.2025 09:15;0,38811083333333335
24.07.2025 09:30;0,40536666666666665
24.07.2025 09:45;0,4226225
24.07.2025 10:00;0,43987833333333337
24.07.2025 10:15;0,4524814166666667
24.07.2025 10:30;0,4650845
24.07.2025 10:45;0,47768758333333333
24.07.2025 11:00;0,49029066666666665
24.07.2025 11:15;0,48487474999999997
24.07.2025 11:30;0,4794588333333333
24.07.2025 11:45;0,47404291666666665
24.07.2025 12:00;0,46862699999999996
24.07.2025 12:15;0,46254449999999997
24.07.2025 12:30;0,456462
24.07.2025 12:45;0,4503795
24.07.2025 13:00;0,444297
24.07.2025 13:15;0,4365245
24.07.2025 13:30;0,428752
24.07.2025 13:45;0,4209795
24.07.2025 14:00;0,413207
24.07.2025 14:15;0,3869000833333333
24.07.2025 14:30;0,36059316666666663
24.07.2025 14:45;0,33428625
24.07.2025 15:00;0,3079793333333333
24.07.2025 15:15;0,2821565833333333
24.07.2025 15:30;0,2563338333333333
24.07.2025 15:45;0,23051108333333334
24.07.2025 16:00;0,20468833333333333
24.07.2025 16:15;0,17543483333333335
24.07.2025 16:30;0,14618133333333333
24.07.2025 16:45;0,11692783333333334
24.07.2025 17:00;0,08767433333333334
24.07.2025 17:15;0,07199125
24.07.2025 17:30;0,05630816666666667
24.07.2025 17:45;0,04062508333333334
24.07.2025 18:00;0,024942000000000002
24.07.2025 18:15;0,0187065
24.07.2025 18:30;0,012471000000000001
24.07.2025 18:45;0,0062355000000000015
24.07.2025 19:00;0,0
24.07.2025 19:15;0,0
24.07.2025 19:30;0,0
24.07.2025 19:45;0,0
24.07.2025 20:00;0,0
24.07.2025 20:15;0,0
24.07.2025 20:30;0,0
24.07.2025 20:45;0,0
24.07.2025 21:00;0,0
24.07.2025 21:15;0,0
24.07.2025 21:30;0,0
24.07.2025 21:45;0,0
24.07.2025 22:00;0,0
24.07.2025 22:15;0,0
24.07.2025 22:30;0,0
24.07.2025 22:45;0,0
24.07.2025 23:00;0,0
24.07.2025 23:15;0,0
24.07.2025 23:30;0,0
24.07.2025 23:45;0,0
25.07.2025 00:00;0,0
25.07.2025 00:15;0,0
25.07.2025 00:30;0,0
25.07.2025 00:45;0,0
25.07.2025 01:00;0,0
25.07.2025 01:15;0,0
25.07.2025 01:30;0,0
25.07.2025 01:45;0,0
25.07.2025 02:00;0,0
25.07.2025 02:15;0,0
25.07.2025 02:30;0,0
25.07.2025 02:45;0,0
25.07.2025 03:00;0,0
25.07.2025 03:15;0,0
25.07.2025 03:30;0,0
25.07.2025 03:45;0,0
25.07.2025 04:00;0,0
25.07.2025 04:15;0,006208333333333333
25.07.2025 04:30;0,012416666666666666
25.07.2025 04:45;0,018625
25.07.2025 05:00;0,024833333333333332
25.07.2025 05:15;0,049300916666666666
25.07.2025 05:30;0,0737685
25.07.2025 05:45;0,09823608333333333
25.07.2025 06:00;0,12270366666666667
25.07.2025 06:15;0,15519858333333333
25.07.2025 06:30;0,1876935
25.07.2025 06:45;0,22018841666666666
25.07.2025 07:00;0,2526833333333333
25.07.2025 07:15;0,2861775833333333
25.07.2025 07:30;0,3196718333333333
25.07.2025 07:45;0,3531660833333333
25.07.2025 08:00;0,38666033333333333
25.07.2025 08:15;0,40455983333333334
25.07.2025 08:30;0,4224593333333333
25.07.2025 08:45;0,4403588333333333
25.07.2025 09:00;0,4582583333333333
25.07.2025 09:15;0,4691575
25.07.2025 09:30;0,4800566666666667
25.07.2025 09:45;0,49095583333333337
25.07.2025 10:00;0,501855
25.07.2025 10:15;0,5142231666666667
25.07.2025 10:30;0,5265913333333334
25.07.2025 10:45;0,5389595
25.07.2025 11:00;0,5513276666666667
25.07.2025 11:15;0,5432074166666667
25.07.2025 11:30;0,5350871666666667
25.07.2025 11:45;0,5269669166666666
25.07.2025 12:00;0,5188466666666667
25.07.2025 12:15;0,50536275
25.07.2025 12:30;0,4918788333333333
25.07.2025 12:45;0,47839491666666667
25.07.2025 13:00;0,46491099999999996
25.07.2025 13:15;0,45129916666666664
25.07.2025 13:30;0,4376873333333333
25.07.2025 13:45;0,4240755
25.07.2025 14:00;0,41046366666666667
25.07.2025 14:15;0,394306
25.07.2025 14:30;0,3781483333333333
25.07.2025 14:45;0,3619906666666667
25.07.2025 15:00;0,345833
25.07.2025 15:15;0,31106516666666667
25.07.2025 15:30;0,27629733333333334
25.07.2025 15:45;0,2415295
25.07.2025 16:00;0,20676166666666665
25.07.2025 16:15;0,17943333333333333
25.07.2025 16:30;0,152105
25.07.2025 16:45;0,12477666666666666
25.07.2025 17:00;0,09744833333333333
25.07.2025 17:15;0,07931383333333333
25.07.2025 17:30;0,061179333333333336
25.07.2025 17:45;0,04304483333333334
25.07.2025 18:00;0,024910333333333333
25.07.2025 18:15;0,018682749999999998
25.07.2025 18:30;0,012455166666666666
25.07.2025 18:45;0,006227583333333335
25.07.2025 19:00;0,0
25.07.2025 19:15;0,0
25.07.2025 19:30;0,0
25.07.2025 19:45;0,0
25.07.2025 20:00;0,0
25.07.2025 20:15;0,0
25.07.2025 20:30;0,0
25.07.2025 20:45;0,0
25.07.2025 21:00;0,0
25.07.2025 21:15;0,0
25.07.2025 21:30;0,0
25.07.2025 21:45;0,0
25.07.2025 22:00;0,0
25.07.2025 22:15;0,0
25.07.2025 22:30;0,0
25.07.2025 22:45;0,0
25.07.2025 23:00;0,0
25.07.2025 23:15;0,0
25.07.2025 23:30;0,0
25.07.2025 23:45;0,0
26.07.2025 00:00;0,0
26.07.2025 00:15;0,0
26.07.2025 00:30;0,0
26.07.2025 00:45;0,0
26.07.2025 01:00;0,0
26.07.2025 01:15;0,0
26.07.2025 01:30;0,0
26.07.2025 01:45;0,0
26.07.2025 02:00;0,0
26.07.2025 02:15;0,0
26.07.2025 02:30;0,0
26.07.2025 02:45;0,0
26.07.2025 03:00;0,0
26.07.2025 03:15;0,0
26.07.2025 03:30;0,0
26.07.2025 03:45;0,0
26.07.2025 04:00;0,0
26.07.2025 04:15;0,0063416666666666665
26.07.2025 04:30;0,012683333333333333
26.07.2025 04:45;0,019025
26.07.2025 05:00;0,025366666666666666
26.07.2025 05:15;0,047329916666666666
26.07.2025 05:30;0,06929316666666667
26.07.2025 05:45;0,09125641666666666
26.07.2025 06:00;0,11321966666666666
26.07.2025 06:15;0,14779516666666667
26.07.2025 06:30;0,18237066666666668
26.07.2025 06:45;0,2169461666666667
26.07.2025 07:00;0,2515216666666667
26.07.2025 07:15;0,2774801666666667
26.07.2025 07:30;0,3034386666666667
26.07.2025 07:45;0,3293971666666667
26.07.2025 08:00;0,3553556666666667
26.07.2025 08:15;0,3840555
26.07.2025 08:30;0,41275533333333336
26.07.2025 08:45;0,4414551666666667
26.07.2025 09:00;0,470155
26.07.2025 09:15;0,48032699999999995
26.07.2025 09:30;0,49049899999999996
26.07.2025 09:45;0,500671
26.07.2025 10:00;0,5108429999999999
26.07.2025 10:15;0,51697225
26.07.2025 10:30;0,5231015
26.07.2025 10:45;0,52923075
26.07.2025 11:00;0,5353600000000001
26.07.2025 11:15;0,5387653333333334
26.07.2025 11:30;0,5421706666666667
26.07.2025 11:45;0,5455760000000001
26.07.2025 12:00;0,5489813333333333
26.07.2025 12:15;0,54460775
26.07.2025 12:30;0,5402341666666666
26.07.2025 12:45;0,5358605833333333
26.07.2025 13:00;0,5314869999999999
26.07.2025 13:15;0,5102623333333333
26.07.2025 13:30;0,48903766666666665
26.07.2025 13:45;0,46781300000000003
26.07.2025 14:00;0,44658833333333336
26.07.2025 14:15;0,41553975000000004
26.07.2025 14:30;0,3844911666666667
26.07.2025 14:45;0,35344258333333334
26.07.2025 15:00;0,322394
26.07.2025 15:15;0,2963935833333333
26.07.2025 15:30;0,2703931666666667
26.07.2025 15:45;0,24439275000000002
26.07.2025 16:00;0,21839233333333335
26.07.2025 16:15;0,18627300000000002
26.07.2025 16:30;0,1541536666666667
26.07.2025 16:45;0,12203433333333333
26.07.2025 17:00;0,089915
26.07.2025 17:15;0,07287041666666666
26.07.2025 17:30;0,05582583333333333
26.07.2025 17:45;0,038781249999999996
26.07.2025 18:00;0,021736666666666668
26.07.2025 18:15;0,0163025
26.07.2025 18:30;0,010868333333333334
26.07.2025 18:45;0,005434166666666667
26.07.2025 19:00;0,0
26.07.2025 19:15;0,0
26.07.2025 19:30;0,0
26.07.2025 19:45;0,0
26.07.2025 20:00;0,0
26.07.2025 20:15;0,0
26.07.2025 20:30;0,0
26.07.2025 20:45;0,0
26.07.2025 21:00;0,0
26.07.2025 21:15;0,0
26.07.2025 21:30;0,0
26.07.2025 21:45;0,0
26.07.2025 22:00;0,0
26.07.2025 22:15;0,0
26.07.2025 22:30;0,0
26.07.2025 22:45;0,0
26.07.2025 23:00;0,0
26.07.2025 23:15;0,0
26.07.2025 23:30;0,0
26.07.2025 23:45;0,0
27.07.2025 00:00;0,0
27.07.2025 00:15;0,0
27.07.2025 00:30;0,0
27.07.2025 00:45;0,0
27.07.2025 01:00;0,0
27.07.2025 01:15;0,0
27.07.2025 01:30;0,0
27.07.2025 01:45;0,0
27.07.2025 02:00;0,0
27.07.2025 02:15;0,0
27.07.2025 02:30;0,0
27.07.2025 02:45;0,0
27.07.2025 03:00;0,0
27.07.2025 03:15;0,0
27.07.2025 03:30;0,0
27.07.2025 03:45;0,0
27.07.2025 04:00;0,0
27.07.2025 04:15;0,0059429166666666675
27.07.2025 04:30;0,011885833333333335
27.07.2025 04:45;0,01782875
27.07.2025 05:00;0,02377166666666667
27.07.2025 05:15;0,04372708333333334
27.07.2025 05:30;0,0636825
27.07.2025 05:45;0,08363791666666667
27.07.2025 06:00;0,10359333333333334
27.07.2025 06:15;0,13574266666666668
27.07.2025 06:30;0,167892
27.07.2025 06:45;0,20004133333333335
27.07.2025 07:00;0,23219066666666668
27.07.2025 07:15;0,26550125
27.07.2025 07:30;0,29881183333333333
27.07.2025 07:45;0,33212241666666664
27.07.2025 08:00;0,365433
27.07.2025 08:15;0,3837190833333333
27.07.2025 08:30;0,40200516666666664
27.07.2025 08:45;0,42029125
27.07.2025 09:00;0,4385773333333333
27.07.2025 09:15;0,45948433333333333
27.07.2025 09:30;0,4803913333333333
27.07.2025 09:45;0,5012983333333333
27.07.2025 10:00;0,5222053333333333
27.07.2025 10:15;0,53603625
27.07.2025 10:30;0,5498671666666667
27.07.2025 10:45;0,5636980833333333
27.07.2025 11:00;0,577529
27.07.2025 11:15;0,56965325
27.07.2025 11:30;0,5617775
27.07.2025 11:45;0,55390175
27.07.2025 12:00;0,546026
27.07.2025 12:15;0,5252651666666667
27.07.2025 12:30;0,5045043333333333
27.07.2025 12:45;0,48374350000000005
27.07.2025 13:00;0,4629826666666667
27.07.2025 13:15;0,4402693333333334
27.07.2025 13:30;0,41755600000000004
27.07.2025 13:45;0,3948426666666667
27.07.2025 14:00;0,37212933333333337
27.07.2025 14:15;0,35812183333333336
27.07.2025 14:30;0,34411433333333336
27.07.2025 14:45;0,33010683333333335
27.07.2025 15:00;0,31609933333333334
27.07.2025 15:15;0,28594108333333335
27.07.2025 15:30;0,25578283333333335
27.07.2025 15:45;0,22562458333333335
27.07.2025 16:00;0,19546633333333335
27.07.2025 16:15;0,16525041666666668
27.07.2025 16:30;0,1350345
27.07.2025 16:45;0,10481858333333334
27.07.2025 17:00;0,07460266666666666
27.07.2025 17:15;0,06030691666666667
27.07.2025 17:30;0,046011166666666665
27.07.2025 17:45;0,03171541666666667
27.07.2025 18:00;0,017419666666666667
27.07.2025 18:15;0,01306475
27.07.2025 18:30;0,008709833333333333
27.07.2025 18:45;0,004354916666666665
27.07.2025 19:00;0,0
27.07.2025 19:15;0,0
27.07.2025 19:30;0,0
27.07.2025 19:45;0,0
27.07.2025 20:00;0,0
27.07.2025 20:15;0,0
27.07.2025 20:30;0,0
27.07.2025 20:45;0,0
27.07.2025 21:00;0,0
27.07.2025 21:15;0,0
27.07.2025 21:30;0,0
27.07.2025 21:45;0,0
27.07.2025 22:00;0,0
27.07.2025 22:15;0,0
27.07.2025 22:30;0,0
27.07.2025 22:45;0,0
27.07.2025 23:00;0,0
27.07.2025 23:15;0,0
27.07.2025 23:30;0,0
27.07.2025 23:45;0,0
28.07.2025 00:00;0,0
28.07.2025 00:15;0,0
28.07.2025 00:30;0,0
28.07.2025 00:45;0,0
28.07.2025 01:00;0,0
28.07.2025 01:15;0,0
28.07.2025 01:30;0,0
28.07.2025 01:45;0,0
28.07.2025 02:00;0,0
28.07.2025 02:15;0,0
28.07.2025 02:30;0,0
28.07.2025 02:45;0,0
28.07.2025 03:00;0,0
28.07.2025 03:15;0,0
28.07.2025 03:30;0,0
28.07.2025 03:45;0,0
28.07.2025 04:00;0,0
28.07.2025 04:15;0,0051797499999999995
28.07.2025 04:30;0,010359499999999999
28.07.2025 04:45;0,01553925
28.07.2025 05:00;0,020718999999999998
28.07.2025 05:15;0,0344185
28.07.2025 05:30;0,048117999999999994
28.07.2025 05:45;0,0618175
28.07.2025 06:00;0,075517
28.07.2025 06:15;0,09899525
28.07.2025 06:30;0,12247350000000001
28.07.2025 06:45;0,14595175000000002
28.07.2025 07:00;0,16943000000000003
28.07.2025 07:15;0,19340100000000002
28.07.2025 07:30;0,217372
28.07.2025 07:45;0,241343
28.07.2025 08:00;0,265314
28.07.2025 08:15;0,255136
28.07.2025 08:30;0,244958
28.07.2025 08:45;0,23478
28.07.2025 09:00;0,224602
28.07.2025 09:15;0,24596925
28.07.2025 09:30;0,2673365
28.07.2025 09:45;0,28870375
28.07.2025 10:00;0,310071
28.07.2025 10:15;0,31685675
28.07.2025 10:30;0,3236425
28.07.2025 10:45;0,33042825
28.07.2025 11:00;0,337214
28.07.2025 11:15;0,33649450000000003
28.07.2025 11:30;0,33577500000000005
28.07.2025 11:45;0,3350555
28.07.2025 12:00;0,334336
28.07.2025 12:15;0,3254125
28.07.2025 12:30;0,316489
28.07.2025 12:45;0,30756550000000005
28.07.2025 13:00;0,298642
28.07.2025 13:15;0,28579166666666667
28.07.2025 13:30;0,27294133333333337
28.07.2025 13:45;0,260091
28.07.2025 14:00;0,2472406666666667
28.07.2025 14:15;0,23562925
28.07.2025 14:30;0,22401783333333336
28.07.2025 14:45;0,21240641666666668
28.07.2025 15:00;0,200795
28.07.2025 15:15;0,1919085
28.07.2025 15:30;0,18302200000000002
28.07.2025 15:45;0,1741355
28.07.2025 16:00;0,165249
28.07.2025 16:15;0,14283566666666667
28.07.2025 16:30;0,12042233333333333
28.07.2025 16:45;0,098009
28.07.2025 17:00;0,07559566666666666
28.07.2025 17:15;0,06153241666666666
28.07.2025 17:30;0,04746916666666666
28.07.2025 17:45;0,03340591666666667
28.07.2025 18:00;0,019342666666666668
28.07.2025 18:15;0,014507
28.07.2025 18:30;0,009671333333333334
28.07.2025 18:45;0,004835666666666667
28.07.2025 19:00;0,0
28.07.2025 19:15;0,0
28.07.2025 19:30;0,0
28.07.2025 19:45;0,0
28.07.2025 20:00;0,0
28.07.2025 20:15;0,0
28.07.2025 20:30;0,0
28.07.2025 20:45;0,0
28.07.2025 21:00;0,0
28.07.2025 21:15;0,0
28.07.2025 21:30;0,0
28.07.2025 21:45;0,0
28.07.2025 22:00;0,0
28.07.2025 22:15;0,0
28.07.2025 22:30;0,0
28.07.2025 22:45;0,0
28.07.2025 23:00;0,0
28.07.2025 23:15;0,0
28.07.2025 23:30;0,0
28.07.2025 23:45;0,0
29.07.2025 00:00;0,0
29.07.2025 00:15;0,0
29.07.2025 00:30;0,0
29.07.2025 00:45;0,0
29.07.2025 01:00;0,0
29.07.2025 01:15;0,0
29.07.2025 01:30;0,0
29.07.2025 01:45;0,0
29.07.2025 02:00;0,0
29.07.2025 02:15;0,0
29.07.2025 02:30;0,0
29.07.2025 02:45;0,0
29.07.2025 03:00;0,0
29.07.2025 03:15;0,0
29.07.2025 03:30;0,0
29.07.2025 03:45;0,0
29.07.2025 04:00;0,0
29.07.2025 04:15;0,0067722500000000005
29.07.2025 04:30;0,013544500000000001
29.07.2025 04:45;0,02031675
29.07.2025 05:00;0,027089
29.07.2025 05:15;0,051442749999999995
29.07.2025 05:30;0,0757965
29.07.2025 05:45;0,10015025000000001
29.07.2025 06:00;0,124504
29.07.2025 06:15;0,16339825000000002
29.07.2025 06:30;0,20229250000000001
29.07.2025 06:45;0,24118675
29.07.2025 07:00;0,280081
29.07.2025 07:15;0,3226461666666667
29.07.2025 07:30;0,36521133333333333
29.07.2025 07:45;0,4077765
29.07.2025 08:00;0,45034166666666664
29.07.2025 08:15;0,4745501666666666
29.07.2025 08:30;0,49875866666666663
29.07.2025 08:45;0,5229671666666666
29.07.2025 09:00;0,5471756666666666
29.07.2025 09:15;0,5571486666666666
29.07.2025 09:30;0,5671216666666666
29.07.2025 09:45;0,5770946666666666
29.07.2025 10:00;0,5870676666666667
29.07.2025 10:15;0,55540225
29.07.2025 10:30;0,5237368333333333
29.07.2025 10:45;0,49207141666666665
29.07.2025 11:00;0,460406
29.07.2025 11:15;0,49847116666666663
29.07.2025 11:30;0,5365363333333333
29.07.2025 11:45;0,5746015
29.07.2025 12:00;0,6126666666666666
29.07.2025 12:15;0,6007388333333332
29.07.2025 12:30;0,588811
29.07.2025 12:45;0,5768831666666667
29.07.2025 13:00;0,5649553333333334
29.07.2025 13:15;0,5489221666666667
29.07.2025 13:30;0,532889
29.07.2025 13:45;0,5168558333333333
29.07.2025 14:00;0,5008226666666666
29.07.2025 14:15;0,47509816666666665
29.07.2025 14:30;0,44937366666666667
29.07.2025 14:45;0,42364916666666663
29.07.2025 15:00;0,39792466666666665
29.07.2025 15:15;0,36199375
29.07.2025 15:30;0,3260628333333333
29.07.2025 15:45;0,29013191666666666
29.07.2025 16:00;0,254201
29.07.2025 16:15;0,21586883333333334
29.07.2025 16:30;0,17753666666666668
29.07.2025 16:45;0,1392045
29.07.2025 17:00;0,10087233333333333
29.07.2025 17:15;0,08134158333333333
29.07.2025 17:30;0,06181083333333333
29.07.2025 17:45;0,04228008333333333
29.07.2025 18:00;0,022749333333333333
29.07.2025 18:15;0,017062
29.07.2025 18:30;0,011374666666666667
29.07.2025 18:45;0,005687333333333336
29.07.2025 19:00;0,0
29.07.2025 19:15;0,0
29.07.2025 19:30;0,0
29.07.2025 19:45;0,0
29.07.2025 20:00;0,0
29.07.2025 20:15;0,0
29.07.2025 20:30;0,0
29.07.2025 20:45;0,0
29.07.2025 21:00;0,0
29.07.2025 21:15;0,0
29.07.2025 21:30;0,0
29.07.2025 21:45;0,0
29.07.2025 22:00;0,0
29.07.2025 22:15;0,0
29.07.2025 22:30;0,0
29.07.2025 22:45;0,0
29.07.2025 23:00;0,0
29.07.2025 23:15;0,0
29.07.2025 23:30;0,0
29.07.2025 23:45;0,0
30.07.2025 00:00;0,0
30.07.2025 00:15;0,0
30.07.2025 00:30;0,0
30.07.2025 00:45;0,0
30.07.2025 01:00;0,0
30.07.2025 01:15;0,0
30.07.2025 01:30;0,0
30.07.2025 01:45;0,0
30.07.2025 02:00;0,0
30.07.2025 02:15;0,0
30.07.2025 02:30;0,0
30.07.2025 02:45;0,0
30.07.2025 03:00;0,0
30.07.2025 03:15;0,0
30.07.2025 03:30;0,0
30.07.2025 03:45;0,0
30.07.2025 04:00;0,0
30.07.2025 04:15;0,006727416666666667
30.07.2025 04:30;0,013454833333333334
30.07.2025 04:45;0,02018225
30.07.2025 05:00;0,026909666666666665
30.07.2025 05:15;0,05533924999999999
30.07.2025 05:30;0,08376883333333332
30.07.2025 05:45;0,11219841666666666
30.07.2025 06:00;0,140628
30.07.2025 06:15;0,18486775
30.07.2025 06:30;0,22910749999999996
30.07.2025 06:45;0,27334724999999993
30.07.2025 07:00;0,31758699999999995
30.07.2025 07:15;0,3554691666666666
30.07.2025 07:30;0,3933513333333333
30.07.2025 07:45;0,4312335
30.07.2025 08:00;0,46911566666666665
30.07.2025 08:15;0,49848383333333335
30.07.2025 08:30;0,527852
30.07.2025 08:45;0,5572201666666667
30.07.2025 09:00;0,5865883333333334
30.07.2025 09:15;0,6040625000000001
30.07.2025 09:30;0,6215366666666666
30.07.2025 09:45;0,6390108333333333
30.07.2025 10:00;0,656485
30.07.2025 10:15;0,6560809166666667
30.07.2025 10:30;0,6556768333333334
30.07.2025 10:45;0,65527275
30.07.2025 11:00;0,6548686666666667
30.07.2025 11:15;0,6426509166666666
30.07.2025 11:30;0,6304331666666667
30.07.2025 11:45;0,6182154166666667
30.07.2025 12:00;0,6059976666666667
30.07.2025 12:15;0,5845360833333333
30.07.2025 12:30;0,5630744999999999
30.07.2025 12:45;0,5416129166666667
30.07.2025 13:00;0,5201513333333333
30.07.2025 13:15;0,503978
30.07.2025 13:30;0,48780466666666666
30.07.2025 13:45;0,47163133333333335
30.07.2025 14:00;0,45545800000000003
30.07.2025 14:15;0,4217116666666667
30.07.2025 14:30;0,38796533333333333
30.07.2025 14:45;0,35421899999999995
30.07.2025 15:00;0,32047266666666663
30.07.2025 15:15;0,2934245833333333
30.07.2025 15:30;0,26637649999999996
30.07.2025 15:45;0,23932841666666665
30.07.2025 16:00;0,21228033333333332
30.07.2025 16:15;0,183559
30.07.2025 16:30;0,15483766666666665
30.07.2025 16:45;0,12611633333333333
30.07.2025 17:00;0,097395
30.07.2025 17:15;0,07785675
30.07.2025 17:30;0,058318499999999995
30.07.2025 17:45;0,038780249999999995
30.07.2025 18:00;0,019242
30.07.2025 18:15;0,0144315
30.07.2025 18:30;0,009621
30.07.2025 18:45;0,0048105000000000005
30.07.2025 19:00;0,0
30.07.2025 19:15;0,0
30.07.2025 19:30;0,0
30.07.2025 19:45;0,0
30.07.2025 20:00;0,0
30.07.2025 20:15;0,0
30.07.2025 20:30;0,0
30.07.2025 20:45;0,0
30.07.2025 21:00;0,0
30.07.2025 21:15;0,0
30.07.2025 21:30;0,0
30.07.2025 21:45;0,0
30.07.2025 22:00;0,0
30.07.2025 22:15;0,0
30.07.2025 22:30;0,0
30.07.2025 22:45;0,0
30.07.2025 23:00;0,0
30.07.2025 23:15;0,0
30.07.2025 23:30;0,0
30.07.2025 23:45;0,0
31.07.2025 00:00;0,0
31.07.2025 00:15;0,0
31.07.2025 00:30;0,0
31.07.2025 00:45;0,0
31.07.2025 01:00;0,0
31.07.2025 01:15;0,0
31.07.2025 01:30;0,0
31.07.2025 01:45;0,0
31.07.2025 02:00;0,0
31.07.2025 02:15;0,0
31.07.2025 02:30;0,0
31.07.2025 02:45;0,0
31.07.2025 03:00;0,0
31.07.2025 03:15;0,0
31.07.2025 03:30;0,0
31.07.2025 03:45;0,0
31.07.2025 04:00;0,0
31.07.2025 04:15;0,005424333333333333
31.07.2025 04:30;0,010848666666666666
31.07.2025 04:45;0,016273
31.07.2025 05:00;0,021697333333333332
31.07.2025 05:15;0,039516416666666665
31.07.2025 05:30;0,057335500000000005
31.07.2025 05:45;0,07515458333333333
31.07.2025 06:00;0,09297366666666668
31.07.2025 06:15;0,11826258333333334
31.07.2025 06:30;0,1435515
31.07.2025 06:45;0,16884041666666666
31.07.2025 07:00;0,19412933333333332
31.07.2025 07:15;0,22205291666666666
31.07.2025 07:30;0,2499765
31.07.2025 07:45;0,2779000833333333
31.07.2025 08:00;0,30582366666666666
31.07.2025 08:15;0,31839958333333335
31.07.2025 08:30;0,3309755
31.07.2025 08:45;0,34355141666666666
31.07.2025 09:00;0,35612733333333335
31.07.2025 09:15;0,36259983333333334
31.07.2025 09:30;0,36907233333333334
31.07.2025 09:45;0,3755448333333333
31.07.2025 10:00;0,3820173333333333
31.07.2025 10:15;0,4026785833333333
31.07.2025 10:30;0,4233398333333333
31.07.2025 10:45;0,4440010833333333
31.07.2025 11:00;0,4646623333333333
31.07.2025 11:15;0,4653104166666666
31.07.2025 11:30;0,46595849999999994
31.07.2025 11:45;0,4666065833333333
31.07.2025 12:00;0,46725466666666665
31.07.2025 12:15;0,452503
31.07.2025 12:30;0,4377513333333334
31.07.2025 12:45;0,4229996666666667
31.07.2025 13:00;0,40824800000000006
31.07.2025 13:15;0,39389558333333335
31.07.2025 13:30;0,37954316666666665
31.07.2025 13:45;0,36519075
31.07.2025 14:00;0,3508383333333333
31.07.2025 14:15;0,33419424999999997
31.07.2025 14:30;0,3175501666666667
31.07.2025 14:45;0,30090608333333335
31.07.2025 15:00;0,284262
31.07.2025 15:15;0,26477191666666666
31.07.2025 15:30;0,24528183333333334
31.07.2025 15:45;0,22579174999999999
31.07.2025 16:00;0,20630166666666666
31.07.2025 16:15;0,17592908333333332
31.07.2025 16:30;0,1455565
31.07.2025 16:45;0,11518391666666666
31.07.2025 17:00;0,08481133333333334
31.07.2025 17:15;0,0679535
31.07.2025 17:30;0,051095666666666664
31.07.2025 17:45;0,03423783333333333
31.07.2025 18:00;0,01738
31.07.2025 18:15;0,013035
31.07.2025 18:30;0,00869
31.07.2025 18:45;0,004345
31.07.2025 19:00;0,0
31.07.2025 19:15;0,0
31.07.2025 19:30;0,0
31.07.2025 19:45;0,0
31.07.2025 20:00;0,0
31.07.2025 20:15;0,0
31.07.2025 20:30;0,0
31.07.2025 20:45;0,0
31.07.2025 21:00;0,0
31.07.2025 21:15;0,0
31.07.2025 21:30;0,0
31.07.2025 21:45;0,0
31.07.2025 22:00;0,0
31.07.2025 22:15;0,0
31.07.2025 22:30;0,0
31.07.2025 22:45;0,0
31.07.2025 23:00;0,0
31.07.2025 23:15;0,0
31.07.2025 23:30;0,0
31.07.2025 23:45;0,0
01.08.2025 00:00;0,0
01.08.2025 00:15;0,0
01.08.2025 00:30;0,0
01.08.2025 00:45;0,0
01.08.2025 01:00;0,0
01.08.2025 01:15;0,0
01.08.2025 01:30;0,0
01.08.2025 01:45;0,0
01.08.2025 02:00;0,0
01.08.2025 02:15;0,0
01.08.2025 02:30;0,0
01.08.2025 02:45;0,0
01.08.2025 03:00;0,0
01.08.2025 03:15;0,0
01.08.2025 03:30;0,0
01.08.2025 03:45;0,0
01.08.2025 04:00;0,0
01.08.2025 04:15;0,006397916666666667
01.08.2025 04:30;0,012795833333333334
01.08.2025 04:45;0,019193750000000002
01.08.2025 05:00;0,02559166666666667
01.08.2025 05:15;0,05145191666666667
01.08.2025 05:30;0,07731216666666667
01.08.2025 05:45;0,10317241666666666
01.08.2025 06:00;0,12903266666666666
01.08.2025 06:15;0,17021858333333334
01.08.2025 06:30;0,2114045
01.08.2025 06:45;0,2525904166666667
01.08.2025 07:00;0,29377633333333336
01.08.2025 07:15;0,3274046666666667
01.08.2025 07:30;0,361033
01.08.2025 07:45;0,3946613333333333
01.08.2025 08:00;0,4282896666666666
01.08.2025 08:15;0,44841466666666663
01.08.2025 08:30;0,4685396666666667
01.08.2025 08:45;0,4886646666666667
01.08.2025 09:00;0,5087896666666667
01.08.2025 09:15;0,5147735
01.08.2025 09:30;0,5207573333333333
01.08.2025 09:45;0,5267411666666667
01.08.2025 10:00;0,532725
01.08.2025 10:15;0,5489314166666667
01.08.2025 10:30;0,5651378333333333
01.08.2025 10:45;0,58134425
01.08.2025 11:00;0,5975506666666667
01.08.2025 11:15;0,6003835833333333
01.08.2025 11:30;0,6032165
01.08.2025 11:45;0,6060494166666668
01.08.2025 12:00;0,6088823333333334
01.08.2025 12:15;0,5883661666666667
01.08.2025 12:30;0,56785
01.08.2025 12:45;0,5473338333333333
01.08.2025 13:00;0,5268176666666666
01.08.2025 13:15;0,48774649999999997
01.08.2025 13:30;0,4486753333333333
01.08.2025 13:45;0,40960416666666666
01.08.2025 14:00;0,370533
01.08.2025 14:15;0,34869991666666666
01.08.2025 14:30;0,32686683333333333
01.08.2025 14:45;0,30503375
01.08.2025 15:00;0,28320066666666666
01.08.2025 15:15;0,2612933333333333
01.08.2025 15:30;0,239386
01.08.2025 15:45;0,21747866666666668
01.08.2025 16:00;0,19557133333333335
01.08.2025 16:15;0,16601316666666668
01.08.2025 16:30;0,13645500000000002
01.08.2025 16:45;0,10689683333333334
01.08.2025 17:00;0,07733866666666667
01.08.2025 17:15;0,06253158333333333
01.08.2025 17:30;0,0477245
01.08.2025 17:45;0,032917416666666664
01.08.2025 18:00;0,018110333333333332
01.08.2025 18:15;0,01358275
01.08.2025 18:30;0,009055166666666666
01.08.2025 18:45;0,004527583333333333
01.08.2025 19:00;0,0
01.08.2025 19:15;0,0
01.08.2025 19:30;0,0
01.08.2025 19:45;0,0
01.08.2025 20:00;0,0
01.08.2025 20:15;0,0
01.08.2025 20:30;0,0
01.08.2025 20:45;0,0
01.08.2025 21:00;0,0
01.08.2025 21:15;0,0
01.08.2025 21:30;0,0
01.08.2025 21:45;0,0
01.08.2025 22:00;0,0
01.08.2025 22:15;0,0
01.08.2025 22:30;0,0
01.08.2025 22:45;0,0
01.08.2025 23:00;0,0
01.08.2025 23:15;0,0
01.08.2025 23:30;0,0
01.08.2025 23:45;0,0
02.08.2025 00:00;0,0
02.08.2025 00:15;0,0
02.08.2025 00:30;0,0
02.08.2025 00:45;0,0
02.08.2025 01:00;0,0
02.08.2025 01:15;0,0
02.08.2025 01:30;0,0
02.08.2025 01:45;0,0
02.08.2025 02:00;0,0
02.08.2025 02:15;0,0
02.08.2025 02:30;0,0
02.08.2025 02:45;0,0
02.08.2025 03:00;0,0
02.08.2025 03:15;0,0
02.08.2025 03:30;0,0
02.08.2025 03:45;0,0
02.08.2025 04:00;0,0
02.08.2025 04:15;0,005854916666666667
02.08.2025 04:30;0,011709833333333334
02.08.2025 04:45;0,01756475
02.08.2025 05:00;0,02341966666666667
02.08.2025 05:15;0,041419
02.08.2025 05:30;0,05941833333333334
02.08.2025 05:45;0,07741766666666666
02.08.2025 06:00;0,095417
02.08.2025 06:15;0,11452041666666667
02.08.2025 06:30;0,13362383333333333
02.08.2025 06:45;0,15272724999999998
02.08.2025 07:00;0,17183066666666666
02.08.2025 07:15;0,20363741666666668
02.08.2025 07:30;0,23544416666666668
02.08.2025 07:45;0,2672509166666667
02.08.2025 08:00;0,2990576666666667
02.08.2025 08:15;0,3264179166666667
02.08.2025 08:30;0,3537781666666667
02.08.2025 08:45;0,3811384166666667
02.08.2025 09:00;0,4084986666666667
02.08.2025 09:15;0,4353573333333333
02.08.2025 09:30;0,462216
02.08.2025 09:45;0,48907466666666666
02.08.2025 10:00;0,5159333333333334
02.08.2025 10:15;0,49558783333333334
02.08.2025 10:30;0,4752423333333333
02.08.2025 10:45;0,45489683333333336
02.08.2025 11:00;0,43455133333333334
02.08.2025 11:15;0,4473834166666667
02.08.2025 11:30;0,4602155
02.08.2025 11:45;0,4730475833333333
02.08.2025 12:00;0,48587966666666665
02.08.2025 12:15;0,4760000833333333
02.08.2025 12:30;0,4661205
02.08.2025 12:45;0,45624091666666666
02.08.2025 13:00;0,44636133333333333
02.08.2025 13:15;0,42222933333333335
02.08.2025 13:30;0,39809733333333336
02.08.2025 13:45;0,37396533333333337
02.08.2025 14:00;0,3498333333333334
02.08.2025 14:15;0,3359350833333334
02.08.2025 14:30;0,3220368333333334
02.08.2025 14:45;0,3081385833333333
02.08.2025 15:00;0,2942403333333333
02.08.2025 15:15;0,26653591666666665
02.08.2025 15:30;0,23883149999999997
02.08.2025 15:45;0,2111270833333333
02.08.2025 16:00;0,18342266666666665
02.08.2025 16:15;0,1558625
02.08.2025 16:30;0,12830233333333332
02.08.2025 16:45;0,10074216666666666
02.08.2025 17:00;0,07318200000000001
02.08.2025 17:15;0,05917675000000001
02.08.2025 17:30;0,0451715
02.08.2025 17:45;0,03116625
02.08.2025 18:00;0,017161
02.08.2025 18:15;0,01287075
02.08.2025 18:30;0,0085805
02.08.2025 18:45;0,004290249999999999
02.08.2025 19:00;0,0
02.08.2025 19:15;0,0
02.08.2025 19:30;0,0
02.08.2025 19:45;0,0
02.08.2025 20:00;0,0
02.08.2025 20:15;0,0
02.08.2025 20:30;0,0
02.08.2025 20:45;0,0
02.08.2025 21:00;0,0
02.08.2025 21:15;0,0
02.08.2025 21:30;0,0
02.08.2025 21:45;0,0
02.08.2025 22:00;0,0
02.08.2025 22:15;0,0
02.08.2025 22:30;0,0
02.08.2025 22:45;0,0
02.08.2025 23:00;0,0
02.08.2025 23:15;0,0
02.08.2025 23:30;0,0
02.08.2025 23:45;0,0
03.08.2025 00:00;0,0
03.08.2025 00:15;0,0
03.08.2025 00:30;0,0
03.08.2025 00:45;0,0
03.08.2025 01:00;0,0
03.08.2025 01:15;0,0
03.08.2025 01:30;0,0
03.08.2025 01:45;0,0
03.08.2025 02:00;0,0
03.08.2025 02:15;0,0
03.08.2025 02:30;0,0
03.08.2025 02:45;0,0
03.08.2025 03:00;0,0
03.08.2025 03:15;0,0
03.08.2025 03:30;0,0
03.08.2025 03:45;0,0
03.08.2025 04:00;0,0
03.08.2025 04:15;0,0054719166666666675
03.08.2025 04:30;0,010943833333333335
03.08.2025 04:45;0,016415750000000003
03.08.2025 05:00;0,02188766666666667
03.08.2025 05:15;0,041385333333333336
03.08.2025 05:30;0,06088300000000001
03.08.2025 05:45;0,08038066666666667
03.08.2025 06:00;0,09987833333333333
03.08.2025 06:15;0,120785
03.08.2025 06:30;0,14169166666666666
03.08.2025 06:45;0,16259833333333334
03.08.2025 07:00;0,183505
03.08.2025 07:15;0,23395433333333335
03.08.2025 07:30;0,28440366666666667
03.08.2025 07:45;0,334853
03.08.2025 08:00;0,38530233333333336
03.08.2025 08:15;0,40830866666666665
03.08.2025 08:30;0,431315
03.08.2025 08:45;0,45432133333333335
03.08.2025 09:00;0,47732766666666665
03.08.2025 09:15;0,48696941666666665
03.08.2025 09:30;0,4966111666666667
03.08.2025 09:45;0,5062529166666667
03.08.2025 10:00;0,5158946666666667
03.08.2025 10:15;0,5231114166666667
03.08.2025 10:30;0,5303281666666667
03.08.2025 10:45;0,5375449166666666
03.08.2025 11:00;0,5447616666666666
03.08.2025 11:15;0,5442291666666665
03.08.2025 11:30;0,5436966666666666
03.08.2025 11:45;0,5431641666666667
03.08.2025 12:00;0,5426316666666666
03.08.2025 12:15;0,5382500833333332
03.08.2025 12:30;0,5338685
03.08.2025 12:45;0,5294869166666667
03.08.2025 13:00;0,5251053333333333
03.08.2025 13:15;0,50619275
03.08.2025 13:30;0,4872801666666666
03.08.2025 13:45;0,46836758333333334
03.08.2025 14:00;0,449455
03.08.2025 14:15;0,4261115833333333
03.08.2025 14:30;0,40276816666666665
03.08.2025 14:45;0,37942475
03.08.2025 15:00;0,3560813333333333
03.08.2025 15:15;0,32281249999999995
03.08.2025 15:30;0,28954366666666664
03.08.2025 15:45;0,25627483333333334
03.08.2025 16:00;0,22300599999999998
03.08.2025 16:15;0,18771116666666665
03.08.2025 16:30;0,15241633333333332
03.08.2025 16:45;0,11712149999999999
03.08.2025 17:00;0,08182666666666667
03.08.2025 17:15;0,06532325
03.08.2025 17:30;0,04881983333333334
03.08.2025 17:45;0,03231641666666668
03.08.2025 18:00;0,015813
03.08.2025 18:15;0,01185975
03.08.2025 18:30;0,0079065
03.08.2025 18:45;0,00395325
03.08.2025 19:00;0,0
03.08.2025 19:15;0,0
03.08.2025 19:30;0,0
03.08.2025 19:45;0,0
03.08.2025 20:00;0,0
03.08.2025 20:15;0,0
03.08.2025 20:30;0,0
03.08.2025 20:45;0,0
03.08.2025 21:00;0,0
03.08.2025 21:15;0,0
03.08.2025 21:30;0,0
03.08.2025 21:45;0,0
03.08.2025 22:00;0,0
03.08.2025 22:15;0,0
03.08.2025 22:30;0,0
03.08.2025 22:45;0,0
03.08.2025 23:00;0,0
03.08.2025 23:15;0,0
03.08.2025 23:30;0,0
03.08.2025 23:45;0,0
04.08.2025 00:00;0,0
04.08.2025 00:15;0,0
04.08.2025 00:30;0,0
04.08.2025 00:45;0,0
04.08.2025 01:00;0,0
04.08.2025 01:15;0,0
04.08.2025 01:30;0,0
04.08.2025 01:45;0,0
04.08.2025 02:00;0,0
04.08.2025 02:15;0,0
04.08.2025 02:30;0,0
04.08.2025 02:45;0,0
04.08.2025 03:00;0,0
04.08.2025 03:15;0,0
04.08.2025 03:30;0,0
04.08.2025 03:45;0,0
04.08.2025 04:00;0,0
04.08.2025 04:15;0,005202083333333333
04.08.2025 04:30;0,010404166666666666
04.08.2025 04:45;0,015606249999999999
04.08.2025 05:00;0,02080833333333333
04.08.2025 05:15;0,042006249999999995
04.08.2025 05:30;0,06320416666666667
04.08.2025 05:45;0,08440208333333334
04.08.2025 06:00;0,1056
04.08.2025 06:15;0,14133633333333334
04.08.2025 06:30;0,17707266666666666
04.08.2025 06:45;0,212809
04.08.2025 07:00;0,24854533333333334
04.08.2025 07:15;0,27322858333333333
04.08.2025 07:30;0,2979118333333334
04.08.2025 07:45;0,32259508333333337
04.08.2025 08:00;0,34727833333333336
04.08.2025 08:15;0,3743808333333334
04.08.2025 08:30;0,40148333333333336
04.08.2025 08:45;0,42858583333333333
04.08.2025 09:00;0,45568833333333336
04.08.2025 09:15;0,46897283333333334
04.08.2025 09:30;0,4822573333333333
04.08.2025 09:45;0,4955418333333333
04.08.2025 10:00;0,5088263333333333
04.08.2025 10:15;0,5269370833333333
04.08.2025 10:30;0,5450478333333333
04.08.2025 10:45;0,5631585833333334
04.08.2025 11:00;0,5812693333333333
04.08.2025 11:15;0,5820848333333333
04.08.2025 11:30;0,5829003333333334
04.08.2025 11:45;0,5837158333333333
04.08.2025 12:00;0,5845313333333333
04.08.2025 12:15;0,5503005
04.08.2025 12:30;0,5160696666666666
04.08.2025 12:45;0,4818388333333333
04.08.2025 13:00;0,447608
04.08.2025 13:15;0,4279295
04.08.2025 13:30;0,40825100000000003
04.08.2025 13:45;0,3885725
04.08.2025 14:00;0,368894
04.08.2025 14:15;0,3428279166666667
04.08.2025 14:30;0,3167618333333333
04.08.2025 14:45;0,29069575
04.08.2025 15:00;0,26462966666666665
04.08.2025 15:15;0,23766325
04.08.2025 15:30;0,2106968333333333
04.08.2025 15:45;0,18373041666666665
04.08.2025 16:00;0,156764
04.08.2025 16:15;0,13518
04.08.2025 16:30;0,11359599999999999
04.08.2025 16:45;0,092012
04.08.2025 17:00;0,07042799999999999
04.08.2025 17:15;0,05649649999999999
04.08.2025 17:30;0,042565
04.08.2025 17:45;0,0286335
04.08.2025 18:00;0,014702
04.08.2025 18:15;0,0110265
04.08.2025 18:30;0,007351
04.08.2025 18:45;0,0036755
04.08.2025 19:00;0,0
04.08.2025 19:15;0,0
04.08.2025 19:30;0,0
04.08.2025 19:45;0,0
04.08.2025 20:00;0,0
04.08.2025 20:15;0,0
04.08.2025 20:30;0,0
04.08.2025 20:45;0,0
04.08.2025 21:00;0,0
04.08.2025 21:15;0,0
04.08.2025 21:30;0,0
04.08.2025 21:45;0,0
04.08.2025 22:00;0,0
04.08.2025 22:15;0,0
04.08.2025 22:30;0,0
04.08.2025 22:45;0,0
04.08.2025 23:00;0,0
04.08.2025 23:15;0,0
04.08.2025 23:30;0,0
04.08.2025 23:45;0,0
05.08.2025 00:00;0,0
05.08.2025 00:15;0,0
05.08.2025 00:30;0,0
05.08.2025 00:45;0,0
05.08.2025 01:00;0,0
05.08.2025 01:15;0,0
05.08.2025 01:30;0,0
05.08.2025 01:45;0,0
05.08.2025 02:00;0,0
05.08.2025 02:15;0,0
05.08.2025 02:30;0,0
05.08.2025 02:45;0,0
05.08.2025 03:00;0,0
05.08.2025 03:15;0,0
05.08.2025 03:30;0,0
05.08.2025 03:45;0,0
05.08.2025 04:00;0,0
05.08.2025 04:15;0,006195583333333333
05.08.2025 04:30;0,012391166666666667
05.08.2025 04:45;0,01858675
05.08.2025 05:00;0,024782333333333333
05.08.2025 05:15;0,04661058333333333
05.08.2025 05:30;0,06843883333333334
05.08.2025 05:45;0,09026708333333333
05.08.2025 06:00;0,11209533333333334
05.08.2025 06:15;0,14567258333333333
05.08.2025 06:30;0,17924983333333333
05.08.2025 06:45;0,21282708333333333
05.08.2025 07:00;0,24640433333333334
05.08.2025 07:15;0,2838069166666667
05.08.2025 07:30;0,32120950000000004
05.08.2025 07:45;0,35861208333333333
05.08.2025 08:00;0,3960146666666667
05.08.2025 08:15;0,4150135833333334
05.08.2025 08:30;0,4340125
05.08.2025 08:45;0,45301141666666667
05.08.2025 09:00;0,47201033333333337
05.08.2025 09:15;0,49384150000000004
05.08.2025 09:30;0,5156726666666667
05.08.2025 09:45;0,5375038333333334
05.08.2025 10:00;0,559335
05.08.2025 10:15;0,5708695
05.08.2025 10:30;0,5824039999999999
05.08.2025 10:45;0,5939384999999999
05.08.2025 11:00;0,6054729999999999
05.08.2025 11:15;0,5996849999999999
05.08.2025 11:30;0,5938969999999999
05.08.2025 11:45;0,588109
05.08.2025 12:00;0,582321
05.08.2025 12:15;0,563778
05.08.2025 12:30;0,5452349999999999
05.08.2025 12:45;0,5266919999999999
05.08.2025 13:00;0,508149
05.08.2025 13:15;0,4940180833333333
05.08.2025 13:30;0,47988716666666664
05.08.2025 13:45;0,46575625
05.08.2025 14:00;0,4516253333333333
05.08.2025 14:15;0,4261805
05.08.2025 14:30;0,4007356666666667
05.08.2025 14:45;0,37529083333333335
05.08.2025 15:00;0,34984600000000005
05.08.2025 15:15;0,3151459166666667
05.08.2025 15:30;0,28044583333333334
05.08.2025 15:45;0,24574574999999999
05.08.2025 16:00;0,21104566666666666
05.08.2025 16:15;0,17840066666666665
05.08.2025 16:30;0,14575566666666667
05.08.2025 16:45;0,11311066666666666
05.08.2025 17:00;0,08046566666666667
05.08.2025 17:15;0,06383808333333334
05.08.2025 17:30;0,0472105
05.08.2025 17:45;0,030582916666666675
05.08.2025 18:00;0,013955333333333335
05.08.2025 18:15;0,010466500000000002
05.08.2025 18:30;0,006977666666666668
05.08.2025 18:45;0,0034888333333333334
05.08.2025 19:00;0,0
05.08.2025 19:15;0,0
05.08.2025 19:30;0,0
05.08.2025 19:45;0,0
05.08.2025 20:00;0,0
05.08.2025 20:15;0,0
05.08.2025 20:30;0,0
05.08.2025 20:45;0,0
05.08.2025 21:00;0,0
05.08.2025 21:15;0,0
05.08.2025 21:30;0,0
05.08.2025 21:45;0,0
05.08.2025 22:00;0,0
05.08.2025 22:15;0,0
05.08.2025 22:30;0,0
05.08.2025 22:45;0,0
05.08.2025 23:00;0,0
05.08.2025 23:15;0,0
05.08.2025 23:30;0,0
05.08.2025 23:45;0,0
06.08.2025 00:00;0,0
06.08.2025 00:15;0,0
06.08.2025 00:30;0,0
06.08.2025 00:45;0,0
06.08.2025 01:00;0,0
06.08.2025 01:15;0,0
06.08.2025 01:30;0,0
06.08.2025 01:45;0,0
06.08.2025 02:00;0,0
06.08.2025 02:15;0,0
06.08.2025 02:30;0,0
06.08.2025 02:45;0,0
06.08.2025 03:00;0,0
06.08.2025 03:15;0,0
06.08.2025 03:30;0,0
06.08.2025 03:45;0,0
06.08.2025 04:00;0,0
06.08.2025 04:15;0,005625666666666667
06.08.2025 04:30;0,011251333333333334
06.08.2025 04:45;0,016877
06.08.2025 05:00;0,022502666666666667
06.08.2025 05:15;0,042888083333333334
06.08.2025 05:30;0,0632735
06.08.2025 05:45;0,08365891666666667
06.08.2025 06:00;0,10404433333333334
06.08.2025 06:15;0,13565133333333335
06.08.2025 06:30;0,16725833333333334
06.08.2025 06:45;0,19886533333333334
06.08.2025 07:00;0,23047233333333333
06.08.2025 07:15;0,25824583333333334
06.08.2025 07:30;0,28601933333333335
06.08.2025 07:45;0,31379283333333335
06.08.2025 08:00;0,34156633333333336
06.08.2025 08:15;0,36498283333333337
06.08.2025 08:30;0,3883993333333333
06.08.2025 08:45;0,4118158333333333
06.08.2025 09:00;0,43523233333333333
06.08.2025 09:15;0,4454059166666667
06.08.2025 09:30;0,4555795
06.08.2025 09:45;0,4657530833333334
06.08.2025 10:00;0,4759266666666667
06.08.2025 10:15;0,4963796666666667
06.08.2025 10:30;0,5168326666666667
06.08.2025 10:45;0,5372856666666668
06.08.2025 11:00;0,5577386666666667
06.08.2025 11:15;0,5549480833333333
06.08.2025 11:30;0,5521575000000001
06.08.2025 11:45;0,5493669166666668
06.08.2025 12:00;0,5465763333333334
06.08.2025 12:15;0,5317103333333334
06.08.2025 12:30;0,5168443333333334
06.08.2025 12:45;0,5019783333333333
06.08.2025 13:00;0,4871123333333333
06.08.2025 13:15;0,45278399999999996
06.08.2025 13:30;0,41845566666666667
06.08.2025 13:45;0,3841273333333334
06.08.2025 14:00;0,349799
06.08.2025 14:15;0,3308243333333334
06.08.2025 14:30;0,3118496666666667
06.08.2025 14:45;0,292875
06.08.2025 15:00;0,27390033333333336
06.08.2025 15:15;0,25857408333333337
06.08.2025 15:30;0,24324783333333333
06.08.2025 15:45;0,22792158333333334
06.08.2025 16:00;0,21259533333333333
06.08.2025 16:15;0,17766816666666668
06.08.2025 16:30;0,142741
06.08.2025 16:45;0,10781383333333334
06.08.2025 17:00;0,07288666666666667
06.08.2025 17:15;0,057806500000000004
06.08.2025 17:30;0,04272633333333334
06.08.2025 17:45;0,027646166666666666
06.08.2025 18:00;0,012565999999999999
06.08.2025 18:15;0,009424499999999999
06.08.2025 18:30;0,0062829999999999995
06.08.2025 18:45;0,0031415
06.08.2025 19:00;0,0
06.08.2025 19:15;0,0
06.08.2025 19:30;0,0
06.08.2025 19:45;0,0
06.08.2025 20:00;0,0
06.08.2025 20:15;0,0
06.08.2025 20:30;0,0
06.08.2025 20:45;0,0
06.08.2025 21:00;0,0
06.08.2025 21:15;0,0
06.08.2025 21:30;0,0
06.08.2025 21:45;0,0
06.08.2025 22:00;0,0
06.08.2025 22:15;0,0
06.08.2025 22:30;0,0
06.08.2025 22:45;0,0
06.08.2025 23:00;0,0
06.08.2025 23:15;0,0
06.08.2025 23:30;0,0
06.08.2025 23:45;0,0
07.08.2025 00:00;0,0
07.08.2025 00:15;0,0
07.08.2025 00:30;0,0
07.08.2025 00:45;0,0
07.08.2025 01:00;0,0
07.08.2025 01:15;0,0
07.08.2025 01:30;0,0
07.08.2025 01:45;0,0
07.08.2025 02:00;0,0
07.08.2025 02:15;0,0
07.08.2025 02:30;0,0
07.08.2025 02:45;0,0
07.08.2025 03:00;0,0
07.08.2025 03:15;0,0
07.08.2025 03:30;0,0
07.08.2025 03:45;0,0
07.08.2025 04:00;0,0
07.08.2025 04:15;0,00527625
07.08.2025 04:30;0,0105525
07.08.2025 04:45;0,01582875
07.08.2025 05:00;0,021105
07.08.2025 05:15;0,03698058333333333
07.08.2025 05:30;0,05285616666666666
07.08.2025 05:45;0,06873175
07.08.2025 06:00;0,08460733333333333
07.08.2025 06:15;0,12015941666666666
07.08.2025 06:30;0,1557115
07.08.2025 06:45;0,19126358333333332
07.08.2025 07:00;0,22681566666666664
07.08.2025 07:15;0,25622266666666665
07.08.2025 07:30;0,28562966666666667
07.08.2025 07:45;0,31503666666666663
07.08.2025 08:00;0,34444366666666665
07.08.2025 08:15;0,36615624999999996
07.08.2025 08:30;0,38786883333333333
07.08.2025 08:45;0,4095814166666667
07.08.2025 09:00;0,431294
07.08.2025 09:15;0,45176783333333337
07.08.2025 09:30;0,47224166666666667
07.08.2025 09:45;0,49271550000000003
07.08.2025 10:00;0,5131893333333334
07.08.2025 10:15;0,52633425
07.08.2025 10:30;0,5394791666666667
07.08.2025 10:45;0,5526240833333333
07.08.2025 11:00;0,565769
07.08.2025 11:15;0,570383
07.08.2025 11:30;0,574997
07.08.2025 11:45;0,579611
07.08.2025 12:00;0,584225
07.08.2025 12:15;0,5687409166666667
07.08.2025 12:30;0,5532568333333334
07.08.2025 12:45;0,53777275
07.08.2025 13:00;0,5222886666666667
07.08.2025 13:15;0,5127301666666667
07.08.2025 13:30;0,5031716666666667
07.08.2025 13:45;0,49361316666666666
07.08.2025 14:00;0,48405466666666663
07.08.2025 14:15;0,4552003333333333
07.08.2025 14:30;0,42634599999999995
07.08.2025 14:45;0,39749166666666663
07.08.2025 15:00;0,3686373333333333
07.08.2025 15:15;0,3371438333333333
07.08.2025 15:30;0,30565033333333336
07.08.2025 15:45;0,27415683333333335
07.08.2025 16:00;0,24266333333333334
07.08.2025 16:15;0,20368991666666666
07.08.2025 16:30;0,1647165
07.08.2025 16:45;0,12574308333333334
07.08.2025 17:00;0,08676966666666666
07.08.2025 17:15;0,06852608333333332
07.08.2025 17:30;0,050282499999999994
07.08.2025 17:45;0,03203891666666666
07.08.2025 18:00;0,013795333333333333
07.08.2025 18:15;0,0103465
07.08.2025 18:30;0,0068976666666666665
07.08.2025 18:45;0,0034488333333333333
07.08.2025 19:00;0,0
07.08.2025 19:15;0,0
07.08.2025 19:30;0,0
07.08.2025 19:45;0,0
07.08.2025 20:00;0,0
07.08.2025 20:15;0,0
07.08.2025 20:30;0,0
07.08.2025 20:45;0,0
07.08.2025 21:00;0,0
07.08.2025 21:15;0,0
07.08.2025 21:30;0,0
07.08.2025 21:45;0,0
07.08.2025 22:00;0,0
07.08.2025 22:15;0,0
07.08.2025 22:30;0,0
07.08.2025 22:45;0,0
07.08.2025 23:00;0,0
07.08.2025 23:15;0,0
07.08.2025 23:30;0,0
07.08.2025 23:45;0,0
08.08.2025 00:00;0,0
08.08.2025 00:15;0,0
08.08.2025 00:30;0,0
08.08.2025 00:45;0,0
08.08.2025 01:00;0,0
08.08.2025 01:15;0,0
08.08.2025 01:30;0,0
08.08.2025 01:45;0,0
08.08.2025 02:00;0,0
08.08.2025 02:15;0,0
08.08.2025 02:30;0,0
08.08.2025 02:45;0,0
08.08.2025 03:00;0,0
08.08.2025 03:15;0,0
08.08.2025 03:30;0,0
08.08.2025 03:45;0,0
08.08.2025 04:00;0,0
08.08.2025 04:15;0,004498916666666667
08.08.2025 04:30;0,008997833333333333
08.08.2025 04:45;0,013496749999999998
08.08.2025 05:00;0,017995666666666667
08.08.2025 05:15;0,03703691666666666
08.08.2025 05:30;0,05607816666666666
08.08.2025 05:45;0,07511941666666666
08.08.2025 06:00;0,09416066666666666
08.08.2025 06:15;0,12866616666666666
08.08.2025 06:30;0,16317166666666666
08.08.2025 06:45;0,19767716666666668
08.08.2025 07:00;0,23218266666666668
08.08.2025 07:15;0,26065925
08.08.2025 07:30;0,28913583333333337
08.08.2025 07:45;0,31761241666666673
08.08.2025 08:00;0,34608900000000004
08.08.2025 08:15;0,3756725
08.08.2025 08:30;0,40525600000000006
08.08.2025 08:45;0,43483950000000005
08.08.2025 09:00;0,46442300000000003
08.08.2025 09:15;0,48148275
08.08.2025 09:30;0,4985425
08.08.2025 09:45;0,5156022499999999
08.08.2025 10:00;0,532662
08.08.2025 10:15;0,5406314166666666
08.08.2025 10:30;0,5486008333333333
08.08.2025 10:45;0,55657025
08.08.2025 11:00;0,5645396666666667
08.08.2025 11:15;0,5574586666666667
08.08.2025 11:30;0,5503776666666667
08.08.2025 11:45;0,5432966666666666
08.08.2025 12:00;0,5362156666666666
08.08.2025 12:15;0,5196550833333333
08.08.2025 12:30;0,5030945
08.08.2025 12:45;0,4865339166666666
08.08.2025 13:00;0,4699733333333333
08.08.2025 13:15;0,45752541666666663
08.08.2025 13:30;0,44507749999999996
08.08.2025 13:45;0,4326295833333333
08.08.2025 14:00;0,4201816666666666
08.08.2025 14:15;0,39296116666666664
08.08.2025 14:30;0,3657406666666666
08.08.2025 14:45;0,3385201666666666
08.08.2025 15:00;0,31129966666666664
08.08.2025 15:15;0,2827868333333333
08.08.2025 15:30;0,254274
08.08.2025 15:45;0,22576116666666668
08.08.2025 16:00;0,19724833333333336
08.08.2025 16:15;0,16430975000000003
08.08.2025 16:30;0,13137116666666668
08.08.2025 16:45;0,09843258333333334
08.08.2025 17:00;0,065494
08.08.2025 17:15;0,05185791666666666
08.08.2025 17:30;0,03822183333333333
08.08.2025 17:45;0,02458574999999999
08.08.2025 18:00;0,010949666666666667
08.08.2025 18:15;0,00821225
08.08.2025 18:30;0,005474833333333333
08.08.2025 18:45;0,0027374166666666658
08.08.2025 19:00;0,0
08.08.2025 19:15;0,0
08.08.2025 19:30;0,0
08.08.2025 19:45;0,0
08.08.2025 20:00;0,0
08.08.2025 20:15;0,0
08.08.2025 20:30;0,0
08.08.2025 20:45;0,0
08.08.2025 21:00;0,0
08.08.2025 21:15;0,0
08.08.2025 21:30;0,0
08.08.2025 21:45;0,0
08.08.2025 22:00;0,0
08.08.2025 22:15;0,0
08.08.2025 22:30;0,0
08.08.2025 22:45;0,0
08.08.2025 23:00;0,0
08.08.2025 23:15;0,0
08.08.2025 23:30;0,0
08.08.2025 23:45;0,0
09.08.2025 00:00;0,0
09.08.2025 00:15;0,0
09.08.2025 00:30;0,0
09.08.2025 00:45;0,0
09.08.2025 01:00;0,0
09.08.2025 01:15;0,0
09.08.2025 01:30;0,0
09.08.2025 01:45;0,0
09.08.2025 02:00;0,0
09.08.2025 02:15;0,0
09.08.2025 02:30;0,0
09.08.2025 02:45;0,0
09.08.2025 03:00;0,0
09.08.2025 03:15;0,0
09.08.2025 03:30;0,0
09.08.2025 03:45;0,0
09.08.2025 04:00;0,0
09.08.2025 04:15;0,0047167500000000005
09.08.2025 04:30;0,009433500000000001
09.08.2025 04:45;0,014150250000000001
09.08.2025 05:00;0,018867000000000002
09.08.2025 05:15;0,04253258333333334
09.08.2025 05:30;0,06619816666666667
09.08.2025 05:45;0,08986375000000002
09.08.2025 06:00;0,11352933333333334
09.08.2025 06:15;0,14855891666666668
09.08.2025 06:30;0,1835885
09.08.2025 06:45;0,21861808333333332
09.08.2025 07:00;0,25364766666666666
09.08.2025 07:15;0,2848515833333333
09.08.2025 07:30;0,3160555
09.08.2025 07:45;0,34725941666666665
09.08.2025 08:00;0,3784633333333333
09.08.2025 08:15;0,40099891666666665
09.08.2025 08:30;0,42353450000000004
09.08.2025 08:45;0,44607008333333337
09.08.2025 09:00;0,4686056666666667
09.08.2025 09:15;0,47375941666666666
09.08.2025 09:30;0,47891316666666667
09.08.2025 09:45;0,4840669166666667
09.08.2025 10:00;0,48922066666666664
09.08.2025 10:15;0,48084083333333333
09.08.2025 10:30;0,472461
09.08.2025 10:45;0,46408116666666666
09.08.2025 11:00;0,45570133333333335
09.08.2025 11:15;0,44347675000000003
09.08.2025 11:30;0,43125216666666666
09.08.2025 11:45;0,41902758333333334
09.08.2025 12:00;0,406803
09.08.2025 12:15;0,3999378333333333
09.08.2025 12:30;0,3930726666666667
09.08.2025 12:45;0,38620750000000004
09.08.2025 13:00;0,37934233333333334
09.08.2025 13:15;0,35953825
09.08.2025 13:30;0,33973416666666667
09.08.2025 13:45;0,31993008333333334
09.08.2025 14:00;0,300126
09.08.2025 14:15;0,2820281666666667
09.08.2025 14:30;0,2639303333333333
09.08.2025 14:45;0,2458325
09.08.2025 15:00;0,22773466666666667
09.08.2025 15:15;0,19930433333333333
09.08.2025 15:30;0,170874
09.08.2025 15:45;0,14244366666666666
09.08.2025 16:00;0,11401333333333333
09.08.2025 16:15;0,09861325
09.08.2025 16:30;0,08321316666666667
09.08.2025 16:45;0,06781308333333333
09.08.2025 17:00;0,052413
09.08.2025 17:15;0,04152775
09.08.2025 17:30;0,0306425
09.08.2025 17:45;0,019757249999999997
09.08.2025 18:00;0,008872
09.08.2025 18:15;0,006654
09.08.2025 18:30;0,004436
09.08.2025 18:45;0,0022180000000000004
09.08.2025 19:00;0,0
09.08.2025 19:15;0,0
09.08.2025 19:30;0,0
09.08.2025 19:45;0,0
09.08.2025 20:00;0,0
09.08.2025 20:15;0,0
09.08.2025 20:30;0,0
09.08.2025 20:45;0,0
09.08.2025 21:00;0,0
09.08.2025 21:15;0,0
09.08.2025 21:30;0,0
09.08.2025 21:45;0,0
09.08.2025 22:00;0,0
09.08.2025 22:15;0,0
09.08.2025 22:30;0,0
09.08.2025 22:45;0,0
09.08.2025 23:00;0,0
09.08.2025 23:15;0,0
09.08.2025 23:30;0,0
09.08.2025 23:45;0,0
10.08.2025 00:00;0,0
10.08.2025 00:15;0,0
10.08.2025 00:30;0,0
10.08.2025 00:45;0,0
10.08.2025 01:00;0,0
10.08.2025 01:15;0,0
10.08.2025 01:30;0,0
10.08.2025 01:45;0,0
10.08.2025 02:00;0,0
10.08.2025 02:15;0,0
10.08.2025 02:30;0,0
10.08.2025 02:45;0,0
10.08.2025 03:00;0,0
10.08.2025 03:15;0,0
10.08.2025 03:30;0,0
10.08.2025 03:45;0,0
10.08.2025 04:00;0,0
10.08.2025 04:15;0,0032360833333333334
10.08.2025 04:30;0,006472166666666667
10.08.2025 04:45;0,00970825
10.08.2025 05:00;0,012944333333333334
10.08.2025 05:15;0,02818808333333333
10.08.2025 05:30;0,04343183333333333
10.08.2025 05:45;0,05867558333333332
10.08.2025 06:00;0,07391933333333332
10.08.2025 06:15;0,09890141666666666
10.08.2025 06:30;0,12388349999999998
10.08.2025 06:45;0,14886558333333333
10.08.2025 07:00;0,17384766666666665
10.08.2025 07:15;0,19283316666666667
10.08.2025 07:30;0,21181866666666666
10.08.2025 07:45;0,23080416666666664
10.08.2025 08:00;0,24978966666666666
10.08.2025 08:15;0,2699918333333333
10.08.2025 08:30;0,290194
10.08.2025 08:45;0,31039616666666664
10.08.2025 09:00;0,3305983333333333
10.08.2025 09:15;0,33833091666666665
10.08.2025 09:30;0,34606349999999997
10.08.2025 09:45;0,35379608333333334
10.08.2025 10:00;0,36152866666666666
10.08.2025 10:15;0,36393216666666667
10.08.2025 10:30;0,36633566666666667
10.08.2025 10:45;0,3687391666666667
10.08.2025 11:00;0,3711426666666667
10.08.2025 11:15;0,37024958333333335
10.08.2025 11:30;0,3693565
10.08.2025 11:45;0,36846341666666665
10.08.2025 12:00;0,36757033333333333
10.08.2025 12:15;0,35990116666666666
10.08.2025 12:30;0,352232
10.08.2025 12:45;0,3445628333333333
10.08.2025 13:00;0,33689366666666665
10.08.2025 13:15;0,32240025
10.08.2025 13:30;0,30790683333333335
10.08.2025 13:45;0,29341341666666665
10.08.2025 14:00;0,27892
10.08.2025 14:15;0,2666900833333333
10.08.2025 14:30;0,25446016666666665
10.08.2025 14:45;0,24223025
10.08.2025 15:00;0,23000033333333333
10.08.2025 15:15;0,21014083333333333
10.08.2025 15:30;0,19028133333333333
10.08.2025 15:45;0,17042183333333333
10.08.2025 16:00;0,15056233333333333
10.08.2025 16:15;0,128993
10.08.2025 16:30;0,10742366666666667
10.08.2025 16:45;0,08585433333333332
10.08.2025 17:00;0,064285
10.08.2025 17:15;0,05064533333333333
10.08.2025 17:30;0,03700566666666666
10.08.2025 17:45;0,023365999999999998
10.08.2025 18:00;0,009726333333333333
10.08.2025 18:15;0,00729475
10.08.2025 18:30;0,004863166666666667
10.08.2025 18:45;0,0024315833333333333
10.08.2025 19:00;0,0
10.08.2025 19:15;0,0
10.08.2025 19:30;0,0
10.08.2025 19:45;0,0
10.08.2025 20:00;0,0
10.08.2025 20:15;0,0
10.08.2025 20:30;0,0
10.08.2025 20:45;0,0
10.08.2025 21:00;0,0
10.08.2025 21:15;0,0
10.08.2025 21:30;0,0
10.08.2025 21:45;0,0
10.08.2025 22:00;0,0
10.08.2025 22:15;0,0
10.08.2025 22:30;0,0
10.08.2025 22:45;0,0
10.08.2025 23:00;0,0
10.08.2025 23:15;0,0
10.08.2025 23:30;0,0
10.08.2025 23:45;0,0
11.08.2025 00:00;0,0
11.08.2025 00:15;0,0
11.08.2025 00:30;0,0
11.08.2025 00:45;0,0
11.08.2025 01:00;0,0
11.08.2025 01:15;0,0
11.08.2025 01:30;0,0
11.08.2025 01:45;0,0
11.08.2025 02:00;0,0
11.08.2025 02:15;0,0
11.08.2025 02:30;0,0
11.08.2025 02:45;0,0
11.08.2025 03:00;0,0
11.08.2025 03:15;0,0
11.08.2025 03:30;0,0
11.08.2025 03:45;0,0
11.08.2025 04:00;0,0
11.08.2025 04:15;0,004688166666666666
11.08.2025 04:30;0,009376333333333332
11.08.2025 04:45;0,014064499999999997
11.08.2025 05:00;0,018752666666666664
11.08.2025 05:15;0,04058816666666666
11.08.2025 05:30;0,06242366666666667
11.08.2025 05:45;0,08425916666666668
11.08.2025 06:00;0,10609466666666667
11.08.2025 06:15;0,14396291666666666
11.08.2025 06:30;0,18183116666666668
11.08.2025 06:45;0,21969941666666667
11.08.2025 07:00;0,2575676666666667
11.08.2025 07:15;0,291752
11.08.2025 07:30;0,3259363333333334
11.08.2025 07:45;0,3601206666666667
11.08.2025 08:00;0,394305
11.08.2025 08:15;0,4149126666666667
11.08.2025 08:30;0,43552033333333334
11.08.2025 08:45;0,45612800000000003
11.08.2025 09:00;0,47673566666666667
11.08.2025 09:15;0,48810933333333334
11.08.2025 09:30;0,499483
11.08.2025 09:45;0,5108566666666667
11.08.2025 10:00;0,5222303333333334
11.08.2025 10:15;0,5305236666666666
11.08.2025 10:30;0,538817
11.08.2025 10:45;0,5471103333333334
11.08.2025 11:00;0,5554036666666666
11.08.2025 11:15;0,5540654166666666
11.08.2025 11:30;0,5527271666666667
11.08.2025 11:45;0,5513889166666667
11.08.2025 12:00;0,5500506666666667
11.08.2025 12:15;0,5499531666666667
11.08.2025 12:30;0,5498556666666667
11.08.2025 12:45;0,5497581666666667
11.08.2025 13:00;0,5496606666666667
11.08.2025 13:15;0,51923
11.08.2025 13:30;0,48879933333333336
11.08.2025 13:45;0,45836866666666665
11.08.2025 14:00;0,427938
11.08.2025 14:15;0,39828074999999996
11.08.2025 14:30;0,3686235
11.08.2025 14:45;0,33896625
11.08.2025 15:00;0,309309
11.08.2025 15:15;0,27683025
11.08.2025 15:30;0,2443515
11.08.2025 15:45;0,21187275
11.08.2025 16:00;0,179394
11.08.2025 16:15;0,15097958333333333
11.08.2025 16:30;0,12256516666666667
11.08.2025 16:45;0,09415075
11.08.2025 17:00;0,06573633333333334
11.08.2025 17:15;0,051501666666666675
11.08.2025 17:30;0,03726700000000001
11.08.2025 17:45;0,023032333333333342
11.08.2025 18:00;0,008797666666666667
11.08.2025 18:15;0,00659825
11.08.2025 18:30;0,004398833333333334
11.08.2025 18:45;0,0021994166666666672
11.08.2025 19:00;0,0
11.08.2025 19:15;0,0
11.08.2025 19:30;0,0
11.08.2025 19:45;0,0
11.08.2025 20:00;0,0
11.08.2025 20:15;0,0
11.08.2025 20:30;0,0
11.08.2025 20:45;0,0
11.08.2025 21:00;0,0
11.08.2025 21:15;0,0
11.08.2025 21:30;0,0
11.08.2025 21:45;0,0
11.08.2025 22:00;0,0
11.08.2025 22:15;0,0
11.08.2025 22:30;0,0
11.08.2025 22:45;0,0
11.08.2025 23:00;0,0
11.08.2025 23:15;0,0
11.08.2025 23:30;0,0
11.08.2025 23:45;0,0
12.08.2025 00:00;0,0
12.08.2025 00:15;0,0
12.08.2025 00:30;0,0
12.08.2025 00:45;0,0
12.08.2025 01:00;0,0
12.08.2025 01:15;0,0
12.08.2025 01:30;0,0
12.08.2025 01:45;0,0
12.08.2025 02:00;0,0
12.08.2025 02:15;0,0
12.08.2025 02:30;0,0
12.08.2025 02:45;0,0
12.08.2025 03:00;0,0
12.08.2025 03:15;0,0
12.08.2025 03:30;0,0
12.08.2025 03:45;0,0
12.08.2025 04:00;0,0
12.08.2025 04:15;0,003662833333333333
12.08.2025 04:30;0,007325666666666666
12.08.2025 04:45;0,010988499999999998
12.08.2025 05:00;0,014651333333333332
12.08.2025 05:15;0,031737166666666664
12.08.2025 05:30;0,048823000000000005
12.08.2025 05:45;0,06590883333333333
12.08.2025 06:00;0,08299466666666667
12.08.2025 06:15;0,10794991666666667
12.08.2025 06:30;0,13290516666666666
12.08.2025 06:45;0,15786041666666667
12.08.2025 07:00;0,18281566666666665
12.08.2025 07:15;0,20980474999999998
12.08.2025 07:30;0,23679383333333331
12.08.2025 07:45;0,26378291666666664
12.08.2025 08:00;0,290772
12.08.2025 08:15;0,32075349999999997
12.08.2025 08:30;0,350735
12.08.2025 08:45;0,3807165
12.08.2025 09:00;0,410698
12.08.2025 09:15;0,43192966666666666
12.08.2025 09:30;0,4531613333333333
12.08.2025 09:45;0,474393
12.08.2025 10:00;0,49562466666666666
12.08.2025 10:15;0,51841275
12.08.2025 10:30;0,5412008333333334
12.08.2025 10:45;0,5639889166666666
12.08.2025 11:00;0,586777
12.08.2025 11:15;0,57081225
12.08.2025 11:30;0,5548474999999999
12.08.2025 11:45;0,53888275
12.08.2025 12:00;0,522918
12.08.2025 12:15;0,5223909166666667
12.08.2025 12:30;0,5218638333333334
12.08.2025 12:45;0,52133675
12.08.2025 13:00;0,5208096666666667
12.08.2025 13:15;0,4924698333333334
12.08.2025 13:30;0,46413
12.08.2025 13:45;0,43579016666666665
12.08.2025 14:00;0,4074503333333333
12.08.2025 14:15;0,3783125833333333
12.08.2025 14:30;0,3491748333333333
12.08.2025 14:45;0,3200370833333333
12.08.2025 15:00;0,2908993333333333
12.08.2025 15:15;0,2697840833333333
12.08.2025 15:30;0,2486688333333333
12.08.2025 15:45;0,2275535833333333
12.08.2025 16:00;0,20643833333333333
12.08.2025 16:15;0,17118683333333334
12.08.2025 16:30;0,13593533333333335
12.08.2025 16:45;0,10068383333333333
12.08.2025 17:00;0,06543233333333334
12.08.2025 17:15;0,05125333333333334
12.08.2025 17:30;0,037074333333333334
12.08.2025 17:45;0,022895333333333337
12.08.2025 18:00;0,008716333333333333
12.08.2025 18:15;0,00653725
12.08.2025 18:30;0,0043581666666666664
12.08.2025 18:45;0,0021790833333333332
12.08.2025 19:00;0,0
12.08.2025 19:15;0,0
12.08.2025 19:30;0,0
12.08.2025 19:45;0,0
12.08.2025 20:00;0,0
12.08.2025 20:15;0,0
12.08.2025 20:30;0,0
12.08.2025 20:45;0,0
12.08.2025 21:00;0,0
12.08.2025 21:15;0,0
12.08.2025 21:30;0,0
12.08.2025 21:45;0,0
12.08.2025 22:00;0,0
12.08.2025 22:15;0,0
12.08.2025 22:30;0,0
12.08.2025 22:45;0,0
12.08.2025 23:00;0,0
12.08.2025 23:15;0,0
12.08.2025 23:30;0,0
12.08.2025 23:45;0,0
13.08.2025 00:00;0,0
13.08.2025 00:15;0,0
13.08.2025 00:30;0,0
13.08.2025 00:45;0,0
13.08.2025 01:00;0,0
13.08.2025 01:15;0,0
13.08.2025 01:30;0,0
13.08.2025 01:45;0,0
13.08.2025 02:00;0,0
13.08.2025 02:15;0,0
13.08.2025 02:30;0,0
13.08.2025 02:45;0,0
13.08.2025 03:00;0,0
13.08.2025 03:15;0,0
13.08.2025 03:30;0,0
13.08.2025 03:45;0,0
13.08.2025 04:00;0,0
13.08.2025 04:15;0,0036906666666666667
13.08.2025 04:30;0,0073813333333333335
13.08.2025 04:45;0,011072
13.08.2025 05:00;0,014762666666666667
13.08.2025 05:15;0,03344416666666667
13.08.2025 05:30;0,052125666666666674
13.08.2025 05:45;0,07080716666666667
13.08.2025 06:00;0,08948866666666667
13.08.2025 06:15;0,12176466666666667
13.08.2025 06:30;0,15404066666666666
13.08.2025 06:45;0,18631666666666669
13.08.2025 07:00;0,21859266666666669
13.08.2025 07:15;0,25293958333333333
13.08.2025 07:30;0,2872865
13.08.2025 07:45;0,32163341666666667
13.08.2025 08:00;0,35598033333333334
13.08.2025 08:15;0,3721118333333333
13.08.2025 08:30;0,38824333333333333
13.08.2025 08:45;0,40437483333333335
13.08.2025 09:00;0,4205063333333333
13.08.2025 09:15;0,4304354166666666
13.08.2025 09:30;0,4403645
13.08.2025 09:45;0,45029358333333336
13.08.2025 10:00;0,46022266666666667
13.08.2025 10:15;0,458733
13.08.2025 10:30;0,45724333333333333
13.08.2025 10:45;0,45575366666666667
13.08.2025 11:00;0,454264
13.08.2025 11:15;0,46913758333333333
13.08.2025 11:30;0,48401116666666666
13.08.2025 11:45;0,49888475
13.08.2025 12:00;0,5137583333333333
13.08.2025 12:15;0,5095274166666667
13.08.2025 12:30;0,5052965
13.08.2025 12:45;0,5010655833333333
13.08.2025 13:00;0,49683466666666665
13.08.2025 13:15;0,4821920833333333
13.08.2025 13:30;0,4675495
13.08.2025 13:45;0,4529069166666667
13.08.2025 14:00;0,43826433333333337
13.08.2025 14:15;0,41345600000000005
13.08.2025 14:30;0,3886476666666667
13.08.2025 14:45;0,36383933333333335
13.08.2025 15:00;0,339031
13.08.2025 15:15;0,3049594166666667
13.08.2025 15:30;0,2708878333333333
13.08.2025 15:45;0,23681625
13.08.2025 16:00;0,20274466666666668
13.08.2025 16:15;0,17148233333333335
13.08.2025 16:30;0,14022
13.08.2025 16:45;0,10895766666666666
13.08.2025 17:00;0,07769533333333332
13.08.2025 17:15;0,06045174999999999
13.08.2025 17:30;0,04320816666666666
13.08.2025 17:45;0,025964583333333326
13.08.2025 18:00;0,008721
13.08.2025 18:15;0,00654075
13.08.2025 18:30;0,0043605
13.08.2025 18:45;0,00218025
13.08.2025 19:00;0,0
13.08.2025 19:15;0,0
13.08.2025 19:30;0,0
13.08.2025 19:45;0,0
13.08.2025 20:00;0,0
13.08.2025 20:15;0,0
13.08.2025 20:30;0,0
13.08.2025 20:45;0,0
13.08.2025 21:00;0,0
13.08.2025 21:15;0,0
13.08.2025 21:30;0,0
13.08.2025 21:45;0,0
13.08.2025 22:00;0,0
13.08.2025 22:15;0,0
13.08.2025 22:30;0,0
13.08.2025 22:45;0,0
13.08.2025 23:00;0,0
13.08.2025 23:15;0,0
13.08.2025 23:30;0,0
13.08.2025 23:45;0,0
14.08.2025 00:00;0,0
14.08.2025 00:15;0,0
14.08.2025 00:30;0,0
14.08.2025 00:45;0,0
14.08.2025 01:00;0,0
14.08.2025 01:15;0,0
14.08.2025 01:30;0,0
14.08.2025 01:45;0,0
14.08.2025 02:00;0,0
14.08.2025 02:15;0,0
14.08.2025 02:30;0,0
14.08.2025 02:45;0,0
14.08.2025 03:00;0,0
14.08.2025 03:15;0,0
14.08.2025 03:30;0,0
14.08.2025 03:45;0,0
14.08.2025 04:00;0,0
14.08.2025 04:15;0,00405275
14.08.2025 04:30;0,0081055
14.08.2025 04:45;0,012158249999999999
14.08.2025 05:00;0,016211
14.08.2025 05:15;0,03930408333333333
14.08.2025 05:30;0,062397166666666656
14.08.2025 05:45;0,08549024999999999
14.08.2025 06:00;0,10858333333333332
14.08.2025 06:15;0,13612425
14.08.2025 06:30;0,16366516666666664
14.08.2025 06:45;0,19120608333333333
14.08.2025 07:00;0,218747
14.08.2025 07:15;0,25846341666666667
14.08.2025 07:30;0,2981798333333333
14.08.2025 07:45;0,33789625
14.08.2025 08:00;0,37761266666666665
14.08.2025 08:15;0,4055155
14.08.2025 08:30;0,43341833333333335
14.08.2025 08:45;0,46132116666666667
14.08.2025 09:00;0,489224
14.08.2025 09:15;0,49517774999999997
14.08.2025 09:30;0,5011315000000001
14.08.2025 09:45;0,50708525
14.08.2025 10:00;0,513039
14.08.2025 10:15;0,5287621666666666
14.08.2025 10:30;0,5444853333333334
14.08.2025 10:45;0,5602085000000001
14.08.2025 11:00;0,5759316666666667
14.08.2025 11:15;0,5808350833333333
14.08.2025 11:30;0,5857385
14.08.2025 11:45;0,5906419166666668
14.08.2025 12:00;0,5955453333333334
14.08.2025 12:15;0,5712348333333334
14.08.2025 12:30;0,5469243333333333
14.08.2025 12:45;0,5226138333333333
14.08.2025 13:00;0,4983033333333333
14.08.2025 13:15;0,48731275
14.08.2025 13:30;0,4763221666666667
14.08.2025 13:45;0,46533158333333335
14.08.2025 14:00;0,45434100000000005
14.08.2025 14:15;0,42960016666666667
14.08.2025 14:30;0,40485933333333335
14.08.2025 14:45;0,3801185
14.08.2025 15:00;0,35537766666666665
14.08.2025 15:15;0,3230160833333333
14.08.2025 15:30;0,2906545
14.08.2025 15:45;0,25829291666666665
14.08.2025 16:00;0,22593133333333335
14.08.2025 16:15;0,18739283333333334
14.08.2025 16:30;0,14885433333333334
14.08.2025 16:45;0,11031583333333334
14.08.2025 17:00;0,07177733333333333
14.08.2025 17:15;0,05544991666666667
14.08.2025 17:30;0,0391225
14.08.2025 17:45;0,022795083333333334
14.08.2025 18:00;0,006467666666666667
14.08.2025 18:15;0,00485075
14.08.2025 18:30;0,0032338333333333334
14.08.2025 18:45;0,0016169166666666667
14.08.2025 19:00;0,0
14.08.2025 19:15;0,0
14.08.2025 19:30;0,0
14.08.2025 19:45;0,0
14.08.2025 20:00;0,0
14.08.2025 20:15;0,0
14.08.2025 20:30;0,0
14.08.2025 20:45;0,0
14.08.2025 21:00;0,0
14.08.2025 21:15;0,0
14.08.2025 21:30;0,0
14.08.2025 21:45;0,0
14.08.2025 22:00;0,0
14.08.2025 22:15;0,0
14.08.2025 22:30;0,0
14.08.2025 22:45;0,0
14.08.2025 23:00;0,0
14.08.2025 23:15;0,0
14.08.2025 23:30;0,0
14.08.2025 23:45;0,0
15.08.2025 00:00;0,0
15.08.2025 00:15;0,0
15.08.2025 00:30;0,0
15.08.2025 00:45;0,0
15.08.2025 01:00;0,0
15.08.2025 01:15;0,0
15.08.2025 01:30;0,0
15.08.2025 01:45;0,0
15.08.2025 02:00;0,0
15.08.2025 02:15;0,0
15.08.2025 02:30;0,0
15.08.2025 02:45;0,0
15.08.2025 03:00;0,0
15.08.2025 03:15;0,0
15.08.2025 03:30;0,0
15.08.2025 03:45;0,0
15.08.2025 04:00;0,0
15.08.2025 04:15;0,0037615
15.08.2025 04:30;0,007523
15.08.2025 04:45;0,0112845
15.08.2025 05:00;0,015046
15.08.2025 05:15;0,039480749999999995
15.08.2025 05:30;0,0639155
15.08.2025 05:45;0,08835024999999999
15.08.2025 06:00;0,112785
15.08.2025 06:15;0,13480991666666667
15.08.2025 06:30;0,1568348333333333
15.08.2025 06:45;0,17885974999999998
15.08.2025 07:00;0,20088466666666666
15.08.2025 07:15;0,25408325
15.08.2025 07:30;0,30728183333333337
15.08.2025 07:45;0,3604804166666667
15.08.2025 08:00;0,413679
15.08.2025 08:15;0,4410244166666667
15.08.2025 08:30;0,4683698333333333
15.08.2025 08:45;0,49571524999999994
15.08.2025 09:00;0,5230606666666666
15.08.2025 09:15;0,5439185833333333
15.08.2025 09:30;0,5647765
15.08.2025 09:45;0,5856344166666666
15.08.2025 10:00;0,6064923333333333
15.08.2025 10:15;0,6037870833333333
15.08.2025 10:30;0,6010818333333333
15.08.2025 10:45;0,5983765833333333
15.08.2025 11:00;0,5956713333333333
15.08.2025 11:15;0,5553461666666667
15.08.2025 11:30;0,515021
15.08.2025 11:45;0,4746958333333333
15.08.2025 12:00;0,4343706666666666
15.08.2025 12:15;0,45756199999999997
15.08.2025 12:30;0,48075333333333337
15.08.2025 12:45;0,5039446666666667
15.08.2025 13:00;0,527136
15.08.2025 13:15;0,5059114166666667
15.08.2025 13:30;0,48468683333333334
15.08.2025 13:45;0,46346224999999996
15.08.2025 14:00;0,44223766666666664
15.08.2025 14:15;0,41287966666666664
15.08.2025 14:30;0,38352166666666665
15.08.2025 14:45;0,35416366666666665
15.08.2025 15:00;0,32480566666666666
15.08.2025 15:15;0,29054858333333333
15.08.2025 15:30;0,2562915
15.08.2025 15:45;0,22203441666666668
15.08.2025 16:00;0,18777733333333335
15.08.2025 16:15;0,15842900000000001
15.08.2025 16:30;0,12908066666666668
15.08.2025 16:45;0,09973233333333335
15.08.2025 17:00;0,070384
15.08.2025 17:15;0,05450233333333333
15.08.2025 17:30;0,03862066666666667
15.08.2025 17:45;0,022739000000000002
15.08.2025 18:00;0,006857333333333334
15.08.2025 18:15;0,005143000000000001
15.08.2025 18:30;0,003428666666666667
15.08.2025 18:45;0,0017143333333333333
15.08.2025 19:00;0,0
15.08.2025 19:15;0,0
15.08.2025 19:30;0,0
15.08.2025 19:45;0,0
15.08.2025 20:00;0,0
15.08.2025 20:15;0,0
15.08.2025 20:30;0,0
15.08.2025 20:45;0,0
15.08.2025 21:00;0,0
15.08.2025 21:15;0,0
15.08.2025 21:30;0,0
15.08.2025 21:45;0,0
15.08.2025 22:00;0,0
15.08.2025 22:15;0,0
15.08.2025 22:30;0,0
15.08.2025 22:45;0,0
15.08.2025 23:00;0,0
15.08.2025 23:15;0,0
15.08.2025 23:30;0,0
15.08.2025 23:45;0,0
16.08.2025 00:00;0,0
16.08.2025 00:15;0,0
16.08.2025 00:30;0,0
16.08.2025 00:45;0,0
16.08.2025 01:00;0,0
16.08.2025 01:15;0,0
16.08.2025 01:30;0,0
16.08.2025 01:45;0,0
16.08.2025 02:00;0,0
16.08.2025 02:15;0,0
16.08.2025 02:30;0,0
16.08.2025 02:45;0,0
16.08.2025 03:00;0,0
16.08.2025 03:15;0,0
16.08.2025 03:30;0,0
16.08.2025 03:45;0,0
16.08.2025 04:00;0,0
16.08.2025 04:15;0,0042777499999999994
16.08.2025 04:30;0,008555499999999999
16.08.2025 04:45;0,01283325
16.08.2025 05:00;0,017110999999999998
16.08.2025 05:15;0,042965083333333334
16.08.2025 05:30;0,06881916666666667
16.08.2025 05:45;0,09467325
16.08.2025 06:00;0,12052733333333333
16.08.2025 06:15;0,163962
16.08.2025 06:30;0,20739666666666667
16.08.2025 06:45;0,25083133333333335
16.08.2025 07:00;0,294266
16.08.2025 07:15;0,33752533333333334
16.08.2025 07:30;0,38078466666666666
16.08.2025 07:45;0,424044
16.08.2025 08:00;0,46730333333333335
16.08.2025 08:15;0,4954195
16.08.2025 08:30;0,5235356666666666
16.08.2025 08:45;0,5516518333333333
16.08.2025 09:00;0,579768
16.08.2025 09:15;0,5922935
16.08.2025 09:30;0,604819
16.08.2025 09:45;0,6173445
16.08.2025 10:00;0,62987
16.08.2025 10:15;0,6377853333333333
16.08.2025 10:30;0,6457006666666667
16.08.2025 10:45;0,653616
16.08.2025 11:00;0,6615313333333332
16.08.2025 11:15;0,6564871666666666
16.08.2025 11:30;0,651443
16.08.2025 11:45;0,6463988333333333
16.08.2025 12:00;0,6413546666666666
16.08.2025 12:15;0,6285360833333333
16.08.2025 12:30;0,6157174999999999
16.08.2025 12:45;0,6028989166666666
16.08.2025 13:00;0,5900803333333333
16.08.2025 13:15;0,5631329166666666
16.08.2025 13:30;0,5361855
16.08.2025 13:45;0,5092380833333333
16.08.2025 14:00;0,48229066666666665
16.08.2025 14:15;0,44275149999999996
16.08.2025 14:30;0,4032123333333333
16.08.2025 14:45;0,36367316666666666
16.08.2025 15:00;0,324134
16.08.2025 15:15;0,2951585
16.08.2025 15:30;0,266183
16.08.2025 15:45;0,23720750000000002
16.08.2025 16:00;0,208232
16.08.2025 16:15;0,17359833333333333
16.08.2025 16:30;0,13896466666666668
16.08.2025 16:45;0,10433100000000001
16.08.2025 17:00;0,06969733333333333
16.08.2025 17:15;0,05373525
16.08.2025 17:30;0,03777316666666666
16.08.2025 17:45;0,021811083333333328
16.08.2025 18:00;0,005848999999999999
16.08.2025 18:15;0,004386749999999999
16.08.2025 18:30;0,0029244999999999996
16.08.2025 18:45;0,00146225
16.08.2025 19:00;0,0
16.08.2025 19:15;0,0
16.08.2025 19:30;0,0
16.08.2025 19:45;0,0
16.08.2025 20:00;0,0
16.08.2025 20:15;0,0
16.08.2025 20:30;0,0
16.08.2025 20:45;0,0
16.08.2025 21:00;0,0
16.08.2025 21:15;0,0
16.08.2025 21:30;0,0
16.08.2025 21:45;0,0
16.08.2025 22:00;0,0
16.08.2025 22:15;0,0
16.08.2025 22:30;0,0
16.08.2025 22:45;0,0
16.08.2025 23:00;0,0
16.08.2025 23:15;0,0
16.08.2025 23:30;0,0
16.08.2025 23:45;0,0
17.08.2025 00:00;0,0
17.08.2025 00:15;0,0
17.08.2025 00:30;0,0
17.08.2025 00:45;0,0
17.08.2025 01:00;0,0
17.08.2025 01:15;0,0
17.08.2025 01:30;0,0
17.08.2025 01:45;0,0
17.08.2025 02:00;0,0
17.08.2025 02:15;0,0
17.08.2025 02:30;0,0
17.08.2025 02:45;0,0
17.08.2025 03:00;0,0
17.08.2025 03:15;0,0
17.08.2025 03:30;0,0
17.08.2025 03:45;0,0
17.08.2025 04:00;0,0
17.08.2025 04:15;0,002693333333333333
17.08.2025 04:30;0,005386666666666666
17.08.2025 04:45;0,00808
17.08.2025 05:00;0,010773333333333333
17.08.2025 05:15;0,027392333333333335
17.08.2025 05:30;0,04401133333333333
17.08.2025 05:45;0,06063033333333334
17.08.2025 06:00;0,07724933333333334
17.08.2025 06:15;0,10617408333333334
17.08.2025 06:30;0,13509883333333333
17.08.2025 06:45;0,16402358333333333
17.08.2025 07:00;0,19294833333333333
17.08.2025 07:15;0,23158983333333333
17.08.2025 07:30;0,2702313333333334
17.08.2025 07:45;0,3088728333333334
17.08.2025 08:00;0,34751433333333337
17.08.2025 08:15;0,3796144166666667
17.08.2025 08:30;0,4117145
17.08.2025 08:45;0,44381458333333335
17.08.2025 09:00;0,47591466666666665
17.08.2025 09:15;0,4863200833333333
17.08.2025 09:30;0,49672550000000004
17.08.2025 09:45;0,5071309166666667
17.08.2025 10:00;0,5175363333333334
17.08.2025 10:15;0,5223055
17.08.2025 10:30;0,5270746666666666
17.08.2025 10:45;0,5318438333333333
17.08.2025 11:00;0,5366129999999999
17.08.2025 11:15;0,5197614999999999
17.08.2025 11:30;0,50291
17.08.2025 11:45;0,48605849999999995
17.08.2025 12:00;0,469207
17.08.2025 12:15;0,44671724999999995
17.08.2025 12:30;0,4242275
17.08.2025 12:45;0,40173775
17.08.2025 13:00;0,379248
17.08.2025 13:15;0,3693410833333333
17.08.2025 13:30;0,35943416666666667
17.08.2025 13:45;0,34952725
17.08.2025 14:00;0,33962033333333336
17.08.2025 14:15;0,3146445
17.08.2025 14:30;0,2896686666666667
17.08.2025 14:45;0,2646928333333334
17.08.2025 15:00;0,239717
17.08.2025 15:15;0,21660808333333334
17.08.2025 15:30;0,19349916666666667
17.08.2025 15:45;0,17039025000000002
17.08.2025 16:00;0,14728133333333335
17.08.2025 16:15;0,1244345
17.08.2025 16:30;0,10158766666666667
17.08.2025 16:45;0,07874083333333334
17.08.2025 17:00;0,055894
17.08.2025 17:15;0,0430325
17.08.2025 17:30;0,030171
17.08.2025 17:45;0,0173095
17.08.2025 18:00;0,004448
17.08.2025 18:15;0,0033359999999999996
17.08.2025 18:30;0,002224
17.08.2025 18:45;0,0011119999999999997
17.08.2025 19:00;0,0
17.08.2025 19:15;0,0
17.08.2025 19:30;0,0
17.08.2025 19:45;0,0
17.08.2025 20:00;0,0
17.08.2025 20:15;0,0
17.08.2025 20:30;0,0
17.08.2025 20:45;0,0
17.08.2025 21:00;0,0
17.08.2025 21:15;0,0
17.08.2025 21:30;0,0
17.08.2025 21:45;0,0
17.08.2025 22:00;0,0
17.08.2025 22:15;0,0
17.08.2025 22:30;0,0
17.08.2025 22:45;0,0
17.08.2025 23:00;0,0
17.08.2025 23:15;0,0
17.08.2025 23:30;0,0
17.08.2025 23:45;0,0
18.08.2025 00:00;0,0
18.08.2025 00:15;0,0
18.08.2025 00:30;0,0
18.08.2025 00:45;0,0
18.08.2025 01:00;0,0
18.08.2025 01:15;0,0
18.08.2025 01:30;0,0
18.08.2025 01:45;0,0
18.08.2025 02:00;0,0
18.08.2025 02:15;0,0
18.08.2025 02:30;0,0
18.08.2025 02:45;0,0
18.08.2025 03:00;0,0
18.08.2025 03:15;0,0
18.08.2025 03:30;0,0
18.08.2025 03:45;0,0
18.08.2025 04:00;0,0
18.08.2025 04:15;0,0032389999999999997
18.08.2025 04:30;0,006477999999999999
18.08.2025 04:45;0,009717
18.08.2025 05:00;0,012955999999999999
18.08.2025 05:15;0,03523433333333333
18.08.2025 05:30;0,05751266666666667
18.08.2025 05:45;0,079791
18.08.2025 06:00;0,10206933333333333
18.08.2025 06:15;0,14099283333333335
18.08.2025 06:30;0,17991633333333334
18.08.2025 06:45;0,21883983333333334
18.08.2025 07:00;0,25776333333333334
18.08.2025 07:15;0,2934530833333333
18.08.2025 07:30;0,32914283333333333
18.08.2025 07:45;0,36483258333333335
18.08.2025 08:00;0,4005223333333333
18.08.2025 08:15;0,41643658333333333
18.08.2025 08:30;0,43235083333333335
18.08.2025 08:45;0,4482650833333333
18.08.2025 09:00;0,46417933333333333
18.08.2025 09:15;0,4764625833333333
18.08.2025 09:30;0,4887458333333333
18.08.2025 09:45;0,5010290833333333
18.08.2025 10:00;0,5133123333333333
18.08.2025 10:15;0,5048395833333332
18.08.2025 10:30;0,4963668333333333
18.08.2025 10:45;0,48789408333333334
18.08.2025 11:00;0,47942133333333337
18.08.2025 11:15;0,4752294166666667
18.08.2025 11:30;0,4710375
18.08.2025 11:45;0,4668455833333333
18.08.2025 12:00;0,46265366666666663
18.08.2025 12:15;0,46896266666666664
18.08.2025 12:30;0,47527166666666665
18.08.2025 12:45;0,48158066666666666
18.08.2025 13:00;0,48788966666666667
18.08.2025 13:15;0,45465583333333337
18.08.2025 13:30;0,421422
18.08.2025 13:45;0,38818816666666667
18.08.2025 14:00;0,35495433333333337
18.08.2025 14:15;0,33497458333333335
18.08.2025 14:30;0,31499483333333334
18.08.2025 14:45;0,2950150833333333
18.08.2025 15:00;0,2750353333333333
18.08.2025 15:15;0,24269524999999997
18.08.2025 15:30;0,21035516666666665
18.08.2025 15:45;0,17801508333333332
18.08.2025 16:00;0,14567499999999997
18.08.2025 16:15;0,12171024999999998
18.08.2025 16:30;0,09774549999999999
18.08.2025 16:45;0,07378074999999999
18.08.2025 17:00;0,049816
18.08.2025 17:15;0,037991833333333336
18.08.2025 17:30;0,026167666666666665
18.08.2025 17:45;0,014343499999999995
18.08.2025 18:00;0,002519333333333333
18.08.2025 18:15;0,0018894999999999997
18.08.2025 18:30;0,0012596666666666665
18.08.2025 18:45;0,0006298333333333334
18.08.2025 19:00;0,0
18.08.2025 19:15;0,0
18.08.2025 19:30;0,0
18.08.2025 19:45;0,0
18.08.2025 20:00;0,0
18.08.2025 20:15;0,0
18.08.2025 20:30;0,0
18.08.2025 20:45;0,0
18.08.2025 21:00;0,0
18.08.2025 21:15;0,0
18.08.2025 21:30;0,0
18.08.2025 21:45;0,0
18.08.2025 22:00;0,0
18.08.2025 22:15;0,0
18.08.2025 22:30;0,0
18.08.2025 22:45;0,0
18.08.2025 23:00;0,0
18.08.2025 23:15;0,0
18.08.2025 23:30;0,0
18.08.2025 23:45;0,0
19.08.2025 00:00;0,0
19.08.2025 00:15;0,0
19.08.2025 00:30;0,0
19.08.2025 00:45;0,0
19.08.2025 01:00;0,0
19.08.2025 01:15;0,0
19.08.2025 01:30;0,0
19.08.2025 01:45;0,0
19.08.2025 02:00;0,0
19.08.2025 02:15;0,0
19.08.2025 02:30;0,0
19.08.2025 02:45;0,0
19.08.2025 03:00;0,0
19.08.2025 03:15;0,0
19.08.2025 03:30;0,0
19.08.2025 03:45;0,0
19.08.2025 04:00;0,0
19.08.2025 04:15;0,002803666666666667
19.08.2025 04:30;0,005607333333333334
19.08.2025 04:45;0,008411
19.08.2025 05:00;0,011214666666666668
19.08.2025 05:15;0,03224825
19.08.2025 05:30;0,053281833333333334
19.08.2025 05:45;0,07431541666666666
19.08.2025 06:00;0,09534899999999999
19.08.2025 06:15;0,13073733333333332
19.08.2025 06:30;0,16612566666666667
19.08.2025 06:45;0,20151400000000003
19.08.2025 07:00;0,23690233333333335
19.08.2025 07:15;0,26574225
19.08.2025 07:30;0,29458216666666664
19.08.2025 07:45;0,32342208333333333
19.08.2025 08:00;0,35226199999999996
19.08.2025 08:15;0,372465
19.08.2025 08:30;0,392668
19.08.2025 08:45;0,412871
19.08.2025 09:00;0,433074
19.08.2025 09:15;0,44027466666666665
19.08.2025 09:30;0,44747533333333334
19.08.2025 09:45;0,45467599999999997
19.08.2025 10:00;0,46187666666666666
19.08.2025 10:15;0,47468925
19.08.2025 10:30;0,4875018333333333
19.08.2025 10:45;0,5003144166666667
19.08.2025 11:00;0,513127
19.08.2025 11:15;0,5087491666666667
19.08.2025 11:30;0,5043713333333333
19.08.2025 11:45;0,4999935
19.08.2025 12:00;0,4956156666666667
19.08.2025 12:15;0,4895649166666667
19.08.2025 12:30;0,4835141666666667
19.08.2025 12:45;0,47746341666666664
19.08.2025 13:00;0,47141266666666665
19.08.2025 13:15;0,44240708333333334
19.08.2025 13:30;0,4134015
19.08.2025 13:45;0,3843959166666666
19.08.2025 14:00;0,3553903333333333
19.08.2025 14:15;0,33830283333333333
19.08.2025 14:30;0,3212153333333333
19.08.2025 14:45;0,3041278333333333
19.08.2025 15:00;0,28704033333333334
19.08.2025 15:15;0,25275966666666666
19.08.2025 15:30;0,218479
19.08.2025 15:45;0,18419833333333335
19.08.2025 16:00;0,14991766666666667
19.08.2025 16:15;0,12427308333333334
19.08.2025 16:30;0,09862850000000001
19.08.2025 16:45;0,07298391666666668
19.08.2025 17:00;0,04733933333333333
19.08.2025 17:15;0,036184999999999995
19.08.2025 17:30;0,025030666666666666
19.08.2025 17:45;0,013876333333333338
19.08.2025 18:00;0,002722
19.08.2025 18:15;0,0020415
19.08.2025 18:30;0,001361
19.08.2025 18:45;0,0006805000000000001
19.08.2025 19:00;0,0
19.08.2025 19:15;0,0
19.08.2025 19:30;0,0
19.08.2025 19:45;0,0
19.08.2025 20:00;0,0
19.08.2025 20:15;0,0
19.08.2025 20:30;0,0
19.08.2025 20:45;0,0
19.08.2025 21:00;0,0
19.08.2025 21:15;0,0
19.08.2025 21:30;0,0
19.08.2025 21:45;0,0
19.08.2025 22:00;0,0
19.08.2025 22:15;0,0
19.08.2025 22:30;0,0
19.08.2025 22:45;0,0
19.08.2025 23:00;0,0
19.08.2025 23:15;0,0
19.08.2025 23:30;0,0
19.08.2025 23:45;0,0
20.08.2025 00:00;0,0
20.08.2025 00:15;0,0
20.08.2025 00:30;0,0
20.08.2025 00:45;0,0
20.08.2025 01:00;0,0
20.08.2025 01:15;0,0
20.08.2025 01:30;0,0
20.08.2025 01:45;0,0
20.08.2025 02:00;0,0
20.08.2025 02:15;0,0
20.08.2025 02:30;0,0
20.08.2025 02:45;0,0
20.08.2025 03:00;0,0
20.08.2025 03:15;0,0
20.08.2025 03:30;0,0
20.08.2025 03:45;0,0
20.08.2025 04:00;0,0
20.08.2025 04:15;0,00231825
20.08.2025 04:30;0,0046365
20.08.2025 04:45;0,00695475
20.08.2025 05:00;0,009273
20.08.2025 05:15;0,02641275
20.08.2025 05:30;0,043552499999999994
20.08.2025 05:45;0,06069224999999999
20.08.2025 06:00;0,077832
20.08.2025 06:15;0,106824
20.08.2025 06:30;0,135816
20.08.2025 06:45;0,164808
20.08.2025 07:00;0,1938
20.08.2025 07:15;0,22232316666666666
20.08.2025 07:30;0,25084633333333334
20.08.2025 07:45;0,2793695
20.08.2025 08:00;0,30789266666666665
20.08.2025 08:15;0,32593691666666663
20.08.2025 08:30;0,34398116666666667
20.08.2025 08:45;0,36202541666666666
20.08.2025 09:00;0,38006966666666664
20.08.2025 09:15;0,38989175
20.08.2025 09:30;0,3997138333333333
20.08.2025 09:45;0,40953591666666667
20.08.2025 10:00;0,419358
20.08.2025 10:15;0,4231611666666667
20.08.2025 10:30;0,42696433333333333
20.08.2025 10:45;0,4307675
20.08.2025 11:00;0,43457066666666666
20.08.2025 11:15;0,4360625
20.08.2025 11:30;0,4375543333333333
20.08.2025 11:45;0,4390461666666666
20.08.2025 12:00;0,440538
20.08.2025 12:15;0,43157825
20.08.2025 12:30;0,4226185
20.08.2025 12:45;0,41365874999999996
20.08.2025 13:00;0,404699
20.08.2025 13:15;0,38883233333333334
20.08.2025 13:30;0,37296566666666664
20.08.2025 13:45;0,35709899999999994
20.08.2025 14:00;0,3412323333333333
20.08.2025 14:15;0,3220445833333333
20.08.2025 14:30;0,30285683333333335
20.08.2025 14:45;0,28366908333333335
20.08.2025 15:00;0,26448133333333335
20.08.2025 15:15;0,23817075000000001
20.08.2025 15:30;0,21186016666666668
20.08.2025 15:45;0,18554958333333332
20.08.2025 16:00;0,159239
20.08.2025 16:15;0,13165983333333334
20.08.2025 16:30;0,10408066666666667
20.08.2025 16:45;0,0765015
20.08.2025 17:00;0,04892233333333333
20.08.2025 17:15;0,0370955
20.08.2025 17:30;0,025268666666666665
20.08.2025 17:45;0,013441833333333333
20.08.2025 18:00;0,001615
20.08.2025 18:15;0,0012112499999999999
20.08.2025 18:30;0,0008075
20.08.2025 18:45;0,00040375000000000003
20.08.2025 19:00;0,0
20.08.2025 19:15;0,0
20.08.2025 19:30;0,0
20.08.2025 19:45;0,0
20.08.2025 20:00;0,0
20.08.2025 20:15;0,0
20.08.2025 20:30;0,0
20.08.2025 20:45;0,0
20.08.2025 21:00;0,0
20.08.2025 21:15;0,0
20.08.2025 21:30;0,0
20.08.2025 21:45;0,0
20.08.2025 22:00;0,0
20.08.2025 22:15;0,0
20.08.2025 22:30;0,0
20.08.2025 22:45;0,0
20.08.2025 23:00;0,0
20.08.2025 23:15;0,0
20.08.2025 23:30;0,0
20.08.2025 23:45;0,0
21.08.2025 00:00;0,0
21.08.2025 00:15;0,0
21.08.2025 00:30;0,0
21.08.2025 00:45;0,0
21.08.2025 01:00;0,0
21.08.2025 01:15;0,0
21.08.2025 01:30;0,0
21.08.2025 01:45;0,0
21.08.2025 02:00;0,0
21.08.2025 02:15;0,0
21.08.2025 02:30;0,0
21.08.2025 02:45;0,0
21.08.2025 03:00;0,0
21.08.2025 03:15;0,0
21.08.2025 03:30;0,0
21.08.2025 03:45;0,0
21.08.2025 04:00;0,0
21.08.2025 04:15;0,0030974166666666667
21.08.2025 04:30;0,0061948333333333334
21.08.2025 04:45;0,00929225
21.08.2025 05:00;0,012389666666666667
21.08.2025 05:15;0,03562733333333334
21.08.2025 05:30;0,05886500000000001
21.08.2025 05:45;0,08210266666666668
21.08.2025 06:00;0,10534033333333334
21.08.2025 06:15;0,14197591666666667
21.08.2025 06:30;0,17861149999999998
21.08.2025 06:45;0,2152470833333333
21.08.2025 07:00;0,25188266666666664
21.08.2025 07:15;0,27666999999999997
21.08.2025 07:30;0,30145733333333335
21.08.2025 07:45;0,3262446666666667
21.08.2025 08:00;0,351032
21.08.2025 08:15;0,3696601666666667
21.08.2025 08:30;0,38828833333333335
21.08.2025 08:45;0,40691649999999996
21.08.2025 09:00;0,4255446666666666
21.08.2025 09:15;0,4369531666666666
21.08.2025 09:30;0,44836166666666666
21.08.2025 09:45;0,4597701666666667
21.08.2025 10:00;0,4711786666666667
21.08.2025 10:15;0,48045483333333333
21.08.2025 10:30;0,489731
21.08.2025 10:45;0,49900716666666667
21.08.2025 11:00;0,5082833333333333
21.08.2025 11:15;0,5164436666666666
21.08.2025 11:30;0,5246040000000001
21.08.2025 11:45;0,5327643333333334
21.08.2025 12:00;0,5409246666666667
21.08.2025 12:15;0,5336214166666667
21.08.2025 12:30;0,5263181666666666
21.08.2025 12:45;0,5190149166666667
21.08.2025 13:00;0,5117116666666667
21.08.2025 13:15;0,49255566666666667
21.08.2025 13:30;0,47339966666666666
21.08.2025 13:45;0,4542436666666667
21.08.2025 14:00;0,4350876666666667
21.08.2025 14:15;0,40542058333333336
21.08.2025 14:30;0,3757535
21.08.2025 14:45;0,3460864166666667
21.08.2025 15:00;0,31641933333333333
21.08.2025 15:15;0,28303208333333335
21.08.2025 15:30;0,24964483333333332
21.08.2025 15:45;0,21625758333333334
21.08.2025 16:00;0,18287033333333333
21.08.2025 16:15;0,15185108333333333
21.08.2025 16:30;0,12083183333333333
21.08.2025 16:45;0,08981258333333333
21.08.2025 17:00;0,058793333333333336
21.08.2025 17:15;0,044389
21.08.2025 17:30;0,029984666666666663
21.08.2025 17:45;0,015580333333333328
21.08.2025 18:00;0,001176
21.08.2025 18:15;0,000882
21.08.2025 18:30;0,000588
21.08.2025 18:45;0,000294
21.08.2025 19:00;0,0
21.08.2025 19:15;0,0
21.08.2025 19:30;0,0
21.08.2025 19:45;0,0
21.08.2025 20:00;0,0
21.08.2025 20:15;0,0
21.08.2025 20:30;0,0
21.08.2025 20:45;0,0
21.08.2025 21:00;0,0
21.08.2025 21:15;0,0
21.08.2025 21:30;0,0
21.08.2025 21:45;0,0
21.08.2025 22:00;0,0
21.08.2025 22:15;0,0
21.08.2025 22:30;0,0
21.08.2025 22:45;0,0
21.08.2025 23:00;0,0
21.08.2025 23:15;0,0
21.08.2025 23:30;0,0
21.08.2025 23:45;0,0
22.08.2025 00:00;0,0
22.08.2025 00:15;0,0
22.08.2025 00:30;0,0
22.08.2025 00:45;0,0
22.08.2025 01:00;0,0
22.08.2025 01:15;0,0
22.08.2025 01:30;0,0
22.08.2025 01:45;0,0
22.08.2025 02:00;0,0
22.08.2025 02:15;0,0
22.08.2025 02:30;0,0
22.08.2025 02:45;0,0
22.08.2025 03:00;0,0
22.08.2025 03:15;0,0
22.08.2025 03:30;0,0
22.08.2025 03:45;0,0
22.08.2025 04:00;0,0
22.08.2025 04:15;0,0025694166666666665
22.08.2025 04:30;0,005138833333333333
22.08.2025 04:45;0,00770825
22.08.2025 05:00;0,010277666666666666
22.08.2025 05:15;0,03131274999999999
22.08.2025 05:30;0,05234783333333332
22.08.2025 05:45;0,07338291666666666
22.08.2025 06:00;0,09441799999999999
22.08.2025 06:15;0,12733966666666666
22.08.2025 06:30;0,1602613333333333
22.08.2025 06:45;0,193183
22.08.2025 07:00;0,22610466666666668
22.08.2025 07:15;0,2552309166666667
22.08.2025 07:30;0,28435716666666666
22.08.2025 07:45;0,3134834166666667
22.08.2025 08:00;0,34260966666666665
22.08.2025 08:15;0,3695346666666667
22.08.2025 08:30;0,39645966666666665
22.08.2025 08:45;0,42338466666666663
22.08.2025 09:00;0,45030966666666666
22.08.2025 09:15;0,4540456666666667
22.08.2025 09:30;0,45778166666666664
22.08.2025 09:45;0,46151766666666666
22.08.2025 10:00;0,4652536666666667
22.08.2025 10:15;0,4741734166666667
22.08.2025 10:30;0,4830931666666667
22.08.2025 10:45;0,4920129166666667
22.08.2025 11:00;0,5009326666666667
22.08.2025 11:15;0,51081825
22.08.2025 11:30;0,5207038333333334
22.08.2025 11:45;0,5305894166666667
22.08.2025 12:00;0,540475
22.08.2025 12:15;0,5371511666666667
22.08.2025 12:30;0,5338273333333333
22.08.2025 12:45;0,5305035
22.08.2025 13:00;0,5271796666666666
22.08.2025 13:15;0,50861
22.08.2025 13:30;0,4900403333333333
22.08.2025 13:45;0,47147066666666665
22.08.2025 14:00;0,452901
22.08.2025 14:15;0,42446333333333336
22.08.2025 14:30;0,39602566666666666
22.08.2025 14:45;0,367588
22.08.2025 15:00;0,33915033333333333
22.08.2025 15:15;0,305195
22.08.2025 15:30;0,27123966666666666
22.08.2025 15:45;0,23728433333333335
22.08.2025 16:00;0,203329
22.08.2025 16:15;0,16596591666666666
22.08.2025 16:30;0,12860283333333333
22.08.2025 16:45;0,09123975
22.08.2025 17:00;0,05387666666666667
22.08.2025 17:15;0,0406325
22.08.2025 17:30;0,027388333333333337
22.08.2025 17:45;0,014144166666666666
22.08.2025 18:00;0,0009
22.08.2025 18:15;0,000675
22.08.2025 18:30;0,00045
22.08.2025 18:45;0,00022499999999999994
22.08.2025 19:00;0,0
22.08.2025 19:15;0,0
22.08.2025 19:30;0,0
22.08.2025 19:45;0,0
22.08.2025 20:00;0,0
22.08.2025 20:15;0,0
22.08.2025 20:30;0,0
22.08.2025 20:45;0,0
22.08.2025 21:00;0,0
22.08.2025 21:15;0,0
22.08.2025 21:30;0,0
22.08.2025 21:45;0,0
22.08.2025 22:00;0,0
22.08.2025 22:15;0,0
22.08.2025 22:30;0,0
22.08.2025 22:45;0,0
22.08.2025 23:00;0,0
22.08.2025 23:15;0,0
22.08.2025 23:30;0,0
22.08.2025 23:45;0,0
23.08.2025 00:00;0,0
23.08.2025 00:15;0,0
23.08.2025 00:30;0,0
23.08.2025 00:45;0,0
23.08.2025 01:00;0,0
23.08.2025 01:15;0,0
23.08.2025 01:30;0,0
23.08.2025 01:45;0,0
23.08.2025 02:00;0,0
23.08.2025 02:15;0,0
23.08.2025 02:30;0,0
23.08.2025 02:45;0,0
23.08.2025 03:00;0,0
23.08.2025 03:15;0,0
23.08.2025 03:30;0,0
23.08.2025 03:45;0,0
23.08.2025 04:00;0,0
23.08.2025 04:15;0,0025647499999999998
23.08.2025 04:30;0,0051294999999999995
23.08.2025 04:45;0,007694249999999999
23.08.2025 05:00;0,010258999999999999
23.08.2025 05:15;0,03143233333333333
23.08.2025 05:30;0,05260566666666666
23.08.2025 05:45;0,073779
23.08.2025 06:00;0,09495233333333333
23.08.2025 06:15;0,13102191666666668
23.08.2025 06:30;0,1670915
23.08.2025 06:45;0,20316108333333333
23.08.2025 07:00;0,23923066666666667
23.08.2025 07:15;0,27018733333333333
23.08.2025 07:30;0,30114399999999997
23.08.2025 07:45;0,33210066666666666
23.08.2025 08:00;0,3630573333333333
23.08.2025 08:15;0,3858733333333333
23.08.2025 08:30;0,40868933333333335
23.08.2025 08:45;0,43150533333333335
23.08.2025 09:00;0,45432133333333335
23.08.2025 09:15;0,46352925
23.08.2025 09:30;0,47273716666666665
23.08.2025 09:45;0,48194508333333336
23.08.2025 10:00;0,491153
23.08.2025 10:15;0,50521625
23.08.2025 10:30;0,5192795
23.08.2025 10:45;0,5333427500000001
23.08.2025 11:00;0,5474060000000001
23.08.2025 11:15;0,5548943333333334
23.08.2025 11:30;0,5623826666666667
23.08.2025 11:45;0,569871
23.08.2025 12:00;0,5773593333333333
23.08.2025 12:15;0,56663175
23.08.2025 12:30;0,5559041666666666
23.08.2025 12:45;0,5451765833333334
23.08.2025 13:00;0,5344490000000001
23.08.2025 13:15;0,5150489166666667
23.08.2025 13:30;0,49564883333333337
23.08.2025 13:45;0,47624875000000005
23.08.2025 14:00;0,4568486666666667
23.08.2025 14:15;0,43223500000000004
23.08.2025 14:30;0,40762133333333334
23.08.2025 14:45;0,38300766666666664
23.08.2025 15:00;0,358394
23.08.2025 15:15;0,31974816666666667
23.08.2025 15:30;0,28110233333333334
23.08.2025 15:45;0,24245650000000002
23.08.2025 16:00;0,20381066666666667
23.08.2025 16:15;0,16706216666666668
23.08.2025 16:30;0,13031366666666666
23.08.2025 16:45;0,09356516666666666
23.08.2025 17:00;0,05681666666666666
23.08.2025 17:15;0,042721749999999996
23.08.2025 17:30;0,02862683333333333
23.08.2025 17:45;0,014531916666666665
23.08.2025 18:00;0,000437
23.08.2025 18:15;0,00032774999999999997
23.08.2025 18:30;0,00021849999999999997
23.08.2025 18:45;0,00010924999999999997
23.08.2025 19:00;0,0
23.08.2025 19:15;0,0
23.08.2025 19:30;0,0
23.08.2025 19:45;0,0
23.08.2025 20:00;0,0
23.08.2025 20:15;0,0
23.08.2025 20:30;0,0
23.08.2025 20:45;0,0
23.08.2025 21:00;0,0
23.08.2025 21:15;0,0
23.08.2025 21:30;0,0
23.08.2025 21:45;0,0
23.08.2025 22:00;0,0
23.08.2025 22:15;0,0
23.08.2025 22:30;0,0
23.08.2025 22:45;0,0
23.08.2025 23:00;0,0
23.08.2025 23:15;0,0
23.08.2025 23:30;0,0
23.08.2025 23:45;0,0
24.08.2025 00:00;0,0
24.08.2025 00:15;0,0
24.08.2025 00:30;0,0
24.08.2025 00:45;0,0
24.08.2025 01:00;0,0
24.08.2025 01:15;0,0
24.08.2025 01:30;0,0
24.08.2025 01:45;0,0
24.08.2025 02:00;0,0
24.08.2025 02:15;0,0
24.08.2025 02:30;0,0
24.08.2025 02:45;0,0
24.08.2025 03:00;0,0
24.08.2025 03:15;0,0
24.08.2025 03:30;0,0
24.08.2025 03:45;0,0
24.08.2025 04:00;0,0
24.08.2025 04:15;0,0018998333333333335
24.08.2025 04:30;0,003799666666666667
24.08.2025 04:45;0,0056995
24.08.2025 05:00;0,007599333333333333
24.08.2025 05:15;0,028943666666666666
24.08.2025 05:30;0,050288
24.08.2025 05:45;0,07163233333333333
24.08.2025 06:00;0,09297666666666667
24.08.2025 06:15;0,13176716666666666
24.08.2025 06:30;0,17055766666666666
24.08.2025 06:45;0,20934816666666667
24.08.2025 07:00;0,24813866666666667
24.08.2025 07:15;0,28159850000000003
24.08.2025 07:30;0,31505833333333333
24.08.2025 07:45;0,3485181666666667
24.08.2025 08:00;0,38197800000000004
24.08.2025 08:15;0,4165181666666667
24.08.2025 08:30;0,45105833333333334
24.08.2025 08:45;0,4855985
24.08.2025 09:00;0,5201386666666666
24.08.2025 09:15;0,53703775
24.08.2025 09:30;0,5539368333333333
24.08.2025 09:45;0,5708359166666667
24.08.2025 10:00;0,587735
24.08.2025 10:15;0,5827856666666666
24.08.2025 10:30;0,5778363333333334
24.08.2025 10:45;0,572887
24.08.2025 11:00;0,5679376666666667
24.08.2025 11:15;0,5587126666666666
24.08.2025 11:30;0,5494876666666666
24.08.2025 11:45;0,5402626666666667
24.08.2025 12:00;0,5310376666666666
24.08.2025 12:15;0,5258455
24.08.2025 12:30;0,5206533333333333
24.08.2025 12:45;0,5154611666666666
24.08.2025 13:00;0,510269
24.08.2025 13:15;0,4731570833333333
24.08.2025 13:30;0,43604516666666665
24.08.2025 13:45;0,39893325
24.08.2025 14:00;0,36182133333333333
24.08.2025 14:15;0,3418813333333333
24.08.2025 14:30;0,3219413333333333
24.08.2025 14:45;0,30200133333333334
24.08.2025 15:00;0,28206133333333333
24.08.2025 15:15;0,2531443333333333
24.08.2025 15:30;0,22422733333333333
24.08.2025 15:45;0,1953103333333333
24.08.2025 16:00;0,1663933333333333
24.08.2025 16:15;0,1378408333333333
24.08.2025 16:30;0,10928833333333332
24.08.2025 16:45;0,08073583333333333
24.08.2025 17:00;0,05218333333333333
24.08.2025 17:15;0,03917191666666667
24.08.2025 17:30;0,0261605
24.08.2025 17:45;0,013149083333333332
24.08.2025 18:00;0,00013766666666666666
24.08.2025 18:15;0,00010324999999999999
24.08.2025 18:30;6,883333333333333e-05
24.08.2025 18:45;3,441666666666666e-05
24.08.2025 19:00;0,0
24.08.2025 19:15;0,0
24.08.2025 19:30;0,0
24.08.2025 19:45;0,0
24.08.2025 20:00;0,0
24.08.2025 20:15;0,0
24.08.2025 20:30;0,0
24.08.2025 20:45;0,0
24.08.2025 21:00;0,0
24.08.2025 21:15;0,0
24.08.2025 21:30;0,0
24.08.2025 21:45;0,0
24.08.2025 22:00;0,0
24.08.2025 22:15;0,0
24.08.2025 22:30;0,0
24.08.2025 22:45;0,0
24.08.2025 23:00;0,0
24.08.2025 23:15;0,0
24.08.2025 23:30;0,0
24.08.2025 23:45;0,0
25.08.2025 00:00;0,0
25.08.2025 00:15;0,0
25.08.2025 00:30;0,0
25.08.2025 00:45;0,0
25.08.2025 01:00;0,0
25.08.2025 01:15;0,0
25.08.2025 01:30;0,0
25.08.2025 01:45;0,0
25.08.2025 02:00;0,0
25.08.2025 02:15;0,0
25.08.2025 02:30;0,0
25.08.2025 02:45;0,0
25.08.2025 03:00;0,0
25.08.2025 03:15;0,0
25.08.2025 03:30;0,0
25.08.2025 03:45;0,0
25.08.2025 04:00;0,0
25.08.2025 04:15;0,0022315833333333332
25.08.2025 04:30;0,0044631666666666665
25.08.2025 04:45;0,00669475
25.08.2025 05:00;0,008926333333333333
25.08.2025 05:15;0,03176616666666667
25.08.2025 05:30;0,05460600000000001
25.08.2025 05:45;0,07744583333333334
25.08.2025 06:00;0,10028566666666668
25.08.2025 06:15;0,1366379166666667
25.08.2025 06:30;0,17299016666666667
25.08.2025 06:45;0,2093424166666667
25.08.2025 07:00;0,24569466666666667
25.08.2025 07:15;0,27793883333333336
25.08.2025 07:30;0,310183
25.08.2025 07:45;0,34242716666666667
25.08.2025 08:00;0,37467133333333336
25.08.2025 08:15;0,39347966666666667
25.08.2025 08:30;0,412288
25.08.2025 08:45;0,43109633333333336
25.08.2025 09:00;0,4499046666666667
25.08.2025 09:15;0,46199475
25.08.2025 09:30;0,47408483333333334
25.08.2025 09:45;0,4861749166666667
25.08.2025 10:00;0,498265
25.08.2025 10:15;0,5044224166666667
25.08.2025 10:30;0,5105798333333333
25.08.2025 10:45;0,5167372499999999
25.08.2025 11:00;0,5228946666666666
25.08.2025 11:15;0,5192283333333333
25.08.2025 11:30;0,515562
25.08.2025 11:45;0,5118956666666666
25.08.2025 12:00;0,5082293333333333
25.08.2025 12:15;0,49645216666666664
25.08.2025 12:30;0,48467499999999997
25.08.2025 12:45;0,47289783333333335
25.08.2025 13:00;0,4611206666666667
25.08.2025 13:15;0,4492635833333333
25.08.2025 13:30;0,43740650000000003
25.08.2025 13:45;0,4255494166666667
25.08.2025 14:00;0,41369233333333333
25.08.2025 14:15;0,39068274999999997
25.08.2025 14:30;0,36767316666666666
25.08.2025 14:45;0,34466358333333336
25.08.2025 15:00;0,321654
25.08.2025 15:15;0,2878199166666667
25.08.2025 15:30;0,25398583333333336
25.08.2025 15:45;0,22015174999999998
25.08.2025 16:00;0,18631766666666666
25.08.2025 16:15;0,15316991666666666
25.08.2025 16:30;0,12002216666666667
25.08.2025 16:45;0,08687441666666668
25.08.2025 17:00;0,053726666666666666
25.08.2025 17:15;0,040295
25.08.2025 17:30;0,026863333333333333
25.08.2025 17:45;0,013431666666666668
25.08.2025 18:00;0,0
25.08.2025 18:15;0,0
25.08.2025 18:30;0,0
25.08.2025 18:45;0,0
25.08.2025 19:00;0,0
25.08.2025 19:15;0,0
25.08.2025 19:30;0,0
25.08.2025 19:45;0,0
25.08.2025 20:00;0,0
25.08.2025 20:15;0,0
25.08.2025 20:30;0,0
25.08.2025 20:45;0,0
25.08.2025 21:00;0,0
25.08.2025 21:15;0,0
25.08.2025 21:30;0,0
25.08.2025 21:45;0,0
25.08.2025 22:00;0,0
25.08.2025 22:15;0,0
25.08.2025 22:30;0,0
25.08.2025 22:45;0,0
25.08.2025 23:00;0,0
25.08.2025 23:15;0,0
25.08.2025 23:30;0,0
25.08.2025 23:45;0,0
26.08.2025 00:00;0,0
26.08.2025 00:15;0,0
26.08.2025 00:30;0,0
26.08.2025 00:45;0,0
26.08.2025 01:00;0,0
26.08.2025 01:15;0,0
26.08.2025 01:30;0,0
26.08.2025 01:45;0,0
26.08.2025 02:00;0,0
26.08.2025 02:15;0,0
26.08.2025 02:30;0,0
26.08.2025 02:45;0,0
26.08.2025 03:00;0,0
26.08.2025 03:15;0,0
26.08.2025 03:30;0,0
26.08.2025 03:45;0,0
26.08.2025 04:00;0,0
26.08.2025 04:15;0,0018036666666666663
26.08.2025 04:30;0,0036073333333333326
26.08.2025 04:45;0,005410999999999999
26.08.2025 05:00;0,007214666666666666
26.08.2025 05:15;0,031432166666666664
26.08.2025 05:30;0,05564966666666667
26.08.2025 05:45;0,07986716666666666
26.08.2025 06:00;0,10408466666666666
26.08.2025 06:15;0,14376641666666667
26.08.2025 06:30;0,18344816666666666
26.08.2025 06:45;0,22312991666666665
26.08.2025 07:00;0,26281166666666667
26.08.2025 07:15;0,3051758333333333
26.08.2025 07:30;0,34753999999999996
26.08.2025 07:45;0,38990416666666666
26.08.2025 08:00;0,4322683333333333
26.08.2025 08:15;0,46673058333333334
26.08.2025 08:30;0,5011928333333333
26.08.2025 08:45;0,5356550833333333
26.08.2025 09:00;0,5701173333333334
26.08.2025 09:15;0,58815325
26.08.2025 09:30;0,6061891666666667
26.08.2025 09:45;0,6242250833333334
26.08.2025 10:00;0,642261
26.08.2025 10:15;0,6543348333333333
26.08.2025 10:30;0,6664086666666666
26.08.2025 10:45;0,6784825
26.08.2025 11:00;0,6905563333333333
26.08.2025 11:15;0,6882269166666667
26.08.2025 11:30;0,6858975
26.08.2025 11:45;0,6835680833333333
26.08.2025 12:00;0,6812386666666667
26.08.2025 12:15;0,66968525
26.08.2025 12:30;0,6581318333333334
26.08.2025 12:45;0,6465784166666667
26.08.2025 13:00;0,6350250000000001
26.08.2025 13:15;0,6114289166666667
26.08.2025 13:30;0,5878328333333334
26.08.2025 13:45;0,5642367500000001
26.08.2025 14:00;0,5406406666666667
26.08.2025 14:15;0,5067390833333333
26.08.2025 14:30;0,4728375
26.08.2025 14:45;0,43893591666666665
26.08.2025 15:00;0,40503433333333333
26.08.2025 15:15;0,35985391666666666
26.08.2025 15:30;0,3146735
26.08.2025 15:45;0,2694930833333333
26.08.2025 16:00;0,22431266666666666
26.08.2025 16:15;0,18245241666666667
26.08.2025 16:30;0,14059216666666666
26.08.2025 16:45;0,09873191666666667
26.08.2025 17:00;0,05687166666666667
26.08.2025 17:15;0,04265375
26.08.2025 17:30;0,02843583333333333
26.08.2025 17:45;0,014217916666666663
26.08.2025 18:00;0,0
26.08.2025 18:15;0,0
26.08.2025 18:30;0,0
26.08.2025 18:45;0,0
26.08.2025 19:00;0,0
26.08.2025 19:15;0,0
26.08.2025 19:30;0,0
26.08.2025 19:45;0,0
26.08.2025 20:00;0,0
26.08.2025 20:15;0,0
26.08.2025 20:30;0,0
26.08.2025 20:45;0,0
26.08.2025 21:00;0,0
26.08.2025 21:15;0,0
26.08.2025 21:30;0,0
26.08.2025 21:45;0,0
26.08.2025 22:00;0,0
26.08.2025 22:15;0,0
26.08.2025 22:30;0,0
26.08.2025 22:45;0,0
26.08.2025 23:00;0,0
26.08.2025 23:15;0,0
26.08.2025 23:30;0,0
26.08.2025 23:45;0,0
27.08.2025 00:00;0,0
27.08.2025 00:15;0,0
27.08.2025 00:30;0,0
27.08.2025 00:45;0,0
27.08.2025 01:00;0,0
27.08.2025 01:15;0,0
27.08.2025 01:30;0,0
27.08.2025 01:45;0,0
27.08.2025 02:00;0,0
27.08.2025 02:15;0,0
27.08.2025 02:30;0,0
27.08.2025 02:45;0,0
27.08.2025 03:00;0,0
27.08.2025 03:15;0,0
27.08.2025 03:30;0,0
27.08.2025 03:45;0,0
27.08.2025 04:00;0,0
27.08.2025 04:15;0,00166925
27.08.2025 04:30;0,0033385
27.08.2025 04:45;0,00500775
27.08.2025 05:00;0,006677
27.08.2025 05:15;0,02865775
27.08.2025 05:30;0,0506385
27.08.2025 05:45;0,07261925
27.08.2025 06:00;0,0946
27.08.2025 06:15;0,132218
27.08.2025 06:30;0,169836
27.08.2025 06:45;0,207454
27.08.2025 07:00;0,245072
27.08.2025 07:15;0,28030358333333333
27.08.2025 07:30;0,3155351666666667
27.08.2025 07:45;0,35076675
27.08.2025 08:00;0,38599833333333333
27.08.2025 08:15;0,41375508333333333
27.08.2025 08:30;0,4415118333333333
27.08.2025 08:45;0,4692685833333333
27.08.2025 09:00;0,4970253333333333
27.08.2025 09:15;0,5047879166666667
27.08.2025 09:30;0,5125504999999999
27.08.2025 09:45;0,5203130833333333
27.08.2025 10:00;0,5280756666666666
27.08.2025 10:15;0,531184
27.08.2025 10:30;0,5342923333333334
27.08.2025 10:45;0,5374006666666666
27.08.2025 11:00;0,540509
27.08.2025 11:15;0,5351940833333333
27.08.2025 11:30;0,5298791666666667
27.08.2025 11:45;0,5245642500000001
27.08.2025 12:00;0,5192493333333333
27.08.2025 12:15;0,5235586666666667
27.08.2025 12:30;0,527868
27.08.2025 12:45;0,5321773333333333
27.08.2025 13:00;0,5364866666666667
27.08.2025 13:15;0,5192598333333334
27.08.2025 13:30;0,502033
27.08.2025 13:45;0,48480616666666665
27.08.2025 14:00;0,46757933333333335
27.08.2025 14:15;0,43668491666666664
27.08.2025 14:30;0,4057905
27.08.2025 14:45;0,37489608333333335
27.08.2025 15:00;0,34400166666666665
27.08.2025 15:15;0,30479666666666666
27.08.2025 15:30;0,26559166666666667
27.08.2025 15:45;0,22638666666666668
27.08.2025 16:00;0,18718166666666666
27.08.2025 16:15;0,152037
27.08.2025 16:30;0,11689233333333333
27.08.2025 16:45;0,08174766666666668
27.08.2025 17:00;0,046603
27.08.2025 17:15;0,03495225
27.08.2025 17:30;0,0233015
27.08.2025 17:45;0,011650750000000001
27.08.2025 18:00;0,0
27.08.2025 18:15;0,0
27.08.2025 18:30;0,0
27.08.2025 18:45;0,0
27.08.2025 19:00;0,0
27.08.2025 19:15;0,0
27.08.2025 19:30;0,0
27.08.2025 19:45;0,0
27.08.2025 20:00;0,0
27.08.2025 20:15;0,0
27.08.2025 20:30;0,0
27.08.2025 20:45;0,0
27.08.2025 21:00;0,0
27.08.2025 21:15;0,0
27.08.2025 21:30;0,0
27.08.2025 21:45;0,0
27.08.2025 22:00;0,0
27.08.2025 22:15;0,0
27.08.2025 22:30;0,0
27.08.2025 22:45;0,0
27.08.2025 23:00;0,0
27.08.2025 23:15;0,0
27.08.2025 23:30;0,0
27.08.2025 23:45;0,0
28.08.2025 00:00;0,0
28.08.2025 00:15;0,0
28.08.2025 00:30;0,0
28.08.2025 00:45;0,0
28.08.2025 01:00;0,0
28.08.2025 01:15;0,0
28.08.2025 01:30;0,0
28.08.2025 01:45;0,0
28.08.2025 02:00;0,0
28.08.2025 02:15;0,0
28.08.2025 02:30;0,0
28.08.2025 02:45;0,0
28.08.2025 03:00;0,0
28.08.2025 03:15;0,0
28.08.2025 03:30;0,0
28.08.2025 03:45;0,0
28.08.2025 04:00;0,0
28.08.2025 04:15;0,0014855
28.08.2025 04:30;0,002971
28.08.2025 04:45;0,0044565
28.08.2025 05:00;0,005942
28.08.2025 05:15;0,02727808333333333
28.08.2025 05:30;0,04861416666666667
28.08.2025 05:45;0,06995025
28.08.2025 06:00;0,09128633333333333
28.08.2025 06:15;0,13301208333333334
28.08.2025 06:30;0,17473783333333331
28.08.2025 06:45;0,21646358333333332
28.08.2025 07:00;0,2581893333333333
28.08.2025 07:15;0,28853616666666665
28.08.2025 07:30;0,318883
28.08.2025 07:45;0,34922983333333335
28.08.2025 08:00;0,3795766666666667
28.08.2025 08:15;0,3994011666666667
28.08.2025 08:30;0,41922566666666666
28.08.2025 08:45;0,43905016666666663
28.08.2025 09:00;0,45887466666666665
28.08.2025 09:15;0,47555333333333333
28.08.2025 09:30;0,492232
28.08.2025 09:45;0,5089106666666667
28.08.2025 10:00;0,5255893333333334
28.08.2025 10:15;0,5324574166666667
28.08.2025 10:30;0,5393255
28.08.2025 10:45;0,5461935833333333
28.08.2025 11:00;0,5530616666666667
28.08.2025 11:15;0,54991375
28.08.2025 11:30;0,5467658333333333
28.08.2025 11:45;0,5436179166666666
28.08.2025 12:00;0,5404699999999999
28.08.2025 12:15;0,5217149999999999
28.08.2025 12:30;0,50296
28.08.2025 12:45;0,48420499999999994
28.08.2025 13:00;0,46545
28.08.2025 13:15;0,4468026666666667
28.08.2025 13:30;0,42815533333333333
28.08.2025 13:45;0,40950800000000004
28.08.2025 14:00;0,3908606666666667
28.08.2025 14:15;0,365695
28.08.2025 14:30;0,34052933333333335
28.08.2025 14:45;0,3153636666666667
28.08.2025 15:00;0,290198
28.08.2025 15:15;0,25838700000000003
28.08.2025 15:30;0,226576
28.08.2025 15:45;0,19476500000000002
28.08.2025 16:00;0,16295400000000002
28.08.2025 16:15;0,13385075000000002
28.08.2025 16:30;0,10474750000000001
28.08.2025 16:45;0,07564425000000001
28.08.2025 17:00;0,046541000000000006
28.08.2025 17:15;0,034905750000000006
28.08.2025 17:30;0,023270500000000003
28.08.2025 17:45;0,01163525
28.08.2025 18:00;0,0
28.08.2025 18:15;0,0
28.08.2025 18:30;0,0
28.08.2025 18:45;0,0
28.08.2025 19:00;0,0
28.08.2025 19:15;0,0
28.08.2025 19:30;0,0
28.08.2025 19:45;0,0
28.08.2025 20:00;0,0
28.08.2025 20:15;0,0
28.08.2025 20:30;0,0
28.08.2025 20:45;0,0
28.08.2025 21:00;0,0
28.08.2025 21:15;0,0
28.08.2025 21:30;0,0
28.08.2025 21:45;0,0
28.08.2025 22:00;0,0
28.08.2025 22:15;0,0
28.08.2025 22:30;0,0
28.08.2025 22:45;0,0
28.08.2025 23:00;0,0
28.08.2025 23:15;0,0
28.08.2025 23:30;0,0
28.08.2025 23:45;0,0
29.08.2025 00:00;0,0
29.08.2025 00:15;0,0
29.08.2025 00:30;0,0
29.08.2025 00:45;0,0
29.08.2025 01:00;0,0
29.08.2025 01:15;0,0
29.08.2025 01:30;0,0
29.08.2025 01:45;0,0
29.08.2025 02:00;0,0
29.08.2025 02:15;0,0
29.08.2025 02:30;0,0
29.08.2025 02:45;0,0
29.08.2025 03:00;0,0
29.08.2025 03:15;0,0
29.08.2025 03:30;0,0
29.08.2025 03:45;0,0
29.08.2025 04:00;0,0
29.08.2025 04:15;0,0009259166666666667
29.08.2025 04:30;0,0018518333333333334
29.08.2025 04:45;0,00277775
29.08.2025 05:00;0,0037036666666666667
29.08.2025 05:15;0,019993166666666666
29.08.2025 05:30;0,036282666666666664
29.08.2025 05:45;0,05257216666666666
29.08.2025 06:00;0,06886166666666665
29.08.2025 06:15;0,09753758333333332
29.08.2025 06:30;0,12621349999999998
29.08.2025 06:45;0,15488941666666667
29.08.2025 07:00;0,18356533333333333
29.08.2025 07:15;0,20626224999999998
29.08.2025 07:30;0,22895916666666666
29.08.2025 07:45;0,25165608333333334
29.08.2025 08:00;0,27435299999999996
29.08.2025 08:15;0,2925105833333333
29.08.2025 08:30;0,31066816666666663
29.08.2025 08:45;0,32882574999999997
29.08.2025 09:00;0,3469833333333333
29.08.2025 09:15;0,36030708333333333
29.08.2025 09:30;0,37363083333333336
29.08.2025 09:45;0,3869545833333333
29.08.2025 10:00;0,40027833333333335
29.08.2025 10:15;0,4001485
29.08.2025 10:30;0,4000186666666667
29.08.2025 10:45;0,39988883333333336
29.08.2025 11:00;0,39975900000000003
29.08.2025 11:15;0,3969949166666667
29.08.2025 11:30;0,39423083333333336
29.08.2025 11:45;0,39146675000000003
29.08.2025 12:00;0,3887026666666667
29.08.2025 12:15;0,3764349166666667
29.08.2025 12:30;0,3641671666666667
29.08.2025 12:45;0,3518994166666667
29.08.2025 13:00;0,33963166666666667
29.08.2025 13:15;0,3249655833333333
29.08.2025 13:30;0,31029949999999995
29.08.2025 13:45;0,29563341666666665
29.08.2025 14:00;0,2809673333333333
29.08.2025 14:15;0,2615269166666666
29.08.2025 14:30;0,24208649999999998
29.08.2025 14:45;0,22264608333333333
29.08.2025 15:00;0,20320566666666667
29.08.2025 15:15;0,18263000000000001
29.08.2025 15:30;0,16205433333333333
29.08.2025 15:45;0,14147866666666667
29.08.2025 16:00;0,120903
29.08.2025 16:15;0,09959708333333334
29.08.2025 16:30;0,07829116666666666
29.08.2025 16:45;0,05698524999999999
29.08.2025 17:00;0,035679333333333334
29.08.2025 17:15;0,0267595
29.08.2025 17:30;0,017839666666666667
29.08.2025 17:45;0,008919833333333335
29.08.2025 18:00;0,0
29.08.2025 18:15;0,0
29.08.2025 18:30;0,0
29.08.2025 18:45;0,0
29.08.2025 19:00;0,0
29.08.2025 19:15;0,0
29.08.2025 19:30;0,0
29.08.2025 19:45;0,0
29.08.2025 20:00;0,0
29.08.2025 20:15;0,0
29.08.2025 20:30;0,0
29.08.2025 20:45;0,0
29.08.2025 21:00;0,0
29.08.2025 21:15;0,0
29.08.2025 21:30;0,0
29.08.2025 21:45;0,0
29.08.2025 22:00;0,0
29.08.2025 22:15;0,0
29.08.2025 22:30;0,0
29.08.2025 22:45;0,0
29.08.2025 23:00;0,0
29.08.2025 23:15;0,0
29.08.2025 23:30;0,0
29.08.2025 23:45;0,0
30.08.2025 00:00;0,0
30.08.2025 00:15;0,0
30.08.2025 00:30;0,0
30.08.2025 00:45;0,0
30.08.2025 01:00;0,0
30.08.2025 01:15;0,0
30.08.2025 01:30;0,0
30.08.2025 01:45;0,0
30.08.2025 02:00;0,0
30.08.2025 02:15;0,0
30.08.2025 02:30;0,0
30.08.2025 02:45;0,0
30.08.2025 03:00;0,0
30.08.2025 03:15;0,0
30.08.2025 03:30;0,0
30.08.2025 03:45;0,0
30.08.2025 04:00;0,0
30.08.2025 04:15;0,0006046666666666667
30.08.2025 04:30;0,0012093333333333333
30.08.2025 04:45;0,001814
30.08.2025 05:00;0,0024186666666666666
30.08.2025 05:15;0,018658499999999998
30.08.2025 05:30;0,03489833333333333
30.08.2025 05:45;0,05113816666666666
30.08.2025 06:00;0,067378
30.08.2025 06:15;0,095372
30.08.2025 06:30;0,123366
30.08.2025 06:45;0,15136
30.08.2025 07:00;0,179354
30.08.2025 07:15;0,2042985
30.08.2025 07:30;0,229243
30.08.2025 07:45;0,2541875
30.08.2025 08:00;0,279132
30.08.2025 08:15;0,29965916666666664
30.08.2025 08:30;0,32018633333333335
30.08.2025 08:45;0,3407135
30.08.2025 09:00;0,36124066666666665
30.08.2025 09:15;0,3732105
30.08.2025 09:30;0,38518033333333335
30.08.2025 09:45;0,39715016666666664
30.08.2025 10:00;0,40912
30.08.2025 10:15;0,4078279166666667
30.08.2025 10:30;0,4065358333333333
30.08.2025 10:45;0,40524375
30.08.2025 11:00;0,4039516666666667
30.08.2025 11:15;0,40189633333333336
30.08.2025 11:30;0,399841
30.08.2025 11:45;0,3977856666666667
30.08.2025 12:00;0,39573033333333335
30.08.2025 12:15;0,3875693333333333
30.08.2025 12:30;0,37940833333333335
30.08.2025 12:45;0,3712473333333334
30.08.2025 13:00;0,36308633333333334
30.08.2025 13:15;0,34762425
30.08.2025 13:30;0,33216216666666665
30.08.2025 13:45;0,3167000833333333
30.08.2025 14:00;0,30123799999999995
30.08.2025 14:15;0,28216091666666665
30.08.2025 14:30;0,2630838333333333
30.08.2025 14:45;0,24400675
30.08.2025 15:00;0,22492966666666667
30.08.2025 15:15;0,20200841666666666
30.08.2025 15:30;0,17908716666666666
30.08.2025 15:45;0,15616591666666665
30.08.2025 16:00;0,13324466666666665
30.08.2025 16:15;0,10924741666666665
30.08.2025 16:30;0,08525016666666665
30.08.2025 16:45;0,06125291666666666
30.08.2025 17:00;0,037255666666666666
30.08.2025 17:15;0,02794175
30.08.2025 17:30;0,018627833333333333
30.08.2025 17:45;0,009313916666666668
30.08.2025 18:00;0,0
30.08.2025 18:15;0,0
30.08.2025 18:30;0,0
30.08.2025 18:45;0,0
30.08.2025 19:00;0,0
30.08.2025 19:15;0,0
30.08.2025 19:30;0,0
30.08.2025 19:45;0,0
30.08.2025 20:00;0,0
30.08.2025 20:15;0,0
30.08.2025 20:30;0,0
30.08.2025 20:45;0,0
30.08.2025 21:00;0,0
30.08.2025 21:15;0,0
30.08.2025 21:30;0,0
30.08.2025 21:45;0,0
30.08.2025 22:00;0,0
30.08.2025 22:15;0,0
30.08.2025 22:30;0,0
30.08.2025 22:45;0,0
30.08.2025 23:00;0,0
30.08.2025 23:15;0,0
30.08.2025 23:30;0,0
30.08.2025 23:45;0,0
31.08.2025 00:00;0,0
31.08.2025 00:15;0,0
31.08.2025 00:30;0,0
31.08.2025 00:45;0,0
31.08.2025 01:00;0,0
31.08.2025 01:15;0,0
31.08.2025 01:30;0,0
31.08.2025 01:45;0,0
31.08.2025 02:00;0,0
31.08.2025 02:15;0,0
31.08.2025 02:30;0,0
31.08.2025 02:45;0,0
31.08.2025 03:00;0,0
31.08.2025 03:15;0,0
31.08.2025 03:30;0,0
31.08.2025 03:45;0,0
31.08.2025 04:00;0,0
31.08.2025 04:15;0,0007226666666666667
31.08.2025 04:30;0,0014453333333333334
31.08.2025 04:45;0,0021680000000000002
31.08.2025 05:00;0,002890666666666667
31.08.2025 05:15;0,01780691666666667
31.08.2025 05:30;0,03272316666666667
31.08.2025 05:45;0,04763941666666666
31.08.2025 06:00;0,06255566666666666
31.08.2025 06:15;0,08867716666666667
31.08.2025 06:30;0,11479866666666666
31.08.2025 06:45;0,14092016666666668
31.08.2025 07:00;0,16704166666666667
31.08.2025 07:15;0,1970655
31.08.2025 07:30;0,22708933333333337
31.08.2025 07:45;0,2571131666666667
31.08.2025 08:00;0,28713700000000003
31.08.2025 08:15;0,30319416666666665
31.08.2025 08:30;0,31925133333333333
31.08.2025 08:45;0,3353085
31.08.2025 09:00;0,35136566666666663
31.08.2025 09:15;0,35491125
31.08.2025 09:30;0,35845683333333334
31.08.2025 09:45;0,36200241666666666
31.08.2025 10:00;0,36554800000000004
31.08.2025 10:15;0,36593908333333336
31.08.2025 10:30;0,3663301666666667
31.08.2025 10:45;0,36672125
31.08.2025 11:00;0,3671123333333333
31.08.2025 11:15;0,3695070833333333
31.08.2025 11:30;0,3719018333333333
31.08.2025 11:45;0,3742965833333333
31.08.2025 12:00;0,3766913333333333
31.08.2025 12:15;0,364692
31.08.2025 12:30;0,35269266666666665
31.08.2025 12:45;0,3406933333333333
31.08.2025 13:00;0,328694
31.08.2025 13:15;0,31252566666666665
31.08.2025 13:30;0,29635733333333336
31.08.2025 13:45;0,280189
31.08.2025 14:00;0,2640206666666667
31.08.2025 14:15;0,2409675
31.08.2025 14:30;0,21791433333333332
31.08.2025 14:45;0,19486116666666664
31.08.2025 15:00;0,171808
31.08.2025 15:15;0,15448816666666665
31.08.2025 15:30;0,13716833333333334
31.08.2025 15:45;0,1198485
31.08.2025 16:00;0,10252866666666667
31.08.2025 16:15;0,08384341666666667
31.08.2025 16:30;0,06515816666666667
31.08.2025 16:45;0,04647291666666667
31.08.2025 17:00;0,027787666666666665
31.08.2025 17:15;0,020840749999999998
31.08.2025 17:30;0,013893833333333333
31.08.2025 17:45;0,006946916666666667
31.08.2025 18:00;0,0
31.08.2025 18:15;0,0
31.08.2025 18:30;0,0
31.08.2025 18:45;0,0
31.08.2025 19:00;0,0
31.08.2025 19:15;0,0
31.08.2025 19:30;0,0
31.08.2025 19:45;0,0
31.08.2025 20:00;0,0
31.08.2025 20:15;0,0
31.08.2025 20:30;0,0
31.08.2025 20:45;0,0
31.08.2025 21:00;0,0
31.08.2025 21:15;0,0
31.08.2025 21:30;0,0
31.08.2025 21:45;0,0
31.08.2025 22:00;0,0
31.08.2025 22:15;0,0
31.08.2025 22:30;0,0
31.08.2025 22:45;0,0
31.08.2025 23:00;0,0
31.08.2025 23:15;0,0
31.08.2025 23:30;0,0
31.08.2025 23:45;0,0
01.09.2025 00:00;0,0
01.09.2025 00:15;0,0
01.09.2025 00:30;0,0
01.09.2025 00:45;0,0
01.09.2025 01:00;0,0
01.09.2025 01:15;0,0
01.09.2025 01:30;0,0
01.09.2025 01:45;0,0
01.09.2025 02:00;0,0
01.09.2025 02:15;0,0
01.09.2025 02:30;0,0
01.09.2025 02:45;0,0
01.09.2025 03:00;0,0
01.09.2025 03:15;0,0
01.09.2025 03:30;0,0
01.09.2025 03:45;0,0
01.09.2025 04:00;0,0
01.09.2025 04:15;0,00039275
01.09.2025 04:30;0,0007855
01.09.2025 04:45;0,0011782499999999998
01.09.2025 05:00;0,001571
01.09.2025 05:15;0,017814166666666666
01.09.2025 05:30;0,034057333333333335
01.09.2025 05:45;0,0503005
01.09.2025 06:00;0,06654366666666667
01.09.2025 06:15;0,08852816666666667
01.09.2025 06:30;0,11051266666666668
01.09.2025 06:45;0,13249716666666667
01.09.2025 07:00;0,15448166666666668
01.09.2025 07:15;0,1715789166666667
01.09.2025 07:30;0,18867616666666667
01.09.2025 07:45;0,20577341666666668
01.09.2025 08:00;0,22287066666666666
01.09.2025 08:15;0,23154133333333332
01.09.2025 08:30;0,240212
01.09.2025 08:45;0,2488826666666667
01.09.2025 09:00;0,25755333333333336
01.09.2025 09:15;0,2696189166666667
01.09.2025 09:30;0,2816845
01.09.2025 09:45;0,2937500833333333
01.09.2025 10:00;0,30581566666666665
01.09.2025 10:15;0,31259691666666667
01.09.2025 10:30;0,3193781666666667
01.09.2025 10:45;0,32615941666666665
01.09.2025 11:00;0,33294066666666666
01.09.2025 11:15;0,32155141666666665
01.09.2025 11:30;0,3101621666666666
01.09.2025 11:45;0,29877291666666667
01.09.2025 12:00;0,28738366666666665
01.09.2025 12:15;0,28128366666666665
01.09.2025 12:30;0,27518366666666666
01.09.2025 12:45;0,26908366666666667
01.09.2025 13:00;0,26298366666666667
01.09.2025 13:15;0,26017541666666666
01.09.2025 13:30;0,2573671666666667
01.09.2025 13:45;0,2545589166666667
01.09.2025 14:00;0,2517506666666667
01.09.2025 14:15;0,23846391666666666
01.09.2025 14:30;0,22517716666666668
01.09.2025 14:45;0,2118904166666667
01.09.2025 15:00;0,19860366666666668
01.09.2025 15:15;0,17730833333333335
01.09.2025 15:30;0,156013
01.09.2025 15:45;0,13471766666666668
01.09.2025 16:00;0,11342233333333333
01.09.2025 16:15;0,09210508333333334
01.09.2025 16:30;0,07078783333333333
01.09.2025 16:45;0,04947058333333333
01.09.2025 17:00;0,028153333333333332
01.09.2025 17:15;0,021115
01.09.2025 17:30;0,014076666666666666
01.09.2025 17:45;0,007038333333333334
01.09.2025 18:00;0,0
01.09.2025 18:15;0,0
01.09.2025 18:30;0,0
01.09.2025 18:45;0,0
01.09.2025 19:00;0,0
01.09.2025 19:15;0,0
01.09.2025 19:30;0,0
01.09.2025 19:45;0,0
01.09.2025 20:00;0,0
01.09.2025 20:15;0,0
01.09.2025 20:30;0,0
01.09.2025 20:45;0,0
01.09.2025 21:00;0,0
01.09.2025 21:15;0,0
01.09.2025 21:30;0,0
01.09.2025 21:45;0,0
01.09.2025 22:00;0,0
01.09.2025 22:15;0,0
01.09.2025 22:30;0,0
01.09.2025 22:45;0,0
01.09.2025 23:00;0,0
01.09.2025 23:15;0,0
01.09.2025 23:30;0,0
01.09.2025 23:45;0,0
02.09.2025 00:00;0,0
02.09.2025 00:15;0,0
02.09.2025 00:30;0,0
02.09.2025 00:45;0,0
02.09.2025 01:00;0,0
02.09.2025 01:15;0,0
02.09.2025 01:30;0,0
02.09.2025 01:45;0,0
02.09.2025 02:00;0,0
02.09.2025 02:15;0,0
02.09.2025 02:30;0,0
02.09.2025 02:45;0,0
02.09.2025 03:00;0,0
02.09.2025 03:15;0,0
02.09.2025 03:30;0,0
02.09.2025 03:45;0,0
02.09.2025 04:00;0,0
02.09.2025 04:15;0,00024158333333333334
02.09.2025 04:30;0,0004831666666666667
02.09.2025 04:45;0,00072475
02.09.2025 05:00;0,0009663333333333333
02.09.2025 05:15;0,01702225
02.09.2025 05:30;0,033078166666666665
02.09.2025 05:45;0,049134083333333335
02.09.2025 06:00;0,06519
02.09.2025 06:15;0,09016558333333333
02.09.2025 06:30;0,11514116666666667
02.09.2025 06:45;0,14011675
02.09.2025 07:00;0,16509233333333334
02.09.2025 07:15;0,188146
02.09.2025 07:30;0,21119966666666667
02.09.2025 07:45;0,23425333333333334
02.09.2025 08:00;0,257307
02.09.2025 08:15;0,26850225
02.09.2025 08:30;0,27969750000000004
02.09.2025 08:45;0,29089275000000003
02.09.2025 09:00;0,302088
02.09.2025 09:15;0,3087215833333333
02.09.2025 09:30;0,3153551666666667
02.09.2025 09:45;0,32198875000000005
02.09.2025 10:00;0,32862233333333335
02.09.2025 10:15;0,330544
02.09.2025 10:30;0,33246566666666666
02.09.2025 10:45;0,33438733333333337
02.09.2025 11:00;0,336309
02.09.2025 11:15;0,34041275000000004
02.09.2025 11:30;0,3445165
02.09.2025 11:45;0,34862025
02.09.2025 12:00;0,35272400000000004
02.09.2025 12:15;0,3494528333333334
02.09.2025 12:30;0,3461816666666667
02.09.2025 12:45;0,3429105
02.09.2025 13:00;0,33963933333333335
02.09.2025 13:15;0,32421958333333334
02.09.2025 13:30;0,3087998333333334
02.09.2025 13:45;0,2933800833333334
02.09.2025 14:00;0,27796033333333336
02.09.2025 14:15;0,2650719166666667
02.09.2025 14:30;0,2521835
02.09.2025 14:45;0,23929508333333335
02.09.2025 15:00;0,22640666666666667
02.09.2025 15:15;0,20136308333333333
02.09.2025 15:30;0,17631950000000002
02.09.2025 15:45;0,15127591666666668
02.09.2025 16:00;0,12623233333333334
02.09.2025 16:15;0,10270950000000001
02.09.2025 16:30;0,07918666666666667
02.09.2025 16:45;0,05566383333333333
02.09.2025 17:00;0,032141
02.09.2025 17:15;0,024105750000000002
02.09.2025 17:30;0,0160705
02.09.2025 17:45;0,008035249999999997
02.09.2025 18:00;0,0
02.09.2025 18:15;0,0
02.09.2025 18:30;0,0
02.09.2025 18:45;0,0
02.09.2025 19:00;0,0
02.09.2025 19:15;0,0
02.09.2025 19:30;0,0
02.09.2025 19:45;0,0
02.09.2025 20:00;0,0
02.09.2025 20:15;0,0
02.09.2025 20:30;0,0
02.09.2025 20:45;0,0
02.09.2025 21:00;0,0
02.09.2025 21:15;0,0
02.09.2025 21:30;0,0
02.09.2025 21:45;0,0
02.09.2025 22:00;0,0
02.09.2025 22:15;0,0
02.09.2025 22:30;0,0
02.09.2025 22:45;0,0
02.09.2025 23:00;0,0
02.09.2025 23:15;0,0
02.09.2025 23:30;0,0
02.09.2025 23:45;0,0
03.09.2025 00:00;0,0
03.09.2025 00:15;0,0
03.09.2025 00:30;0,0
03.09.2025 00:45;0,0
03.09.2025 01:00;0,0
03.09.2025 01:15;0,0
03.09.2025 01:30;0,0
03.09.2025 01:45;0,0
03.09.2025 02:00;0,0
03.09.2025 02:15;0,0
03.09.2025 02:30;0,0
03.09.2025 02:45;0,0
03.09.2025 03:00;0,0
03.09.2025 03:15;0,0
03.09.2025 03:30;0,0
03.09.2025 03:45;0,0
03.09.2025 04:00;0,0
03.09.2025 04:15;0,00016741666666666668
03.09.2025 04:30;0,00033483333333333336
03.09.2025 04:45;0,00050225
03.09.2025 05:00;0,0006696666666666667
03.09.2025 05:15;0,021033
03.09.2025 05:30;0,041396333333333334
03.09.2025 05:45;0,061759666666666664
03.09.2025 06:00;0,082123
03.09.2025 06:15;0,119084
03.09.2025 06:30;0,156045
03.09.2025 06:45;0,19300599999999998
03.09.2025 07:00;0,22996699999999998
03.09.2025 07:15;0,26427791666666667
03.09.2025 07:30;0,2985888333333333
03.09.2025 07:45;0,33289975
03.09.2025 08:00;0,3672106666666667
03.09.2025 08:15;0,40162200000000003
03.09.2025 08:30;0,43603333333333333
03.09.2025 08:45;0,4704446666666666
03.09.2025 09:00;0,504856
03.09.2025 09:15;0,5197969166666667
03.09.2025 09:30;0,5347378333333334
03.09.2025 09:45;0,54967875
03.09.2025 10:00;0,5646196666666667
03.09.2025 10:15;0,5756254166666668
03.09.2025 10:30;0,5866311666666667
03.09.2025 10:45;0,5976369166666666
03.09.2025 11:00;0,6086426666666667
03.09.2025 11:15;0,6057885
03.09.2025 11:30;0,6029343333333332
03.09.2025 11:45;0,6000801666666666
03.09.2025 12:00;0,5972259999999999
03.09.2025 12:15;0,5862634166666666
03.09.2025 12:30;0,5753008333333333
03.09.2025 12:45;0,5643382499999999
03.09.2025 13:00;0,5533756666666666
03.09.2025 13:15;0,5278545833333332
03.09.2025 13:30;0,5023335
03.09.2025 13:45;0,4768124166666667
03.09.2025 14:00;0,4512913333333334
03.09.2025 14:15;0,42269008333333336
03.09.2025 14:30;0,39408883333333333
03.09.2025 14:45;0,36548758333333337
03.09.2025 15:00;0,33688633333333334
03.09.2025 15:15;0,2980669166666667
03.09.2025 15:30;0,2592475
03.09.2025 15:45;0,22042808333333336
03.09.2025 16:00;0,18160866666666667
03.09.2025 16:15;0,14541766666666667
03.09.2025 16:30;0,10922666666666667
03.09.2025 16:45;0,07303566666666665
03.09.2025 17:00;0,036844666666666664
03.09.2025 17:15;0,0276335
03.09.2025 17:30;0,018422333333333332
03.09.2025 17:45;0,009211166666666666
03.09.2025 18:00;0,0
03.09.2025 18:15;0,0
03.09.2025 18:30;0,0
03.09.2025 18:45;0,0
03.09.2025 19:00;0,0
03.09.2025 19:15;0,0
03.09.2025 19:30;0,0
03.09.2025 19:45;0,0
03.09.2025 20:00;0,0
03.09.2025 20:15;0,0
03.09.2025 20:30;0,0
03.09.2025 20:45;0,0
03.09.2025 21:00;0,0
03.09.2025 21:15;0,0
03.09.2025 21:30;0,0
03.09.2025 21:45;0,0
03.09.2025 22:00;0,0
03.09.2025 22:15;0,0
03.09.2025 22:30;0,0
03.09.2025 22:45;0,0
03.09.2025 23:00;0,0
03.09.2025 23:15;0,0
03.09.2025 23:30;0,0
03.09.2025 23:45;0,0
04.09.2025 00:00;0,0
04.09.2025 00:15;0,0
04.09.2025 00:30;0,0
04.09.2025 00:45;0,0
04.09.2025 01:00;0,0
04.09.2025 01:15;0,0
04.09.2025 01:30;0,0
04.09.2025 01:45;0,0
04.09.2025 02:00;0,0
04.09.2025 02:15;0,0
04.09.2025 02:30;0,0
04.09.2025 02:45;0,0
04.09.2025 03:00;0,0
04.09.2025 03:15;0,0
04.09.2025 03:30;0,0
04.09.2025 03:45;0,0
04.09.2025 04:00;0,0
04.09.2025 04:15;0,00013225
04.09.2025 04:30;0,0002645
04.09.2025 04:45;0,0003967499999999999
04.09.2025 05:00;0,000529
04.09.2025 05:15;0,022331833333333335
04.09.2025 05:30;0,04413466666666667
04.09.2025 05:45;0,0659375
04.09.2025 06:00;0,08774033333333334
04.09.2025 06:15;0,12974666666666668
04.09.2025 06:30;0,171753
04.09.2025 06:45;0,21375933333333333
04.09.2025 07:00;0,25576566666666667
04.09.2025 07:15;0,28424208333333334
04.09.2025 07:30;0,3127185
04.09.2025 07:45;0,3411949166666667
04.09.2025 08:00;0,36967133333333335
04.09.2025 08:15;0,3983548333333333
04.09.2025 08:30;0,4270383333333333
04.09.2025 08:45;0,4557218333333333
04.09.2025 09:00;0,4844053333333333
04.09.2025 09:15;0,5032924166666667
04.09.2025 09:30;0,5221795
04.09.2025 09:45;0,5410665833333334
04.09.2025 10:00;0,5599536666666667
04.09.2025 10:15;0,5696691666666667
04.09.2025 10:30;0,5793846666666667
04.09.2025 10:45;0,5891001666666666
04.09.2025 11:00;0,5988156666666666
04.09.2025 11:15;0,5914739166666666
04.09.2025 11:30;0,5841321666666666
04.09.2025 11:45;0,5767904166666666
04.09.2025 12:00;0,5694486666666666
04.09.2025 12:15;0,5493384166666666
04.09.2025 12:30;0,5292281666666666
04.09.2025 12:45;0,5091179166666666
04.09.2025 13:00;0,4890076666666667
04.09.2025 13:15;0,46972733333333333
04.09.2025 13:30;0,45044700000000004
04.09.2025 13:45;0,4311666666666667
04.09.2025 14:00;0,41188633333333335
04.09.2025 14:15;0,3804784166666667
04.09.2025 14:30;0,3490705
04.09.2025 14:45;0,3176625833333333
04.09.2025 15:00;0,28625466666666666
04.09.2025 15:15;0,253014
04.09.2025 15:30;0,21977333333333332
04.09.2025 15:45;0,18653266666666668
04.09.2025 16:00;0,153292
04.09.2025 16:15;0,12274875
04.09.2025 16:30;0,0922055
04.09.2025 16:45;0,06166225
04.09.2025 17:00;0,031119
04.09.2025 17:15;0,02333925
04.09.2025 17:30;0,0155595
04.09.2025 17:45;0,007779750000000002
04.09.2025 18:00;0,0
04.09.2025 18:15;0,0
04.09.2025 18:30;0,0
04.09.2025 18:45;0,0
04.09.2025 19:00;0,0
04.09.2025 19:15;0,0
04.09.2025 19:30;0,0
04.09.2025 19:45;0,0
04.09.2025 20:00;0,0
04.09.2025 20:15;0,0
04.09.2025 20:30;0,0
04.09.2025 20:45;0,0
04.09.2025 21:00;0,0
04.09.2025 21:15;0,0
04.09.2025 21:30;0,0
04.09.2025 21:45;0,0
04.09.2025 22:00;0,0
04.09.2025 22:15;0,0
04.09.2025 22:30;0,0
04.09.2025 22:45;0,0
04.09.2025 23:00;0,0
04.09.2025 23:15;0,0
04.09.2025 23:30;0,0
04.09.2025 23:45;0,0
05.09.2025 00:00;0,0
05.09.2025 00:15;0,0
05.09.2025 00:30;0,0
05.09.2025 00:45;0,0
05.09.2025 01:00;0,0
05.09.2025 01:15;0,0
05.09.2025 01:30;0,0
05.09.2025 01:45;0,0
05.09.2025 02:00;0,0
05.09.2025 02:15;0,0
05.09.2025 02:30;0,0
05.09.2025 02:45;0,0
05.09.2025 03:00;0,0
05.09.2025 03:15;0,0
05.09.2025 03:30;0,0
05.09.2025 03:45;0,0
05.09.2025 04:00;0,0
05.09.2025 04:15;6,525e-05
05.09.2025 04:30;0,0001305
05.09.2025 04:45;0,00019575000000000001
05.09.2025 05:00;0,000261
05.09.2025 05:15;0,0204725
05.09.2025 05:30;0,040684
05.09.2025 05:45;0,0608955
05.09.2025 06:00;0,081107
05.09.2025 06:15;0,0998415
05.09.2025 06:30;0,11857600000000001
05.09.2025 06:45;0,1373105
05.09.2025 07:00;0,15604500000000002
05.09.2025 07:15;0,1988125
05.09.2025 07:30;0,24158000000000002
05.09.2025 07:45;0,2843475
05.09.2025 08:00;0,327115
05.09.2025 08:15;0,33685716666666665
05.09.2025 08:30;0,3465993333333333
05.09.2025 08:45;0,3563415
05.09.2025 09:00;0,36608366666666664
05.09.2025 09:15;0,3799885833333333
05.09.2025 09:30;0,39389349999999995
05.09.2025 09:45;0,40779841666666666
05.09.2025 10:00;0,4217033333333333
05.09.2025 10:15;0,43041433333333334
05.09.2025 10:30;0,4391253333333333
05.09.2025 10:45;0,4478363333333333
05.09.2025 11:00;0,4565473333333333
05.09.2025 11:15;0,45662933333333333
05.09.2025 11:30;0,45671133333333336
05.09.2025 11:45;0,45679333333333333
05.09.2025 12:00;0,45687533333333336
05.09.2025 12:15;0,44356058333333337
05.09.2025 12:30;0,4302458333333333
05.09.2025 12:45;0,4169310833333333
05.09.2025 13:00;0,4036163333333333
05.09.2025 13:15;0,38858066666666663
05.09.2025 13:30;0,37354499999999996
05.09.2025 13:45;0,3585093333333333
05.09.2025 14:00;0,3434736666666666
05.09.2025 14:15;0,3225694166666666
05.09.2025 14:30;0,30166516666666665
05.09.2025 14:45;0,2807609166666667
05.09.2025 15:00;0,2598566666666667
05.09.2025 15:15;0,22671508333333334
05.09.2025 15:30;0,1935735
05.09.2025 15:45;0,16043191666666667
05.09.2025 16:00;0,12729033333333334
05.09.2025 16:15;0,10261041666666668
05.09.2025 16:30;0,0779305
05.09.2025 16:45;0,05325058333333334
05.09.2025 17:00;0,028570666666666668
05.09.2025 17:15;0,021428000000000003
05.09.2025 17:30;0,014285333333333334
05.09.2025 17:45;0,007142666666666665
05.09.2025 18:00;0,0
05.09.2025 18:15;0,0
05.09.2025 18:30;0,0
05.09.2025 18:45;0,0
05.09.2025 19:00;0,0
05.09.2025 19:15;0,0
05.09.2025 19:30;0,0
05.09.2025 19:45;0,0
05.09.2025 20:00;0,0
05.09.2025 20:15;0,0
05.09.2025 20:30;0,0
05.09.2025 20:45;0,0
05.09.2025 21:00;0,0
05.09.2025 21:15;0,0
05.09.2025 21:30;0,0
05.09.2025 21:45;0,0
05.09.2025 22:00;0,0
05.09.2025 22:15;0,0
05.09.2025 22:30;0,0
05.09.2025 22:45;0,0
05.09.2025 23:00;0,0
05.09.2025 23:15;0,0
05.09.2025 23:30;0,0
05.09.2025 23:45;0,0
06.09.2025 00:00;0,0
06.09.2025 00:15;0,0
06.09.2025 00:30;0,0
06.09.2025 00:45;0,0
06.09.2025 01:00;0,0
06.09.2025 01:15;0,0
06.09.2025 01:30;0,0
06.09.2025 01:45;0,0
06.09.2025 02:00;0,0
06.09.2025 02:15;0,0
06.09.2025 02:30;0,0
06.09.2025 02:45;0,0
06.09.2025 03:00;0,0
06.09.2025 03:15;0,0
06.09.2025 03:30;0,0
06.09.2025 03:45;0,0
06.09.2025 04:00;0,0
06.09.2025 04:15;2,2083333333333333e-05
06.09.2025 04:30;4,4166666666666665e-05
06.09.2025 04:45;6,625e-05
06.09.2025 05:00;8,833333333333333e-05
06.09.2025 05:15;0,011756416666666665
06.09.2025 05:30;0,023424499999999997
06.09.2025 05:45;0,03509258333333334
06.09.2025 06:00;0,046760666666666666
06.09.2025 06:15;0,05783616666666667
06.09.2025 06:30;0,06891166666666666
06.09.2025 06:45;0,07998716666666666
06.09.2025 07:00;0,09106266666666667
06.09.2025 07:15;0,11260158333333334
06.09.2025 07:30;0,1341405
06.09.2025 07:45;0,15567941666666668
06.09.2025 08:00;0,17721833333333334
06.09.2025 08:15;0,19519183333333334
06.09.2025 08:30;0,21316533333333332
06.09.2025 08:45;0,23113883333333332
06.09.2025 09:00;0,24911233333333332
06.09.2025 09:15;0,26022841666666663
06.09.2025 09:30;0,2713445
06.09.2025 09:45;0,28246058333333335
06.09.2025 10:00;0,29357666666666665
06.09.2025 10:15;0,31078208333333335
06.09.2025 10:30;0,3279875
06.09.2025 10:45;0,3451929166666666
06.09.2025 11:00;0,3623983333333333
06.09.2025 11:15;0,3668473333333333
06.09.2025 11:30;0,37129633333333334
06.09.2025 11:45;0,3757453333333334
06.09.2025 12:00;0,38019433333333336
06.09.2025 12:15;0,37331258333333334
06.09.2025 12:30;0,3664308333333334
06.09.2025 12:45;0,35954908333333335
06.09.2025 13:00;0,35266733333333333
06.09.2025 13:15;0,33207308333333335
06.09.2025 13:30;0,31147883333333337
06.09.2025 13:45;0,29088458333333334
06.09.2025 14:00;0,27029033333333335
06.09.2025 14:15;0,2486815
06.09.2025 14:30;0,22707266666666667
06.09.2025 14:45;0,20546383333333335
06.09.2025 15:00;0,183855
06.09.2025 15:15;0,16194183333333334
06.09.2025 15:30;0,14002866666666666
06.09.2025 15:45;0,1181155
06.09.2025 16:00;0,09620233333333333
06.09.2025 16:15;0,07722883333333333
06.09.2025 16:30;0,05825533333333333
06.09.2025 16:45;0,03928183333333333
06.09.2025 17:00;0,02030833333333333
06.09.2025 17:15;0,015231249999999998
06.09.2025 17:30;0,010154166666666666
06.09.2025 17:45;0,005077083333333333
06.09.2025 18:00;0,0
06.09.2025 18:15;0,0
06.09.2025 18:30;0,0
06.09.2025 18:45;0,0
06.09.2025 19:00;0,0
06.09.2025 19:15;0,0
06.09.2025 19:30;0,0
06.09.2025 19:45;0,0
06.09.2025 20:00;0,0
06.09.2025 20:15;0,0
06.09.2025 20:30;0,0
06.09.2025 20:45;0,0
06.09.2025 21:00;0,0
06.09.2025 21:15;0,0
06.09.2025 21:30;0,0
06.09.2025 21:45;0,0
06.09.2025 22:00;0,0
06.09.2025 22:15;0,0
06.09.2025 22:30;0,0
06.09.2025 22:45;0,0
06.09.2025 23:00;0,0
06.09.2025 23:15;0,0
06.09.2025 23:30;0,0
06.09.2025 23:45;0,0
07.09.2025 00:00;0,0
07.09.2025 00:15;0,0
07.09.2025 00:30;0,0
07.09.2025 00:45;0,0
07.09.2025 01:00;0,0
07.09.2025 01:15;0,0
07.09.2025 01:30;0,0
07.09.2025 01:45;0,0
07.09.2025 02:00;0,0
07.09.2025 02:15;0,0
07.09.2025 02:30;0,0
07.09.2025 02:45;0,0
07.09.2025 03:00;0,0
07.09.2025 03:15;0,0
07.09.2025 03:30;0,0
07.09.2025 03:45;0,0
07.09.2025 04:00;0,0
07.09.2025 04:15;3,4500000000000005e-05
07.09.2025 04:30;6,900000000000001e-05
07.09.2025 04:45;0,00010350000000000001
07.09.2025 05:00;0,00013800000000000002
07.09.2025 05:15;0,015196166666666667
07.09.2025 05:30;0,030254333333333334
07.09.2025 05:45;0,045312500000000006
07.09.2025 06:00;0,06037066666666667
07.09.2025 06:15;0,07360233333333334
07.09.2025 06:30;0,086834
07.09.2025 06:45;0,10006566666666666
07.09.2025 07:00;0,11329733333333333
07.09.2025 07:15;0,16245791666666667
07.09.2025 07:30;0,2116185
07.09.2025 07:45;0,26077908333333333
07.09.2025 08:00;0,30993966666666667
07.09.2025 08:15;0,337302
07.09.2025 08:30;0,3646643333333333
07.09.2025 08:45;0,39202666666666663
07.09.2025 09:00;0,41938899999999996
07.09.2025 09:15;0,4164246666666666
07.09.2025 09:30;0,4134603333333333
07.09.2025 09:45;0,41049599999999997
07.09.2025 10:00;0,4075316666666666
07.09.2025 10:15;0,42246066666666665
07.09.2025 10:30;0,4373896666666667
07.09.2025 10:45;0,45231866666666665
07.09.2025 11:00;0,4672476666666667
07.09.2025 11:15;0,4731881666666667
07.09.2025 11:30;0,47912866666666665
07.09.2025 11:45;0,48506916666666666
07.09.2025 12:00;0,4910096666666667
07.09.2025 12:15;0,48946225
07.09.2025 12:30;0,48791483333333335
07.09.2025 12:45;0,4863674166666667
07.09.2025 13:00;0,48482000000000003
07.09.2025 13:15;0,4632604166666667
07.09.2025 13:30;0,4417008333333333
07.09.2025 13:45;0,42014125
07.09.2025 14:00;0,39858166666666667
07.09.2025 14:15;0,37581325
07.09.2025 14:30;0,35304483333333336
07.09.2025 14:45;0,3302764166666667
07.09.2025 15:00;0,307508
07.09.2025 15:15;0,27042866666666665
07.09.2025 15:30;0,23334933333333333
07.09.2025 15:45;0,19627
07.09.2025 16:00;0,15919066666666665
07.09.2025 16:15;0,12658575
07.09.2025 16:30;0,09398083333333332
07.09.2025 16:45;0,061375916666666655
07.09.2025 17:00;0,028770999999999998
07.09.2025 17:15;0,02157825
07.09.2025 17:30;0,014385499999999999
07.09.2025 17:45;0,007192749999999998
07.09.2025 18:00;0,0
07.09.2025 18:15;0,0
07.09.2025 18:30;0,0
07.09.2025 18:45;0,0
07.09.2025 19:00;0,0
07.09.2025 19:15;0,0
07.09.2025 19:30;0,0
07.09.2025 19:45;0,0
07.09.2025 20:00;0,0
07.09.2025 20:15;0,0
07.09.2025 20:30;0,0
07.09.2025 20:45;0,0
07.09.2025 21:00;0,0
07.09.2025 21:15;0,0
07.09.2025 21:30;0,0
07.09.2025 21:45;0,0
07.09.2025 22:00;0,0
07.09.2025 22:15;0,0
07.09.2025 22:30;0,0
07.09.2025 22:45;0,0
07.09.2025 23:00;0,0
07.09.2025 23:15;0,0
07.09.2025 23:30;0,0
07.09.2025 23:45;0,0
08.09.2025 00:00;0,0
08.09.2025 00:15;0,0
08.09.2025 00:30;0,0
08.09.2025 00:45;0,0
08.09.2025 01:00;0,0
08.09.2025 01:15;0,0
08.09.2025 01:30;0,0
08.09.2025 01:45;0,0
08.09.2025 02:00;0,0
08.09.2025 02:15;0,0
08.09.2025 02:30;0,0
08.09.2025 02:45;0,0
08.09.2025 03:00;0,0
08.09.2025 03:15;0,0
08.09.2025 03:30;0,0
08.09.2025 03:45;0,0
08.09.2025 04:00;0,0
08.09.2025 04:15;4,9999999999999996e-06
08.09.2025 04:30;9,999999999999999e-06
08.09.2025 04:45;1,4999999999999999e-05
08.09.2025 05:00;1,9999999999999998e-05
08.09.2025 05:15;0,02114508333333333
08.09.2025 05:30;0,042270166666666664
08.09.2025 05:45;0,06339525
08.09.2025 06:00;0,08452033333333334
08.09.2025 06:15;0,12133225
08.09.2025 06:30;0,15814416666666667
08.09.2025 06:45;0,1949560833333333
08.09.2025 07:00;0,231768
08.09.2025 07:15;0,2650470833333333
08.09.2025 07:30;0,29832616666666667
08.09.2025 07:45;0,33160524999999996
08.09.2025 08:00;0,3648843333333333
08.09.2025 08:15;0,39592875
08.09.2025 08:30;0,4269731666666667
08.09.2025 08:45;0,4580175833333333
08.09.2025 09:00;0,489062
08.09.2025 09:15;0,5051868333333334
08.09.2025 09:30;0,5213116666666666
08.09.2025 09:45;0,5374364999999999
08.09.2025 10:00;0,5535613333333332
08.09.2025 10:15;0,5652591666666666
08.09.2025 10:30;0,5769569999999999
08.09.2025 10:45;0,5886548333333332
08.09.2025 11:00;0,6003526666666666
08.09.2025 11:15;0,5930816666666666
08.09.2025 11:30;0,5858106666666667
08.09.2025 11:45;0,5785396666666667
08.09.2025 12:00;0,5712686666666666
08.09.2025 12:15;0,5601176666666666
08.09.2025 12:30;0,5489666666666666
08.09.2025 12:45;0,5378156666666667
08.09.2025 13:00;0,5266646666666667
08.09.2025 13:15;0,5090740833333334
08.09.2025 13:30;0,4914835
08.09.2025 13:45;0,47389291666666666
08.09.2025 14:00;0,45630233333333337
08.09.2025 14:15;0,4254366666666667
08.09.2025 14:30;0,394571
08.09.2025 14:45;0,3637053333333333
08.09.2025 15:00;0,33283966666666664
08.09.2025 15:15;0,293046
08.09.2025 15:30;0,2532523333333333
08.09.2025 15:45;0,21345866666666669
08.09.2025 16:00;0,173665
08.09.2025 16:15;0,13700583333333333
08.09.2025 16:30;0,10034666666666667
08.09.2025 16:45;0,0636875
08.09.2025 17:00;0,027028333333333335
08.09.2025 17:15;0,02027125
08.09.2025 17:30;0,013514166666666666
08.09.2025 17:45;0,006757083333333334
08.09.2025 18:00;0,0
08.09.2025 18:15;0,0
08.09.2025 18:30;0,0
08.09.2025 18:45;0,0
08.09.2025 19:00;0,0
08.09.2025 19:15;0,0
08.09.2025 19:30;0,0
08.09.2025 19:45;0,0
08.09.2025 20:00;0,0
08.09.2025 20:15;0,0
08.09.2025 20:30;0,0
08.09.2025 20:45;0,0
08.09.2025 21:00;0,0
08.09.2025 21:15;0,0
08.09.2025 21:30;0,0
08.09.2025 21:45;0,0
08.09.2025 22:00;0,0
08.09.2025 22:15;0,0
08.09.2025 22:30;0,0
08.09.2025 22:45;0,0
08.09.2025 23:00;0,0
08.09.2025 23:15;0,0
08.09.2025 23:30;0,0
08.09.2025 23:45;0,0
09.09.2025 00:00;0,0
09.09.2025 00:15;0,0
09.09.2025 00:30;0,0
09.09.2025 00:45;0,0
09.09.2025 01:00;0,0
09.09.2025 01:15;0,0
09.09.2025 01:30;0,0
09.09.2025 01:45;0,0
09.09.2025 02:00;0,0
09.09.2025 02:15;0,0
09.09.2025 02:30;0,0
09.09.2025 02:45;0,0
09.09.2025 03:00;0,0
09.09.2025 03:15;0,0
09.09.2025 03:30;0,0
09.09.2025 03:45;0,0
09.09.2025 04:00;0,0
09.09.2025 04:15;0,0
09.09.2025 04:30;0,0
09.09.2025 04:45;0,0
09.09.2025 05:00;0,0
09.09.2025 05:15;0,022027833333333333
09.09.2025 05:30;0,04405566666666667
09.09.2025 05:45;0,0660835
09.09.2025 06:00;0,08811133333333333
09.09.2025 06:15;0,12764783333333335
09.09.2025 06:30;0,16718433333333332
09.09.2025 06:45;0,20672083333333335
09.09.2025 07:00;0,24625733333333333
09.09.2025 07:15;0,28036441666666667
09.09.2025 07:30;0,3144715
09.09.2025 07:45;0,3485785833333333
09.09.2025 08:00;0,38268566666666665
09.09.2025 08:15;0,3985095833333333
09.09.2025 08:30;0,4143335
09.09.2025 08:45;0,4301574166666667
09.09.2025 09:00;0,44598133333333334
09.09.2025 09:15;0,46835225
09.09.2025 09:30;0,49072316666666665
09.09.2025 09:45;0,5130940833333333
09.09.2025 10:00;0,535465
09.09.2025 10:15;0,5402456666666666
09.09.2025 10:30;0,5450263333333334
09.09.2025 10:45;0,549807
09.09.2025 11:00;0,5545876666666667
09.09.2025 11:15;0,5513421666666667
09.09.2025 11:30;0,5480966666666667
09.09.2025 11:45;0,5448511666666668
09.09.2025 12:00;0,5416056666666668
09.09.2025 12:15;0,5294332500000001
09.09.2025 12:30;0,5172608333333334
09.09.2025 12:45;0,5050884166666667
09.09.2025 13:00;0,492916
09.09.2025 13:15;0,4740751666666667
09.09.2025 13:30;0,45523433333333335
09.09.2025 13:45;0,4363935
09.09.2025 14:00;0,4175526666666667
09.09.2025 14:15;0,38879158333333336
09.09.2025 14:30;0,36003050000000003
09.09.2025 14:45;0,33126941666666665
09.09.2025 15:00;0,3025083333333333
09.09.2025 15:15;0,26551633333333335
09.09.2025 15:30;0,22852433333333333
09.09.2025 15:45;0,19153233333333336
09.09.2025 16:00;0,15454033333333334
09.09.2025 16:15;0,12194158333333333
09.09.2025 16:30;0,08934283333333333
09.09.2025 16:45;0,056744083333333334
09.09.2025 17:00;0,024145333333333335
09.09.2025 17:15;0,018109
09.09.2025 17:30;0,012072666666666667
09.09.2025 17:45;0,006036333333333331
09.09.2025 18:00;0,0
09.09.2025 18:15;0,0
09.09.2025 18:30;0,0
09.09.2025 18:45;0,0
09.09.2025 19:00;0,0
09.09.2025 19:15;0,0
09.09.2025 19:30;0,0
09.09.2025 19:45;0,0
09.09.2025 20:00;0,0
09.09.2025 20:15;0,0
09.09.2025 20:30;0,0
09.09.2025 20:45;0,0
09.09.2025 21:00;0,0
09.09.2025 21:15;0,0
09.09.2025 21:30;0,0
09.09.2025 21:45;0,0
09.09.2025 22:00;0,0
09.09.2025 22:15;0,0
09.09.2025 22:30;0,0
09.09.2025 22:45;0,0
09.09.2025 23:00;0,0
09.09.2025 23:15;0,0
09.09.2025 23:30;0,0
09.09.2025 23:45;0,0
10.09.2025 00:00;0,0
10.09.2025 00:15;0,0
10.09.2025 00:30;0,0
10.09.2025 00:45;0,0
10.09.2025 01:00;0,0
10.09.2025 01:15;0,0
10.09.2025 01:30;0,0
10.09.2025 01:45;0,0
10.09.2025 02:00;0,0
10.09.2025 02:15;0,0
10.09.2025 02:30;0,0
10.09.2025 02:45;0,0
10.09.2025 03:00;0,0
10.09.2025 03:15;0,0
10.09.2025 03:30;0,0
10.09.2025 03:45;0,0
10.09.2025 04:00;0,0
10.09.2025 04:15;0,0
10.09.2025 04:30;0,0
10.09.2025 04:45;0,0
10.09.2025 05:00;0,0
10.09.2025 05:15;0,021738333333333335
10.09.2025 05:30;0,04347666666666667
10.09.2025 05:45;0,06521500000000001
10.09.2025 06:00;0,08695333333333334
10.09.2025 06:15;0,13233408333333335
10.09.2025 06:30;0,17771483333333332
10.09.2025 06:45;0,22309558333333335
10.09.2025 07:00;0,2684763333333333
10.09.2025 07:15;0,30746775
10.09.2025 07:30;0,34645916666666665
10.09.2025 07:45;0,3854505833333333
10.09.2025 08:00;0,424442
10.09.2025 08:15;0,4460828333333333
10.09.2025 08:30;0,46772366666666665
10.09.2025 08:45;0,4893645
10.09.2025 09:00;0,5110053333333333
10.09.2025 09:15;0,5356186666666667
10.09.2025 09:30;0,5602320000000001
10.09.2025 09:45;0,5848453333333333
10.09.2025 10:00;0,6094586666666667
10.09.2025 10:15;0,6100468333333333
10.09.2025 10:30;0,610635
10.09.2025 10:45;0,6112231666666668
10.09.2025 11:00;0,6118113333333334
10.09.2025 11:15;0,6015319166666667
10.09.2025 11:30;0,5912525
10.09.2025 11:45;0,5809730833333333
10.09.2025 12:00;0,5706936666666667
10.09.2025 12:15;0,5606353333333334
10.09.2025 12:30;0,550577
10.09.2025 12:45;0,5405186666666666
10.09.2025 13:00;0,5304603333333333
10.09.2025 13:15;0,5052899166666667
10.09.2025 13:30;0,4801195
10.09.2025 13:45;0,4549490833333333
10.09.2025 14:00;0,42977866666666664
10.09.2025 14:15;0,40166308333333334
10.09.2025 14:30;0,3735475
10.09.2025 14:45;0,3454319166666666
10.09.2025 15:00;0,3173163333333333
10.09.2025 15:15;0,27768066666666663
10.09.2025 15:30;0,238045
10.09.2025 15:45;0,19840933333333333
10.09.2025 16:00;0,15877366666666667
10.09.2025 16:15;0,12483008333333334
10.09.2025 16:30;0,09088650000000001
10.09.2025 16:45;0,05694291666666669
10.09.2025 17:00;0,022999333333333333
10.09.2025 17:15;0,0172495
10.09.2025 17:30;0,011499666666666667
10.09.2025 17:45;0,005749833333333336
10.09.2025 18:00;0,0
10.09.2025 18:15;0,0
10.09.2025 18:30;0,0
10.09.2025 18:45;0,0
10.09.2025 19:00;0,0
10.09.2025 19:15;0,0
10.09.2025 19:30;0,0
10.09.2025 19:45;0,0
10.09.2025 20:00;0,0
10.09.2025 20:15;0,0
10.09.2025 20:30;0,0
10.09.2025 20:45;0,0
10.09.2025 21:00;0,0
10.09.2025 21:15;0,0
10.09.2025 21:30;0,0
10.09.2025 21:45;0,0
10.09.2025 22:00;0,0
10.09.2025 22:15;0,0
10.09.2025 22:30;0,0
10.09.2025 22:45;0,0
10.09.2025 23:00;0,0
10.09.2025 23:15;0,0
10.09.2025 23:30;0,0
10.09.2025 23:45;0,0
11.09.2025 00:00;0,0
11.09.2025 00:15;0,0
11.09.2025 00:30;0,0
11.09.2025 00:45;0,0
11.09.2025 01:00;0,0
11.09.2025 01:15;0,0
11.09.2025 01:30;0,0
11.09.2025 01:45;0,0
11.09.2025 02:00;0,0
11.09.2025 02:15;0,0
11.09.2025 02:30;0,0
11.09.2025 02:45;0,0
11.09.2025 03:00;0,0
11.09.2025 03:15;0,0
11.09.2025 03:30;0,0
11.09.2025 03:45;0,0
11.09.2025 04:00;0,0
11.09.2025 04:15;0,0
11.09.2025 04:30;0,0
11.09.2025 04:45;0,0
11.09.2025 05:00;0,0
11.09.2025 05:15;0,022547083333333332
11.09.2025 05:30;0,045094166666666664
11.09.2025 05:45;0,06764125
11.09.2025 06:00;0,09018833333333333
11.09.2025 06:15;0,13685016666666666
11.09.2025 06:30;0,183512
11.09.2025 06:45;0,23017383333333336
11.09.2025 07:00;0,2768356666666667
11.09.2025 07:15;0,31246525
11.09.2025 07:30;0,34809483333333335
11.09.2025 07:45;0,3837244166666667
11.09.2025 08:00;0,419354
11.09.2025 08:15;0,4435604166666667
11.09.2025 08:30;0,46776683333333335
11.09.2025 08:45;0,49197325000000003
11.09.2025 09:00;0,5161796666666667
11.09.2025 09:15;0,5296101666666667
11.09.2025 09:30;0,5430406666666667
11.09.2025 09:45;0,5564711666666666
11.09.2025 10:00;0,5699016666666666
11.09.2025 10:15;0,5674291666666667
11.09.2025 10:30;0,5649566666666666
11.09.2025 10:45;0,5624841666666666
11.09.2025 11:00;0,5600116666666666
11.09.2025 11:15;0,5447595833333333
11.09.2025 11:30;0,5295074999999999
11.09.2025 11:45;0,5142554166666666
11.09.2025 12:00;0,49900333333333335
11.09.2025 12:15;0,49298966666666666
11.09.2025 12:30;0,48697599999999996
11.09.2025 12:45;0,4809623333333333
11.09.2025 13:00;0,47494866666666663
11.09.2025 13:15;0,449329
11.09.2025 13:30;0,42370933333333327
11.09.2025 13:45;0,3980896666666666
11.09.2025 14:00;0,37246999999999997
11.09.2025 14:15;0,3503830833333333
11.09.2025 14:30;0,3282961666666666
11.09.2025 14:45;0,30620925
11.09.2025 15:00;0,2841223333333333
11.09.2025 15:15;0,25044916666666667
11.09.2025 15:30;0,216776
11.09.2025 15:45;0,18310283333333333
11.09.2025 16:00;0,14942966666666668
11.09.2025 16:15;0,11663108333333334
11.09.2025 16:30;0,0838325
11.09.2025 16:45;0,051033916666666665
11.09.2025 17:00;0,018235333333333333
11.09.2025 17:15;0,0136765
11.09.2025 17:30;0,009117666666666666
11.09.2025 17:45;0,004558833333333333
11.09.2025 18:00;0,0
11.09.2025 18:15;0,0
11.09.2025 18:30;0,0
11.09.2025 18:45;0,0
11.09.2025 19:00;0,0
11.09.2025 19:15;0,0
11.09.2025 19:30;0,0
11.09.2025 19:45;0,0
11.09.2025 20:00;0,0
11.09.2025 20:15;0,0
11.09.2025 20:30;0,0
11.09.2025 20:45;0,0
11.09.2025 21:00;0,0
11.09.2025 21:15;0,0
11.09.2025 21:30;0,0
11.09.2025 21:45;0,0
11.09.2025 22:00;0,0
11.09.2025 22:15;0,0
11.09.2025 22:30;0,0
11.09.2025 22:45;0,0
11.09.2025 23:00;0,0
11.09.2025 23:15;0,0
11.09.2025 23:30;0,0
11.09.2025 23:45;0,0
12.09.2025 00:00;0,0
12.09.2025 00:15;0,0
12.09.2025 00:30;0,0
12.09.2025 00:45;0,0
12.09.2025 01:00;0,0
12.09.2025 01:15;0,0
12.09.2025 01:30;0,0
12.09.2025 01:45;0,0
12.09.2025 02:00;0,0
12.09.2025 02:15;0,0
12.09.2025 02:30;0,0
12.09.2025 02:45;0,0
12.09.2025 03:00;0,0
12.09.2025 03:15;0,0
12.09.2025 03:30;0,0
12.09.2025 03:45;0,0
12.09.2025 04:00;0,0
12.09.2025 04:15;0,0
12.09.2025 04:30;0,0
12.09.2025 04:45;0,0
12.09.2025 05:00;0,0
12.09.2025 05:15;0,021527499999999998
12.09.2025 05:30;0,043054999999999996
12.09.2025 05:45;0,0645825
12.09.2025 06:00;0,08610999999999999
12.09.2025 06:15;0,12747675
12.09.2025 06:30;0,16884349999999998
12.09.2025 06:45;0,21021025
12.09.2025 07:00;0,251577
12.09.2025 07:15;0,2879428333333333
12.09.2025 07:30;0,3243086666666667
12.09.2025 07:45;0,3606745
12.09.2025 08:00;0,39704033333333333
12.09.2025 08:15;0,41783475
12.09.2025 08:30;0,4386291666666666
12.09.2025 08:45;0,45942358333333333
12.09.2025 09:00;0,480218
12.09.2025 09:15;0,5027006666666667
12.09.2025 09:30;0,5251833333333333
12.09.2025 09:45;0,547666
12.09.2025 10:00;0,5701486666666666
12.09.2025 10:15;0,5741960833333333
12.09.2025 10:30;0,5782435
12.09.2025 10:45;0,5822909166666667
12.09.2025 11:00;0,5863383333333334
12.09.2025 11:15;0,5855238333333334
12.09.2025 11:30;0,5847093333333333
12.09.2025 11:45;0,5838948333333334
12.09.2025 12:00;0,5830803333333333
12.09.2025 12:15;0,5721786666666666
12.09.2025 12:30;0,561277
12.09.2025 12:45;0,5503753333333333
12.09.2025 13:00;0,5394736666666666
12.09.2025 13:15;0,5182390833333334
12.09.2025 13:30;0,49700449999999996
12.09.2025 13:45;0,4757699166666667
12.09.2025 14:00;0,45453533333333335
12.09.2025 14:15;0,4255313333333334
12.09.2025 14:30;0,39652733333333334
12.09.2025 14:45;0,3675233333333333
12.09.2025 15:00;0,33851933333333334
12.09.2025 15:15;0,295601
12.09.2025 15:30;0,25268266666666667
12.09.2025 15:45;0,20976433333333333
12.09.2025 16:00;0,166846
12.09.2025 16:15;0,12922908333333333
12.09.2025 16:30;0,09161216666666666
12.09.2025 16:45;0,053995249999999995
12.09.2025 17:00;0,016378333333333335
12.09.2025 17:15;0,012283750000000001
12.09.2025 17:30;0,008189166666666668
12.09.2025 17:45;0,004094583333333334
12.09.2025 18:00;0,0
12.09.2025 18:15;0,0
12.09.2025 18:30;0,0
12.09.2025 18:45;0,0
12.09.2025 19:00;0,0
12.09.2025 19:15;0,0
12.09.2025 19:30;0,0
12.09.2025 19:45;0,0
12.09.2025 20:00;0,0
12.09.2025 20:15;0,0
12.09.2025 20:30;0,0
12.09.2025 20:45;0,0
12.09.2025 21:00;0,0
12.09.2025 21:15;0,0
12.09.2025 21:30;0,0
12.09.2025 21:45;0,0
12.09.2025 22:00;0,0
12.09.2025 22:15;0,0
12.09.2025 22:30;0,0
12.09.2025 22:45;0,0
12.09.2025 23:00;0,0
12.09.2025 23:15;0,0
12.09.2025 23:30;0,0
12.09.2025 23:45;0,0
13.09.2025 00:00;0,0
13.09.2025 00:15;0,0
13.09.2025 00:30;0,0
13.09.2025 00:45;0,0
13.09.2025 01:00;0,0
13.09.2025 01:15;0,0
13.09.2025 01:30;0,0
13.09.2025 01:45;0,0
13.09.2025 02:00;0,0
13.09.2025 02:15;0,0
13.09.2025 02:30;0,0
13.09.2025 02:45;0,0
13.09.2025 03:00;0,0
13.09.2025 03:15;0,0
13.09.2025 03:30;0,0
13.09.2025 03:45;0,0
13.09.2025 04:00;0,0
13.09.2025 04:15;0,0
13.09.2025 04:30;0,0
13.09.2025 04:45;0,0
13.09.2025 05:00;0,0
13.09.2025 05:15;0,01997325
13.09.2025 05:30;0,0399465
13.09.2025 05:45;0,05991975000000001
13.09.2025 06:00;0,079893
13.09.2025 06:15;0,11906366666666666
13.09.2025 06:30;0,1582343333333333
13.09.2025 06:45;0,197405
13.09.2025 07:00;0,23657566666666666
13.09.2025 07:15;0,2698831666666667
13.09.2025 07:30;0,30319066666666666
13.09.2025 07:45;0,33649816666666665
13.09.2025 08:00;0,36980566666666664
13.09.2025 08:15;0,3932354166666666
13.09.2025 08:30;0,41666516666666664
13.09.2025 08:45;0,44009491666666667
13.09.2025 09:00;0,46352466666666664
13.09.2025 09:15;0,48130175
13.09.2025 09:30;0,49907883333333325
13.09.2025 09:45;0,5168559166666666
13.09.2025 10:00;0,5346329999999999
13.09.2025 10:15;0,5431554166666666
13.09.2025 10:30;0,5516778333333332
13.09.2025 10:45;0,56020025
13.09.2025 11:00;0,5687226666666666
13.09.2025 11:15;0,5733049166666666
13.09.2025 11:30;0,5778871666666667
13.09.2025 11:45;0,5824694166666667
13.09.2025 12:00;0,5870516666666667
13.09.2025 12:15;0,5710075000000001
13.09.2025 12:30;0,5549633333333334
13.09.2025 12:45;0,5389191666666666
13.09.2025 13:00;0,522875
13.09.2025 13:15;0,48779275
13.09.2025 13:30;0,4527105
13.09.2025 13:45;0,41762825000000003
13.09.2025 14:00;0,382546
13.09.2025 14:15;0,35712583333333336
13.09.2025 14:30;0,3317056666666667
13.09.2025 14:45;0,3062855
13.09.2025 15:00;0,28086533333333336
13.09.2025 15:15;0,2456276666666667
13.09.2025 15:30;0,21039000000000002
13.09.2025 15:45;0,17515233333333335
13.09.2025 16:00;0,1399146666666667
13.09.2025 16:15;0,10834241666666669
13.09.2025 16:30;0,07677016666666668
13.09.2025 16:45;0,04519791666666667
13.09.2025 17:00;0,013625666666666668
13.09.2025 17:15;0,010219250000000001
13.09.2025 17:30;0,006812833333333334
13.09.2025 17:45;0,003406416666666667
13.09.2025 18:00;0,0
13.09.2025 18:15;0,0
13.09.2025 18:30;0,0
13.09.2025 18:45;0,0
13.09.2025 19:00;0,0
13.09.2025 19:15;0,0
13.09.2025 19:30;0,0
13.09.2025 19:45;0,0
13.09.2025 20:00;0,0
13.09.2025 20:15;0,0
13.09.2025 20:30;0,0
13.09.2025 20:45;0,0
13.09.2025 21:00;0,0
13.09.2025 21:15;0,0
13.09.2025 21:30;0,0
13.09.2025 21:45;0,0
13.09.2025 22:00;0,0
13.09.2025 22:15;0,0
13.09.2025 22:30;0,0
13.09.2025 22:45;0,0
13.09.2025 23:00;0,0
13.09.2025 23:15;0,0
13.09.2025 23:30;0,0
13.09.2025 23:45;0,0
14.09.2025 00:00;0,0
14.09.2025 00:15;0,0
14.09.2025 00:30;0,0
14.09.2025 00:45;0,0
14.09.2025 01:00;0,0
14.09.2025 01:15;0,0
14.09.2025 01:30;0,0
14.09.2025 01:45;0,0
14.09.2025 02:00;0,0
14.09.2025 02:15;0,0
14.09.2025 02:30;0,0
14.09.2025 02:45;0,0
14.09.2025 03:00;0,0
14.09.2025 03:15;0,0
14.09.2025 03:30;0,0
14.09.2025 03:45;0,0
14.09.2025 04:00;0,0
14.09.2025 04:15;0,0
14.09.2025 04:30;0,0
14.09.2025 04:45;0,0
14.09.2025 05:00;0,0
14.09.2025 05:15;0,01913075
14.09.2025 05:30;0,0382615
14.09.2025 05:45;0,05739224999999999
14.09.2025 06:00;0,076523
14.09.2025 06:15;0,10740416666666666
14.09.2025 06:30;0,13828533333333334
14.09.2025 06:45;0,1691665
14.09.2025 07:00;0,20004766666666668
14.09.2025 07:15;0,22429166666666667
14.09.2025 07:30;0,24853566666666668
14.09.2025 07:45;0,2727796666666667
14.09.2025 08:00;0,2970236666666667
14.09.2025 08:15;0,32285308333333335
14.09.2025 08:30;0,3486825
14.09.2025 08:45;0,37451191666666667
14.09.2025 09:00;0,4003413333333333
14.09.2025 09:15;0,41119574999999997
14.09.2025 09:30;0,42205016666666667
14.09.2025 09:45;0,43290458333333337
14.09.2025 10:00;0,443759
14.09.2025 10:15;0,45555958333333335
14.09.2025 10:30;0,4673601666666667
14.09.2025 10:45;0,47916074999999997
14.09.2025 11:00;0,4909613333333333
14.09.2025 11:15;0,49296775
14.09.2025 11:30;0,4949741666666666
14.09.2025 11:45;0,4969805833333333
14.09.2025 12:00;0,49898699999999996
14.09.2025 12:15;0,48777291666666667
14.09.2025 12:30;0,4765588333333333
14.09.2025 12:45;0,46534475
14.09.2025 13:00;0,4541306666666667
14.09.2025 13:15;0,4393350833333334
14.09.2025 13:30;0,4245395
14.09.2025 13:45;0,40974391666666665
14.09.2025 14:00;0,39494833333333335
14.09.2025 14:15;0,3745503333333333
14.09.2025 14:30;0,3541523333333333
14.09.2025 14:45;0,3337543333333333
14.09.2025 15:00;0,3133563333333333
14.09.2025 15:15;0,27182175
14.09.2025 15:30;0,23028716666666665
14.09.2025 15:45;0,18875258333333333
14.09.2025 16:00;0,14721800000000002
14.09.2025 16:15;0,11358833333333335
14.09.2025 16:30;0,07995866666666668
14.09.2025 16:45;0,04632900000000001
14.09.2025 17:00;0,012699333333333333
14.09.2025 17:15;0,0095245
14.09.2025 17:30;0,006349666666666667
14.09.2025 17:45;0,0031748333333333333
14.09.2025 18:00;0,0
14.09.2025 18:15;0,0
14.09.2025 18:30;0,0
14.09.2025 18:45;0,0
14.09.2025 19:00;0,0
14.09.2025 19:15;0,0
14.09.2025 19:30;0,0
14.09.2025 19:45;0,0
14.09.2025 20:00;0,0
14.09.2025 20:15;0,0
14.09.2025 20:30;0,0
14.09.2025 20:45;0,0
14.09.2025 21:00;0,0
14.09.2025 21:15;0,0
14.09.2025 21:30;0,0
14.09.2025 21:45;0,0
14.09.2025 22:00;0,0
14.09.2025 22:15;0,0
14.09.2025 22:30;0,0
14.09.2025 22:45;0,0
14.09.2025 23:00;0,0
14.09.2025 23:15;0,0
14.09.2025 23:30;0,0
14.09.2025 23:45;0,0
15.09.2025 00:00;0,0
15.09.2025 00:15;0,0
15.09.2025 00:30;0,0
15.09.2025 00:45;0,0
15.09.2025 01:00;0,0
15.09.2025 01:15;0,0
15.09.2025 01:30;0,0
15.09.2025 01:45;0,0
15.09.2025 02:00;0,0
15.09.2025 02:15;0,0
15.09.2025 02:30;0,0
15.09.2025 02:45;0,0
15.09.2025 03:00;0,0
15.09.2025 03:15;0,0
15.09.2025 03:30;0,0
15.09.2025 03:45;0,0
15.09.2025 04:00;0,0
15.09.2025 04:15;0,0
15.09.2025 04:30;0,0
15.09.2025 04:45;0,0
15.09.2025 05:00;0,0
15.09.2025 05:15;0,015691916666666667
15.09.2025 05:30;0,03138383333333333
15.09.2025 05:45;0,04707575
15.09.2025 06:00;0,06276766666666667
15.09.2025 06:15;0,09982466666666667
15.09.2025 06:30;0,13688166666666668
15.09.2025 06:45;0,17393866666666669
15.09.2025 07:00;0,21099566666666666
15.09.2025 07:15;0,24376691666666667
15.09.2025 07:30;0,2765381666666667
15.09.2025 07:45;0,30930941666666667
15.09.2025 08:00;0,3420806666666667
15.09.2025 08:15;0,3662220833333334
15.09.2025 08:30;0,39036350000000003
15.09.2025 08:45;0,41450491666666667
15.09.2025 09:00;0,43864633333333336
15.09.2025 09:15;0,4549586666666667
15.09.2025 09:30;0,471271
15.09.2025 09:45;0,4875833333333333
15.09.2025 10:00;0,5038956666666666
15.09.2025 10:15;0,5118879166666667
15.09.2025 10:30;0,5198801666666666
15.09.2025 10:45;0,5278724166666666
15.09.2025 11:00;0,5358646666666667
15.09.2025 11:15;0,52968875
15.09.2025 11:30;0,5235128333333333
15.09.2025 11:45;0,5173369166666666
15.09.2025 12:00;0,511161
15.09.2025 12:15;0,51580775
15.09.2025 12:30;0,5204545
15.09.2025 12:45;0,52510125
15.09.2025 13:00;0,529748
15.09.2025 13:15;0,50252875
15.09.2025 13:30;0,4753095
15.09.2025 13:45;0,44809024999999997
15.09.2025 14:00;0,420871
15.09.2025 14:15;0,39406766666666665
15.09.2025 14:30;0,3672643333333333
15.09.2025 14:45;0,340461
15.09.2025 15:00;0,31365766666666667
15.09.2025 15:15;0,27191583333333336
15.09.2025 15:30;0,230174
15.09.2025 15:45;0,18843216666666668
15.09.2025 16:00;0,14669033333333334
15.09.2025 16:15;0,11266491666666667
15.09.2025 16:30;0,0786395
15.09.2025 16:45;0,04461408333333333
15.09.2025 17:00;0,010588666666666666
15.09.2025 17:15;0,0079415
15.09.2025 17:30;0,005294333333333333
15.09.2025 17:45;0,0026471666666666657
15.09.2025 18:00;0,0
15.09.2025 18:15;0,0
15.09.2025 18:30;0,0
15.09.2025 18:45;0,0
15.09.2025 19:00;0,0
15.09.2025 19:15;0,0
15.09.2025 19:30;0,0
15.09.2025 19:45;0,0
15.09.2025 20:00;0,0
15.09.2025 20:15;0,0
15.09.2025 20:30;0,0
15.09.2025 20:45;0,0
15.09.2025 21:00;0,0
15.09.2025 21:15;0,0
15.09.2025 21:30;0,0
15.09.2025 21:45;0,0
15.09.2025 22:00;0,0
15.09.2025 22:15;0,0
15.09.2025 22:30;0,0
15.09.2025 22:45;0,0
15.09.2025 23:00;0,0
15.09.2025 23:15;0,0
15.09.2025 23:30;0,0
15.09.2025 23:45;0,0
16.09.2025 00:00;0,0
16.09.2025 00:15;0,0
16.09.2025 00:30;0,0
16.09.2025 00:45;0,0
16.09.2025 01:00;0,0
16.09.2025 01:15;0,0
16.09.2025 01:30;0,0
16.09.2025 01:45;0,0
16.09.2025 02:00;0,0
16.09.2025 02:15;0,0
16.09.2025 02:30;0,0
16.09.2025 02:45;0,0
16.09.2025 03:00;0,0
16.09.2025 03:15;0,0
16.09.2025 03:30;0,0
16.09.2025 03:45;0,0
16.09.2025 04:00;0,0
16.09.2025 04:15;0,0
16.09.2025 04:30;0,0
16.09.2025 04:45;0,0
16.09.2025 05:00;0,0
16.09.2025 05:15;0,016604749999999998
16.09.2025 05:30;0,033209499999999996
16.09.2025 05:45;0,04981424999999999
16.09.2025 06:00;0,06641899999999999
16.09.2025 06:15;0,09859808333333332
16.09.2025 06:30;0,13077716666666667
16.09.2025 06:45;0,16295624999999997
16.09.2025 07:00;0,19513533333333333
16.09.2025 07:15;0,23678275
16.09.2025 07:30;0,27843016666666665
16.09.2025 07:45;0,3200775833333333
16.09.2025 08:00;0,36172499999999996
16.09.2025 08:15;0,38315774999999996
16.09.2025 08:30;0,40459049999999996
16.09.2025 08:45;0,42602325
16.09.2025 09:00;0,447456
16.09.2025 09:15;0,45667800000000003
16.09.2025 09:30;0,4659
16.09.2025 09:45;0,475122
16.09.2025 10:00;0,484344
16.09.2025 10:15;0,47969833333333334
16.09.2025 10:30;0,4750526666666667
16.09.2025 10:45;0,47040699999999996
16.09.2025 11:00;0,4657613333333333
16.09.2025 11:15;0,45394891666666665
16.09.2025 11:30;0,4421365
16.09.2025 11:45;0,43032408333333333
16.09.2025 12:00;0,41851166666666667
16.09.2025 12:15;0,41124516666666666
16.09.2025 12:30;0,4039786666666667
16.09.2025 12:45;0,3967121666666667
16.09.2025 13:00;0,3894456666666667
16.09.2025 13:15;0,36092575000000005
16.09.2025 13:30;0,33240583333333334
16.09.2025 13:45;0,30388591666666664
16.09.2025 14:00;0,275366
16.09.2025 14:15;0,2625038333333333
16.09.2025 14:30;0,24964166666666665
16.09.2025 14:45;0,2367795
16.09.2025 15:00;0,22391733333333333
16.09.2025 15:15;0,19620574999999998
16.09.2025 15:30;0,16849416666666667
16.09.2025 15:45;0,14078258333333332
16.09.2025 16:00;0,11307099999999999
16.09.2025 16:15;0,08691175
16.09.2025 16:30;0,060752499999999994
16.09.2025 16:45;0,03459324999999999
16.09.2025 17:00;0,008434
16.09.2025 17:15;0,0063255
16.09.2025 17:30;0,004217
16.09.2025 17:45;0,0021085
16.09.2025 18:00;0,0
16.09.2025 18:15;0,0
16.09.2025 18:30;0,0
16.09.2025 18:45;0,0
16.09.2025 19:00;0,0
16.09.2025 19:15;0,0
16.09.2025 19:30;0,0
16.09.2025 19:45;0,0
16.09.2025 20:00;0,0
16.09.2025 20:15;0,0
16.09.2025 20:30;0,0
16.09.2025 20:45;0,0
16.09.2025 21:00;0,0
16.09.2025 21:15;0,0
16.09.2025 21:30;0,0
16.09.2025 21:45;0,0
16.09.2025 22:00;0,0
16.09.2025 22:15;0,0
16.09.2025 22:30;0,0
16.09.2025 22:45;0,0
16.09.2025 23:00;0,0
16.09.2025 23:15;0,0
16.09.2025 23:30;0,0
16.09.2025 23:45;0,0
17.09.2025 00:00;0,0
17.09.2025 00:15;0,0
17.09.2025 00:30;0,0
17.09.2025 00:45;0,0
17.09.2025 01:00;0,0
17.09.2025 01:15;0,0
17.09.2025 01:30;0,0
17.09.2025 01:45;0,0
17.09.2025 02:00;0,0
17.09.2025 02:15;0,0
17.09.2025 02:30;0,0
17.09.2025 02:45;0,0
17.09.2025 03:00;0,0
17.09.2025 03:15;0,0
17.09.2025 03:30;0,0
17.09.2025 03:45;0,0
17.09.2025 04:00;0,0
17.09.2025 04:15;0,0
17.09.2025 04:30;0,0
17.09.2025 04:45;0,0
17.09.2025 05:00;0,0
17.09.2025 05:15;0,0181755
17.09.2025 05:30;0,036351
17.09.2025 05:45;0,054526500000000006
17.09.2025 06:00;0,072702
17.09.2025 06:15;0,11444033333333334
17.09.2025 06:30;0,1561786666666667
17.09.2025 06:45;0,197917
17.09.2025 07:00;0,23965533333333333
17.09.2025 07:15;0,27277683333333336
17.09.2025 07:30;0,3058983333333333
17.09.2025 07:45;0,3390198333333333
17.09.2025 08:00;0,3721413333333333
17.09.2025 08:15;0,3968849166666667
17.09.2025 08:30;0,4216285
17.09.2025 08:45;0,44637208333333334
17.09.2025 09:00;0,4711156666666667
17.09.2025 09:15;0,48275683333333336
17.09.2025 09:30;0,494398
17.09.2025 09:45;0,5060391666666666
17.09.2025 10:00;0,5176803333333333
17.09.2025 10:15;0,5220151666666666
17.09.2025 10:30;0,52635
17.09.2025 10:45;0,5306848333333333
17.09.2025 11:00;0,5350196666666667
17.09.2025 11:15;0,5216448333333333
17.09.2025 11:30;0,50827
17.09.2025 11:45;0,49489516666666666
17.09.2025 12:00;0,48152033333333333
17.09.2025 12:15;0,4713101666666667
17.09.2025 12:30;0,4611
17.09.2025 12:45;0,4508898333333333
17.09.2025 13:00;0,4406796666666667
17.09.2025 13:15;0,4267295
17.09.2025 13:30;0,41277933333333333
17.09.2025 13:45;0,3988291666666667
17.09.2025 14:00;0,38487899999999997
17.09.2025 14:15;0,3556245
17.09.2025 14:30;0,32637
17.09.2025 14:45;0,2971155
17.09.2025 15:00;0,267861
17.09.2025 15:15;0,23039425000000002
17.09.2025 15:30;0,1929275
17.09.2025 15:45;0,15546074999999998
17.09.2025 16:00;0,117994
17.09.2025 16:15;0,09003833333333333
17.09.2025 16:30;0,06208266666666667
17.09.2025 16:45;0,034127000000000005
17.09.2025 17:00;0,006171333333333333
17.09.2025 17:15;0,0046285
17.09.2025 17:30;0,0030856666666666667
17.09.2025 17:45;0,0015428333333333336
17.09.2025 18:00;0,0
17.09.2025 18:15;0,0
17.09.2025 18:30;0,0
17.09.2025 18:45;0,0
17.09.2025 19:00;0,0
17.09.2025 19:15;0,0
17.09.2025 19:30;0,0
17.09.2025 19:45;0,0
17.09.2025 20:00;0,0
17.09.2025 20:15;0,0
17.09.2025 20:30;0,0
17.09.2025 20:45;0,0
17.09.2025 21:00;0,0
17.09.2025 21:15;0,0
17.09.2025 21:30;0,0
17.09.2025 21:45;0,0
17.09.2025 22:00;0,0
17.09.2025 22:15;0,0
17.09.2025 22:30;0,0
17.09.2025 22:45;0,0
17.09.2025 23:00;0,0
17.09.2025 23:15;0,0
17.09.2025 23:30;0,0
17.09.2025 23:45;0,0
18.09.2025 00:00;0,0
18.09.2025 00:15;0,0
18.09.2025 00:30;0,0
18.09.2025 00:45;0,0
18.09.2025 01:00;0,0
18.09.2025 01:15;0,0
18.09.2025 01:30;0,0
18.09.2025 01:45;0,0
18.09.2025 02:00;0,0
18.09.2025 02:15;0,0
18.09.2025 02:30;0,0
18.09.2025 02:45;0,0
18.09.2025 03:00;0,0
18.09.2025 03:15;0,0
18.09.2025 03:30;0,0
18.09.2025 03:45;0,0
18.09.2025 04:00;0,0
18.09.2025 04:15;0,0
18.09.2025 04:30;0,0
18.09.2025 04:45;0,0
18.09.2025 05:00;0,0
18.09.2025 05:15;0,011532833333333332
18.09.2025 05:30;0,023065666666666665
18.09.2025 05:45;0,0345985
18.09.2025 06:00;0,04613133333333333
18.09.2025 06:15;0,07371141666666667
18.09.2025 06:30;0,1012915
18.09.2025 06:45;0,12887158333333334
18.09.2025 07:00;0,15645166666666668
18.09.2025 07:15;0,16998358333333335
18.09.2025 07:30;0,1835155
18.09.2025 07:45;0,19704741666666667
18.09.2025 08:00;0,21057933333333334
18.09.2025 08:15;0,237816
18.09.2025 08:30;0,26505266666666666
18.09.2025 08:45;0,2922893333333333
18.09.2025 09:00;0,319526
18.09.2025 09:15;0,32494016666666664
18.09.2025 09:30;0,3303543333333333
18.09.2025 09:45;0,3357685
18.09.2025 10:00;0,3411826666666667
18.09.2025 10:15;0,35833950000000003
18.09.2025 10:30;0,3754963333333333
18.09.2025 10:45;0,39265316666666666
18.09.2025 11:00;0,40981
18.09.2025 11:15;0,4143751666666667
18.09.2025 11:30;0,41894033333333336
18.09.2025 11:45;0,4235055
18.09.2025 12:00;0,42807066666666665
18.09.2025 12:15;0,424874
18.09.2025 12:30;0,42167733333333335
18.09.2025 12:45;0,41848066666666667
18.09.2025 13:00;0,415284
18.09.2025 13:15;0,39561599999999997
18.09.2025 13:30;0,37594799999999995
18.09.2025 13:45;0,35628
18.09.2025 14:00;0,33661199999999997
18.09.2025 14:15;0,31354925
18.09.2025 14:30;0,2904865
18.09.2025 14:45;0,26742374999999996
18.09.2025 15:00;0,244361
18.09.2025 15:15;0,21041325
18.09.2025 15:30;0,1764655
18.09.2025 15:45;0,14251775
18.09.2025 16:00;0,10857
18.09.2025 16:15;0,08273083333333334
18.09.2025 16:30;0,05689166666666667
18.09.2025 16:45;0,031052499999999997
18.09.2025 17:00;0,005213333333333334
18.09.2025 17:15;0,00391
18.09.2025 17:30;0,002606666666666667
18.09.2025 17:45;0,0013033333333333334
18.09.2025 18:00;0,0
18.09.2025 18:15;0,0
18.09.2025 18:30;0,0
18.09.2025 18:45;0,0
18.09.2025 19:00;0,0
18.09.2025 19:15;0,0
18.09.2025 19:30;0,0
18.09.2025 19:45;0,0
18.09.2025 20:00;0,0
18.09.2025 20:15;0,0
18.09.2025 20:30;0,0
18.09.2025 20:45;0,0
18.09.2025 21:00;0,0
18.09.2025 21:15;0,0
18.09.2025 21:30;0,0
18.09.2025 21:45;0,0
18.09.2025 22:00;0,0
18.09.2025 22:15;0,0
18.09.2025 22:30;0,0
18.09.2025 22:45;0,0
18.09.2025 23:00;0,0
18.09.2025 23:15;0,0
18.09.2025 23:30;0,0
18.09.2025 23:45;0,0
19.09.2025 00:00;0,0
19.09.2025 00:15;0,0
19.09.2025 00:30;0,0
19.09.2025 00:45;0,0
19.09.2025 01:00;0,0
19.09.2025 01:15;0,0
19.09.2025 01:30;0,0
19.09.2025 01:45;0,0
19.09.2025 02:00;0,0
19.09.2025 02:15;0,0
19.09.2025 02:30;0,0
19.09.2025 02:45;0,0
19.09.2025 03:00;0,0
19.09.2025 03:15;0,0
19.09.2025 03:30;0,0
19.09.2025 03:45;0,0
19.09.2025 04:00;0,0
19.09.2025 04:15;0,0
19.09.2025 04:30;0,0
19.09.2025 04:45;0,0
19.09.2025 05:00;0,0
19.09.2025 05:15;0,013342666666666668
19.09.2025 05:30;0,026685333333333335
19.09.2025 05:45;0,04002800000000001
19.09.2025 06:00;0,05337066666666667
19.09.2025 06:15;0,07864399999999999
19.09.2025 06:30;0,10391733333333333
19.09.2025 06:45;0,12919066666666665
19.09.2025 07:00;0,154464
19.09.2025 07:15;0,18623508333333333
19.09.2025 07:30;0,21800616666666667
19.09.2025 07:45;0,24977725
19.09.2025 08:00;0,28154833333333334
19.09.2025 08:15;0,30046333333333336
19.09.2025 08:30;0,3193783333333333
19.09.2025 08:45;0,33829333333333333
19.09.2025 09:00;0,35720833333333335
19.09.2025 09:15;0,3643625833333333
19.09.2025 09:30;0,3715168333333333
19.09.2025 09:45;0,3786710833333333
19.09.2025 10:00;0,3858253333333333
19.09.2025 10:15;0,39377708333333333
19.09.2025 10:30;0,4017288333333333
19.09.2025 10:45;0,40968058333333335
19.09.2025 11:00;0,4176323333333334
19.09.2025 11:15;0,41254650000000004
19.09.2025 11:30;0,4074606666666667
19.09.2025 11:45;0,40237483333333335
19.09.2025 12:00;0,397289
19.09.2025 12:15;0,3823905
19.09.2025 12:30;0,36749200000000004
19.09.2025 12:45;0,3525935
19.09.2025 13:00;0,337695
19.09.2025 13:15;0,3329156666666667
19.09.2025 13:30;0,32813633333333336
19.09.2025 13:45;0,323357
19.09.2025 14:00;0,3185776666666667
19.09.2025 14:15;0,29356350000000003
19.09.2025 14:30;0,26854933333333336
19.09.2025 14:45;0,24353516666666666
19.09.2025 15:00;0,218521
19.09.2025 15:15;0,1887145
19.09.2025 15:30;0,158908
19.09.2025 15:45;0,12910149999999998
19.09.2025 16:00;0,099295
19.09.2025 16:15;0,07558374999999999
19.09.2025 16:30;0,051872499999999995
19.09.2025 16:45;0,02816125
19.09.2025 17:00;0,00445
19.09.2025 17:15;0,0033375
19.09.2025 17:30;0,002225
19.09.2025 17:45;0,0011124999999999998
19.09.2025 18:00;0,0
19.09.2025 18:15;0,0
19.09.2025 18:30;0,0
19.09.2025 18:45;0,0
19.09.2025 19:00;0,0
19.09.2025 19:15;0,0
19.09.2025 19:30;0,0
19.09.2025 19:45;0,0
19.09.2025 20:00;0,0
19.09.2025 20:15;0,0
19.09.2025 20:30;0,0
19.09.2025 20:45;0,0
19.09.2025 21:00;0,0
19.09.2025 21:15;0,0
19.09.2025 21:30;0,0
19.09.2025 21:45;0,0
19.09.2025 22:00;0,0
19.09.2025 22:15;0,0
19.09.2025 22:30;0,0
19.09.2025 22:45;0,0
19.09.2025 23:00;0,0
19.09.2025 23:15;0,0
19.09.2025 23:30;0,0
19.09.2025 23:45;0,0
20.09.2025 00:00;0,0
20.09.2025 00:15;0,0
20.09.2025 00:30;0,0
20.09.2025 00:45;0,0
20.09.2025 01:00;0,0
20.09.2025 01:15;0,0
20.09.2025 01:30;0,0
20.09.2025 01:45;0,0
20.09.2025 02:00;0,0
20.09.2025 02:15;0,0
20.09.2025 02:30;0,0
20.09.2025 02:45;0,0
20.09.2025 03:00;0,0
20.09.2025 03:15;0,0
20.09.2025 03:30;0,0
20.09.2025 03:45;0,0
20.09.2025 04:00;0,0
20.09.2025 04:15;0,0
20.09.2025 04:30;0,0
20.09.2025 04:45;0,0
20.09.2025 05:00;0,0
20.09.2025 05:15;0,014907083333333335
20.09.2025 05:30;0,02981416666666667
20.09.2025 05:45;0,044721250000000004
20.09.2025 06:00;0,05962833333333333
20.09.2025 06:15;0,09775858333333333
20.09.2025 06:30;0,13588883333333332
20.09.2025 06:45;0,17401908333333332
20.09.2025 07:00;0,21214933333333333
20.09.2025 07:15;0,24549566666666667
20.09.2025 07:30;0,278842
20.09.2025 07:45;0,3121883333333333
20.09.2025 08:00;0,34553466666666666
20.09.2025 08:15;0,36998925
20.09.2025 08:30;0,3944438333333333
20.09.2025 08:45;0,41889841666666666
20.09.2025 09:00;0,443353
20.09.2025 09:15;0,4684794166666667
20.09.2025 09:30;0,49360583333333335
20.09.2025 09:45;0,51873225
20.09.2025 10:00;0,5438586666666667
20.09.2025 10:15;0,55287575
20.09.2025 10:30;0,5618928333333333
20.09.2025 10:45;0,5709099166666667
20.09.2025 11:00;0,579927
20.09.2025 11:15;0,57574375
20.09.2025 11:30;0,5715604999999999
20.09.2025 11:45;0,5673772499999999
20.09.2025 12:00;0,563194
20.09.2025 12:15;0,5573208333333333
20.09.2025 12:30;0,5514476666666667
20.09.2025 12:45;0,5455745000000001
20.09.2025 13:00;0,5397013333333334
20.09.2025 13:15;0,5114505833333334
20.09.2025 13:30;0,4831998333333334
20.09.2025 13:45;0,45494908333333334
20.09.2025 14:00;0,42669833333333335
20.09.2025 14:15;0,3916191666666667
20.09.2025 14:30;0,35653999999999997
20.09.2025 14:45;0,3214608333333333
20.09.2025 15:00;0,28638166666666665
20.09.2025 15:15;0,24558816666666666
20.09.2025 15:30;0,20479466666666665
20.09.2025 15:45;0,16400116666666667
20.09.2025 16:00;0,12320766666666666
20.09.2025 16:15;0,09326783333333333
20.09.2025 16:30;0,063328
20.09.2025 16:45;0,03338816666666666
20.09.2025 17:00;0,003448333333333333
20.09.2025 17:15;0,00258625
20.09.2025 17:30;0,0017241666666666666
20.09.2025 17:45;0,0008620833333333332
20.09.2025 18:00;0,0
20.09.2025 18:15;0,0
20.09.2025 18:30;0,0
20.09.2025 18:45;0,0
20.09.2025 19:00;0,0
20.09.2025 19:15;0,0
20.09.2025 19:30;0,0
20.09.2025 19:45;0,0
20.09.2025 20:00;0,0
20.09.2025 20:15;0,0
20.09.2025 20:30;0,0
20.09.2025 20:45;0,0
20.09.2025 21:00;0,0
20.09.2025 21:15;0,0
20.09.2025 21:30;0,0
20.09.2025 21:45;0,0
20.09.2025 22:00;0,0
20.09.2025 22:15;0,0
20.09.2025 22:30;0,0
20.09.2025 22:45;0,0
20.09.2025 23:00;0,0
20.09.2025 23:15;0,0
20.09.2025 23:30;0,0
20.09.2025 23:45;0,0
21.09.2025 00:00;0,0
21.09.2025 00:15;0,0
21.09.2025 00:30;0,0
21.09.2025 00:45;0,0
21.09.2025 01:00;0,0
21.09.2025 01:15;0,0
21.09.2025 01:30;0,0
21.09.2025 01:45;0,0
21.09.2025 02:00;0,0
21.09.2025 02:15;0,0
21.09.2025 02:30;0,0
21.09.2025 02:45;0,0
21.09.2025 03:00;0,0
21.09.2025 03:15;0,0
21.09.2025 03:30;0,0
21.09.2025 03:45;0,0
21.09.2025 04:00;0,0
21.09.2025 04:15;0,0
21.09.2025 04:30;0,0
21.09.2025 04:45;0,0
21.09.2025 05:00;0,0
21.09.2025 05:15;0,017053083333333333
21.09.2025 05:30;0,03410616666666667
21.09.2025 05:45;0,051159249999999996
21.09.2025 06:00;0,06821233333333333
21.09.2025 06:15;0,10683583333333334
21.09.2025 06:30;0,14545933333333333
21.09.2025 06:45;0,18408283333333336
21.09.2025 07:00;0,22270633333333334
21.09.2025 07:15;0,25155
21.09.2025 07:30;0,28039366666666665
21.09.2025 07:45;0,3092373333333333
21.09.2025 08:00;0,33808099999999996
21.09.2025 08:15;0,3697290833333333
21.09.2025 08:30;0,4013771666666667
21.09.2025 08:45;0,43302525000000003
21.09.2025 09:00;0,4646733333333334
21.09.2025 09:15;0,4880934166666667
21.09.2025 09:30;0,5115135
21.09.2025 09:45;0,5349335833333333
21.09.2025 10:00;0,5583536666666666
21.09.2025 10:15;0,5615760833333333
21.09.2025 10:30;0,5647985
21.09.2025 10:45;0,5680209166666667
21.09.2025 11:00;0,5712433333333333
21.09.2025 11:15;0,5467114166666667
21.09.2025 11:30;0,5221795
21.09.2025 11:45;0,4976475833333333
21.09.2025 12:00;0,47311566666666666
21.09.2025 12:15;0,46262175
21.09.2025 12:30;0,45212783333333334
21.09.2025 12:45;0,4416339166666667
21.09.2025 13:00;0,43114
21.09.2025 13:15;0,40937500000000004
21.09.2025 13:30;0,38761
21.09.2025 13:45;0,365845
21.09.2025 14:00;0,34408
21.09.2025 14:15;0,31525091666666666
21.09.2025 14:30;0,2864218333333333
21.09.2025 14:45;0,25759275
21.09.2025 15:00;0,22876366666666667
21.09.2025 15:15;0,19614066666666669
21.09.2025 15:30;0,16351766666666667
21.09.2025 15:45;0,1308946666666667
21.09.2025 16:00;0,09827166666666667
21.09.2025 16:15;0,07409450000000001
21.09.2025 16:30;0,049917333333333334
21.09.2025 16:45;0,02574016666666666
21.09.2025 17:00;0,001563
21.09.2025 17:15;0,00117225
21.09.2025 17:30;0,0007815
21.09.2025 17:45;0,00039075000000000004
21.09.2025 18:00;0,0
21.09.2025 18:15;0,0
21.09.2025 18:30;0,0
21.09.2025 18:45;0,0
21.09.2025 19:00;0,0
21.09.2025 19:15;0,0
21.09.2025 19:30;0,0
21.09.2025 19:45;0,0
21.09.2025 20:00;0,0
21.09.2025 20:15;0,0
21.09.2025 20:30;0,0
21.09.2025 20:45;0,0
21.09.2025 21:00;0,0
21.09.2025 21:15;0,0
21.09.2025 21:30;0,0
21.09.2025 21:45;0,0
21.09.2025 22:00;0,0
21.09.2025 22:15;0,0
21.09.2025 22:30;0,0
21.09.2025 22:45;0,0
21.09.2025 23:00;0,0
21.09.2025 23:15;0,0
21.09.2025 23:30;0,0
21.09.2025 23:45;0,0
22.09.2025 00:00;0,0
22.09.2025 00:15;0,0
22.09.2025 00:30;0,0
22.09.2025 00:45;0,0
22.09.2025 01:00;0,0
22.09.2025 01:15;0,0
22.09.2025 01:30;0,0
22.09.2025 01:45;0,0
22.09.2025 02:00;0,0
22.09.2025 02:15;0,0
22.09.2025 02:30;0,0
22.09.2025 02:45;0,0
22.09.2025 03:00;0,0
22.09.2025 03:15;0,0
22.09.2025 03:30;0,0
22.09.2025 03:45;0,0
22.09.2025 04:00;0,0
22.09.2025 04:15;0,0
22.09.2025 04:30;0,0
22.09.2025 04:45;0,0
22.09.2025 05:00;0,0
22.09.2025 05:15;0,0112965
22.09.2025 05:30;0,022593
22.09.2025 05:45;0,033889499999999996
22.09.2025 06:00;0,045186
22.09.2025 06:15;0,07225683333333333
22.09.2025 06:30;0,09932766666666665
22.09.2025 06:45;0,1263985
22.09.2025 07:00;0,15346933333333332
22.09.2025 07:15;0,19918349999999999
22.09.2025 07:30;0,24489766666666662
22.09.2025 07:45;0,2906118333333333
22.09.2025 08:00;0,33632599999999996
22.09.2025 08:15;0,3583816666666666
22.09.2025 08:30;0,3804373333333333
22.09.2025 08:45;0,402493
22.09.2025 09:00;0,42454866666666663
22.09.2025 09:15;0,45579716666666664
22.09.2025 09:30;0,4870456666666667
22.09.2025 09:45;0,5182941666666667
22.09.2025 10:00;0,5495426666666667
22.09.2025 10:15;0,5584555833333333
22.09.2025 10:30;0,5673685
22.09.2025 10:45;0,5762814166666667
22.09.2025 11:00;0,5851943333333334
22.09.2025 11:15;0,5477912500000001
22.09.2025 11:30;0,5103881666666668
22.09.2025 11:45;0,47298508333333333
22.09.2025 12:00;0,435582
22.09.2025 12:15;0,44964383333333335
22.09.2025 12:30;0,4637056666666667
22.09.2025 12:45;0,4777675
22.09.2025 13:00;0,49182933333333334
22.09.2025 13:15;0,4619471666666667
22.09.2025 13:30;0,43206500000000003
22.09.2025 13:45;0,4021828333333333
22.09.2025 14:00;0,37230066666666667
22.09.2025 14:15;0,34475733333333336
22.09.2025 14:30;0,317214
22.09.2025 14:45;0,28967066666666663
22.09.2025 15:00;0,2621273333333333
22.09.2025 15:15;0,22088758333333333
22.09.2025 15:30;0,17964783333333334
22.09.2025 15:45;0,13840808333333332
22.09.2025 16:00;0,09716833333333333
22.09.2025 16:15;0,073015
22.09.2025 16:30;0,048861666666666664
22.09.2025 16:45;0,024708333333333332
22.09.2025 17:00;0,000555
22.09.2025 17:15;0,00041625000000000006
22.09.2025 17:30;0,0002775
22.09.2025 17:45;0,00013875000000000004
22.09.2025 18:00;0,0
22.09.2025 18:15;0,0
22.09.2025 18:30;0,0
22.09.2025 18:45;0,0
22.09.2025 19:00;0,0
22.09.2025 19:15;0,0
22.09.2025 19:30;0,0
22.09.2025 19:45;0,0
22.09.2025 20:00;0,0
22.09.2025 20:15;0,0
22.09.2025 20:30;0,0
22.09.2025 20:45;0,0
22.09.2025 21:00;0,0
22.09.2025 21:15;0,0
22.09.2025 21:30;0,0
22.09.2025 21:45;0,0
22.09.2025 22:00;0,0
22.09.2025 22:15;0,0
22.09.2025 22:30;0,0
22.09.2025 22:45;0,0
22.09.2025 23:00;0,0
22.09.2025 23:15;0,0
22.09.2025 23:30;0,0
22.09.2025 23:45;0,0
23.09.2025 00:00;0,0
23.09.2025 00:15;0,0
23.09.2025 00:30;0,0
23.09.2025 00:45;0,0
23.09.2025 01:00;0,0
23.09.2025 01:15;0,0
23.09.2025 01:30;0,0
23.09.2025 01:45;0,0
23.09.2025 02:00;0,0
23.09.2025 02:15;0,0
23.09.2025 02:30;0,0
23.09.2025 02:45;0,0
23.09.2025 03:00;0,0
23.09.2025 03:15;0,0
23.09.2025 03:30;0,0
23.09.2025 03:45;0,0
23.09.2025 04:00;0,0
23.09.2025 04:15;0,0
23.09.2025 04:30;0,0
23.09.2025 04:45;0,0
23.09.2025 05:00;0,0
23.09.2025 05:15;0,010061166666666668
23.09.2025 05:30;0,020122333333333336
23.09.2025 05:45;0,030183500000000005
23.09.2025 06:00;0,04024466666666667
23.09.2025 06:15;0,06592358333333334
23.09.2025 06:30;0,0916025
23.09.2025 06:45;0,11728141666666667
23.09.2025 07:00;0,14296033333333333
23.09.2025 07:15;0,17093675
23.09.2025 07:30;0,19891316666666664
23.09.2025 07:45;0,2268895833333333
23.09.2025 08:00;0,254866
23.09.2025 08:15;0,28667166666666666
23.09.2025 08:30;0,3184773333333333
23.09.2025 08:45;0,35028299999999996
23.09.2025 09:00;0,38208866666666663
23.09.2025 09:15;0,4027044166666667
23.09.2025 09:30;0,42332016666666666
23.09.2025 09:45;0,44393591666666665
23.09.2025 10:00;0,4645516666666667
23.09.2025 10:15;0,46612783333333335
23.09.2025 10:30;0,467704
23.09.2025 10:45;0,4692801666666667
23.09.2025 11:00;0,4708563333333334
23.09.2025 11:15;0,46808375
23.09.2025 11:30;0,4653111666666667
23.09.2025 11:45;0,46253858333333336
23.09.2025 12:00;0,459766
23.09.2025 12:15;0,45953991666666666
23.09.2025 12:30;0,4593138333333333
23.09.2025 12:45;0,45908775
23.09.2025 13:00;0,45886166666666667
23.09.2025 13:15;0,42839025
23.09.2025 13:30;0,39791883333333333
23.09.2025 13:45;0,3674474166666667
23.09.2025 14:00;0,336976
23.09.2025 14:15;0,30568325
23.09.2025 14:30;0,2743905
23.09.2025 14:45;0,24309775
23.09.2025 15:00;0,211805
23.09.2025 15:15;0,1827425
23.09.2025 15:30;0,15367999999999998
23.09.2025 15:45;0,12461749999999999
23.09.2025 16:00;0,095555
23.09.2025 16:15;0,07173675
23.09.2025 16:30;0,0479185
23.09.2025 16:45;0,024100250000000004
23.09.2025 17:00;0,000282
23.09.2025 17:15;0,00021150000000000002
23.09.2025 17:30;0,000141
23.09.2025 17:45;7,05e-05
23.09.2025 18:00;0,0
23.09.2025 18:15;0,0
23.09.2025 18:30;0,0
23.09.2025 18:45;0,0
23.09.2025 19:00;0,0
23.09.2025 19:15;0,0
23.09.2025 19:30;0,0
23.09.2025 19:45;0,0
23.09.2025 20:00;0,0
23.09.2025 20:15;0,0
23.09.2025 20:30;0,0
23.09.2025 20:45;0,0
23.09.2025 21:00;0,0
23.09.2025 21:15;0,0
23.09.2025 21:30;0,0
23.09.2025 21:45;0,0
23.09.2025 22:00;0,0
23.09.2025 22:15;0,0
23.09.2025 22:30;0,0
23.09.2025 22:45;0,0
23.09.2025 23:00;0,0
23.09.2025 23:15;0,0
23.09.2025 23:30;0,0
23.09.2025 23:45;0,0
24.09.2025 00:00;0,0
24.09.2025 00:15;0,0
24.09.2025 00:30;0,0
24.09.2025 00:45;0,0
24.09.2025 01:00;0,0
24.09.2025 01:15;0,0
24.09.2025 01:30;0,0
24.09.2025 01:45;0,0
24.09.2025 02:00;0,0
24.09.2025 02:15;0,0
24.09.2025 02:30;0,0
24.09.2025 02:45;0,0
24.09.2025 03:00;0,0
24.09.2025 03:15;0,0
24.09.2025 03:30;0,0
24.09.2025 03:45;0,0
24.09.2025 04:00;0,0
24.09.2025 04:15;0,0
24.09.2025 04:30;0,0
24.09.2025 04:45;0,0
24.09.2025 05:00;0,0
24.09.2025 05:15;0,009875166666666666
24.09.2025 05:30;0,01975033333333333
24.09.2025 05:45;0,029625499999999996
24.09.2025 06:00;0,03950066666666666
24.09.2025 06:15;0,06908108333333333
24.09.2025 06:30;0,09866150000000001
24.09.2025 06:45;0,12824191666666668
24.09.2025 07:00;0,15782233333333334
24.09.2025 07:15;0,18764266666666668
24.09.2025 07:30;0,21746300000000002
24.09.2025 07:45;0,24728333333333335
24.09.2025 08:00;0,2771036666666667
24.09.2025 08:15;0,29030675
24.09.2025 08:30;0,30350983333333337
24.09.2025 08:45;0,3167129166666667
24.09.2025 09:00;0,329916
24.09.2025 09:15;0,35173825
24.09.2025 09:30;0,37356049999999996
24.09.2025 09:45;0,39538275
24.09.2025 10:00;0,417205
24.09.2025 10:15;0,42579025
24.09.2025 10:30;0,43437549999999997
24.09.2025 10:45;0,44296074999999996
24.09.2025 11:00;0,45154599999999995
24.09.2025 11:15;0,4551250833333333
24.09.2025 11:30;0,45870416666666664
24.09.2025 11:45;0,46228325
24.09.2025 12:00;0,4658623333333333
24.09.2025 12:15;0,45471541666666665
24.09.2025 12:30;0,4435685
24.09.2025 12:45;0,4324215833333333
24.09.2025 13:00;0,42127466666666663
24.09.2025 13:15;0,39933291666666665
24.09.2025 13:30;0,3773911666666666
24.09.2025 13:45;0,35544941666666663
24.09.2025 14:00;0,33350766666666665
24.09.2025 14:15;0,3077344166666667
24.09.2025 14:30;0,28196116666666665
24.09.2025 14:45;0,2561879166666667
24.09.2025 15:00;0,23041466666666668
24.09.2025 15:15;0,19558691666666667
24.09.2025 15:30;0,16075916666666668
24.09.2025 15:45;0,12593141666666668
24.09.2025 16:00;0,09110366666666667
24.09.2025 16:15;0,06834416666666666
24.09.2025 16:30;0,04558466666666667
24.09.2025 16:45;0,022825166666666674
24.09.2025 17:00;6,566666666666666e-05
24.09.2025 17:15;4,924999999999999e-05
24.09.2025 17:30;3,283333333333333e-05
24.09.2025 17:45;1,641666666666666e-05
24.09.2025 18:00;0,0
24.09.2025 18:15;0,0
24.09.2025 18:30;0,0
24.09.2025 18:45;0,0
24.09.2025 19:00;0,0
24.09.2025 19:15;0,0
24.09.2025 19:30;0,0
24.09.2025 19:45;0,0
24.09.2025 20:00;0,0
24.09.2025 20:15;0,0
24.09.2025 20:30;0,0
24.09.2025 20:45;0,0
24.09.2025 21:00;0,0
24.09.2025 21:15;0,0
24.09.2025 21:30;0,0
24.09.2025 21:45;0,0
24.09.2025 22:00;0,0
24.09.2025 22:15;0,0
24.09.2025 22:30;0,0
24.09.2025 22:45;0,0
24.09.2025 23:00;0,0
24.09.2025 23:15;0,0
24.09.2025 23:30;0,0
24.09.2025 23:45;0,0
25.09.2025 00:00;0,0
25.09.2025 00:15;0,0
25.09.2025 00:30;0,0
25.09.2025 00:45;0,0
25.09.2025 01:00;0,0
25.09.2025 01:15;0,0
25.09.2025 01:30;0,0
25.09.2025 01:45;0,0
25.09.2025 02:00;0,0
25.09.2025 02:15;0,0
25.09.2025 02:30;0,0
25.09.2025 02:45;0,0
25.09.2025 03:00;0,0
25.09.2025 03:15;0,0
25.09.2025 03:30;0,0
25.09.2025 03:45;0,0
25.09.2025 04:00;0,0
25.09.2025 04:15;0,0
25.09.2025 04:30;0,0
25.09.2025 04:45;0,0
25.09.2025 05:00;0,0
25.09.2025 05:15;0,014306333333333334
25.09.2025 05:30;0,028612666666666668
25.09.2025 05:45;0,042919
25.09.2025 06:00;0,057225333333333336
25.09.2025 06:15;0,09195141666666667
25.09.2025 06:30;0,1266775
25.09.2025 06:45;0,16140358333333335
25.09.2025 07:00;0,19612966666666667
25.09.2025 07:15;0,23381883333333334
25.09.2025 07:30;0,27150799999999997
25.09.2025 07:45;0,30919716666666663
25.09.2025 08:00;0,3468863333333333
25.09.2025 08:15;0,3661993333333333
25.09.2025 08:30;0,38551233333333335
25.09.2025 08:45;0,4048253333333333
25.09.2025 09:00;0,42413833333333334
25.09.2025 09:15;0,44532758333333333
25.09.2025 09:30;0,4665168333333334
25.09.2025 09:45;0,4877060833333334
25.09.2025 10:00;0,5088953333333334
25.09.2025 10:15;0,5099206666666667
25.09.2025 10:30;0,510946
25.09.2025 10:45;0,5119713333333333
25.09.2025 11:00;0,5129966666666667
25.09.2025 11:15;0,5091263333333333
25.09.2025 11:30;0,5052559999999999
25.09.2025 11:45;0,5013856666666666
25.09.2025 12:00;0,4975153333333333
25.09.2025 12:15;0,48692874999999997
25.09.2025 12:30;0,4763421666666666
25.09.2025 12:45;0,46575558333333333
25.09.2025 13:00;0,455169
25.09.2025 13:15;0,4340895
25.09.2025 13:30;0,41301
25.09.2025 13:45;0,39193049999999996
25.09.2025 14:00;0,370851
25.09.2025 14:15;0,3398009166666667
25.09.2025 14:30;0,3087508333333333
25.09.2025 14:45;0,27770075
25.09.2025 15:00;0,24665066666666666
25.09.2025 15:15;0,21036958333333333
25.09.2025 15:30;0,1740885
25.09.2025 15:45;0,13780741666666668
25.09.2025 16:00;0,10152633333333334
25.09.2025 16:15;0,07614475000000001
25.09.2025 16:30;0,05076316666666667
25.09.2025 16:45;0,025381583333333332
25.09.2025 17:00;0,0
25.09.2025 17:15;0,0
25.09.2025 17:30;0,0
25.09.2025 17:45;0,0
25.09.2025 18:00;0,0
25.09.2025 18:15;0,0
25.09.2025 18:30;0,0
25.09.2025 18:45;0,0
25.09.2025 19:00;0,0
25.09.2025 19:15;0,0
25.09.2025 19:30;0,0
25.09.2025 19:45;0,0
25.09.2025 20:00;0,0
25.09.2025 20:15;0,0
25.09.2025 20:30;0,0
25.09.2025 20:45;0,0
25.09.2025 21:00;0,0
25.09.2025 21:15;0,0
25.09.2025 21:30;0,0
25.09.2025 21:45;0,0
25.09.2025 22:00;0,0
25.09.2025 22:15;0,0
25.09.2025 22:30;0,0
25.09.2025 22:45;0,0
25.09.2025 23:00;0,0
25.09.2025 23:15;0,0
25.09.2025 23:30;0,0
25.09.2025 23:45;0,0
26.09.2025 00:00;0,0
26.09.2025 00:15;0,0
26.09.2025 00:30;0,0
26.09.2025 00:45;0,0
26.09.2025 01:00;0,0
26.09.2025 01:15;0,0
26.09.2025 01:30;0,0
26.09.2025 01:45;0,0
26.09.2025 02:00;0,0
26.09.2025 02:15;0,0
26.09.2025 02:30;0,0
26.09.2025 02:45;0,0
26.09.2025 03:00;0,0
26.09.2025 03:15;0,0
26.09.2025 03:30;0,0
26.09.2025 03:45;0,0
26.09.2025 04:00;0,0
26.09.2025 04:15;0,0
26.09.2025 04:30;0,0
26.09.2025 04:45;0,0
26.09.2025 05:00;0,0
26.09.2025 05:15;0,011179749999999999
26.09.2025 05:30;0,022359499999999997
26.09.2025 05:45;0,03353925
26.09.2025 06:00;0,044718999999999995
26.09.2025 06:15;0,07188725
26.09.2025 06:30;0,0990555
26.09.2025 06:45;0,12622375000000002
26.09.2025 07:00;0,153392
26.09.2025 07:15;0,17489358333333332
26.09.2025 07:30;0,19639516666666668
26.09.2025 07:45;0,21789674999999997
26.09.2025 08:00;0,23939833333333332
26.09.2025 08:15;0,25837774999999996
26.09.2025 08:30;0,27735716666666665
26.09.2025 08:45;0,29633658333333335
26.09.2025 09:00;0,315316
26.09.2025 09:15;0,3254761666666667
26.09.2025 09:30;0,3356363333333333
26.09.2025 09:45;0,34579649999999995
26.09.2025 10:00;0,35595666666666664
26.09.2025 10:15;0,36295891666666663
26.09.2025 10:30;0,3699611666666667
26.09.2025 10:45;0,37696341666666666
26.09.2025 11:00;0,38396566666666665
26.09.2025 11:15;0,3631983333333333
26.09.2025 11:30;0,342431
26.09.2025 11:45;0,3216636666666667
26.09.2025 12:00;0,3008963333333333
26.09.2025 12:15;0,29556883333333334
26.09.2025 12:30;0,29024133333333335
26.09.2025 12:45;0,2849138333333333
26.09.2025 13:00;0,2795863333333333
26.09.2025 13:15;0,26278083333333335
26.09.2025 13:30;0,24597533333333332
26.09.2025 13:45;0,22916983333333335
26.09.2025 14:00;0,21236433333333335
26.09.2025 14:15;0,2028886666666667
26.09.2025 14:30;0,193413
26.09.2025 14:45;0,18393733333333334
26.09.2025 15:00;0,17446166666666668
26.09.2025 15:15;0,14957333333333334
26.09.2025 15:30;0,12468500000000002
26.09.2025 15:45;0,09979666666666667
26.09.2025 16:00;0,07490833333333334
26.09.2025 16:15;0,05618125
26.09.2025 16:30;0,03745416666666667
26.09.2025 16:45;0,01872708333333333
26.09.2025 17:00;0,0
26.09.2025 17:15;0,0
26.09.2025 17:30;0,0
26.09.2025 17:45;0,0
26.09.2025 18:00;0,0
26.09.2025 18:15;0,0
26.09.2025 18:30;0,0
26.09.2025 18:45;0,0
26.09.2025 19:00;0,0
26.09.2025 19:15;0,0
26.09.2025 19:30;0,0
26.09.2025 19:45;0,0
26.09.2025 20:00;0,0
26.09.2025 20:15;0,0
26.09.2025 20:30;0,0
26.09.2025 20:45;0,0
26.09.2025 21:00;0,0
26.09.2025 21:15;0,0
26.09.2025 21:30;0,0
26.09.2025 21:45;0,0
26.09.2025 22:00;0,0
26.09.2025 22:15;0,0
26.09.2025 22:30;0,0
26.09.2025 22:45;0,0
26.09.2025 23:00;0,0
26.09.2025 23:15;0,0
26.09.2025 23:30;0,0
26.09.2025 23:45;0,0
27.09.2025 00:00;0,0
27.09.2025 00:15;0,0
27.09.2025 00:30;0,0
27.09.2025 00:45;0,0
27.09.2025 01:00;0,0
27.09.2025 01:15;0,0
27.09.2025 01:30;0,0
27.09.2025 01:45;0,0
27.09.2025 02:00;0,0
27.09.2025 02:15;0,0
27.09.2025 02:30;0,0
27.09.2025 02:45;0,0
27.09.2025 03:00;0,0
27.09.2025 03:15;0,0
27.09.2025 03:30;0,0
27.09.2025 03:45;0,0
27.09.2025 04:00;0,0
27.09.2025 04:15;0,0
27.09.2025 04:30;0,0
27.09.2025 04:45;0,0
27.09.2025 05:00;0,0
27.09.2025 05:15;0,009075
27.09.2025 05:30;0,01815
27.09.2025 05:45;0,027225
27.09.2025 06:00;0,0363
27.09.2025 06:15;0,06280166666666667
27.09.2025 06:30;0,08930333333333333
27.09.2025 06:45;0,11580499999999999
27.09.2025 07:00;0,14230666666666666
27.09.2025 07:15;0,1759705
27.09.2025 07:30;0,2096343333333333
27.09.2025 07:45;0,24329816666666665
27.09.2025 08:00;0,276962
27.09.2025 08:15;0,30381674999999997
27.09.2025 08:30;0,3306715
27.09.2025 08:45;0,35752625000000005
27.09.2025 09:00;0,38438100000000003
27.09.2025 09:15;0,40256875000000003
27.09.2025 09:30;0,4207565
27.09.2025 09:45;0,43894425
27.09.2025 10:00;0,457132
27.09.2025 10:15;0,47037033333333333
27.09.2025 10:30;0,48360866666666663
27.09.2025 10:45;0,496847
27.09.2025 11:00;0,5100853333333333
27.09.2025 11:15;0,50694
27.09.2025 11:30;0,5037946666666666
27.09.2025 11:45;0,5006493333333333
27.09.2025 12:00;0,497504
27.09.2025 12:15;0,497295
27.09.2025 12:30;0,49708600000000003
27.09.2025 12:45;0,496877
27.09.2025 13:00;0,496668
27.09.2025 13:15;0,47329441666666666
27.09.2025 13:30;0,4499208333333333
27.09.2025 13:45;0,42654725
27.09.2025 14:00;0,40317366666666665
27.09.2025 14:15;0,366766
27.09.2025 14:30;0,3303583333333333
27.09.2025 14:45;0,29395066666666664
27.09.2025 15:00;0,25754299999999997
27.09.2025 15:15;0,2198488333333333
27.09.2025 15:30;0,18215466666666663
27.09.2025 15:45;0,1444605
27.09.2025 16:00;0,10676633333333332
27.09.2025 16:15;0,08007475
27.09.2025 16:30;0,05338316666666667
27.09.2025 16:45;0,026691583333333338
27.09.2025 17:00;0,0
27.09.2025 17:15;0,0
27.09.2025 17:30;0,0
27.09.2025 17:45;0,0
27.09.2025 18:00;0,0
27.09.2025 18:15;0,0
27.09.2025 18:30;0,0
27.09.2025 18:45;0,0
27.09.2025 19:00;0,0
27.09.2025 19:15;0,0
27.09.2025 19:30;0,0
27.09.2025 19:45;0,0
27.09.2025 20:00;0,0
27.09.2025 20:15;0,0
27.09.2025 20:30;0,0
27.09.2025 20:45;0,0
27.09.2025 21:00;0,0
27.09.2025 21:15;0,0
27.09.2025 21:30;0,0
27.09.2025 21:45;0,0
27.09.2025 22:00;0,0
27.09.2025 22:15;0,0
27.09.2025 22:30;0,0
27.09.2025 22:45;0,0
27.09.2025 23:00;0,0
27.09.2025 23:15;0,0
27.09.2025 23:30;0,0
27.09.2025 23:45;0,0
28.09.2025 00:00;0,0
28.09.2025 00:15;0,0
28.09.2025 00:30;0,0
28.09.2025 00:45;0,0
28.09.2025 01:00;0,0
28.09.2025 01:15;0,0
28.09.2025 01:30;0,0
28.09.2025 01:45;0,0
28.09.2025 02:00;0,0
28.09.2025 02:15;0,0
28.09.2025 02:30;0,0
28.09.2025 02:45;0,0
28.09.2025 03:00;0,0
28.09.2025 03:15;0,0
28.09.2025 03:30;0,0
28.09.2025 03:45;0,0
28.09.2025 04:00;0,0
28.09.2025 04:15;0,0
28.09.2025 04:30;0,0
28.09.2025 04:45;0,0
28.09.2025 05:00;0,0
28.09.2025 05:15;0,011453166666666665
28.09.2025 05:30;0,02290633333333333
28.09.2025 05:45;0,0343595
28.09.2025 06:00;0,04581266666666666
28.09.2025 06:15;0,08448466666666665
28.09.2025 06:30;0,12315666666666666
28.09.2025 06:45;0,16182866666666665
28.09.2025 07:00;0,20050066666666666
28.09.2025 07:15;0,24228158333333333
28.09.2025 07:30;0,2840625
28.09.2025 07:45;0,32584341666666666
28.09.2025 08:00;0,36762433333333333
28.09.2025 08:15;0,3970843333333333
28.09.2025 08:30;0,4265443333333333
28.09.2025 08:45;0,45600433333333334
28.09.2025 09:00;0,48546433333333333
28.09.2025 09:15;0,5003635833333333
28.09.2025 09:30;0,5152628333333333
28.09.2025 09:45;0,5301620833333333
28.09.2025 10:00;0,5450613333333333
28.09.2025 10:15;0,54627975
28.09.2025 10:30;0,5474981666666666
28.09.2025 10:45;0,5487165833333333
28.09.2025 11:00;0,549935
28.09.2025 11:15;0,5453775
28.09.2025 11:30;0,54082
28.09.2025 11:45;0,5362625
28.09.2025 12:00;0,531705
28.09.2025 12:15;0,5196295
28.09.2025 12:30;0,507554
28.09.2025 12:45;0,4954785
28.09.2025 13:00;0,48340299999999997
28.09.2025 13:15;0,4474290833333333
28.09.2025 13:30;0,41145516666666665
28.09.2025 13:45;0,37548125
28.09.2025 14:00;0,3395073333333333
28.09.2025 14:15;0,31429291666666664
28.09.2025 14:30;0,2890785
28.09.2025 14:45;0,26386408333333333
28.09.2025 15:00;0,23864966666666668
28.09.2025 15:15;0,19585433333333335
28.09.2025 15:30;0,153059
28.09.2025 15:45;0,11026366666666665
28.09.2025 16:00;0,06746833333333332
28.09.2025 16:15;0,05060124999999999
28.09.2025 16:30;0,03373416666666666
28.09.2025 16:45;0,016867083333333324
28.09.2025 17:00;0,0
28.09.2025 17:15;0,0
28.09.2025 17:30;0,0
28.09.2025 17:45;0,0
28.09.2025 18:00;0,0
28.09.2025 18:15;0,0
28.09.2025 18:30;0,0
28.09.2025 18:45;0,0
28.09.2025 19:00;0,0
28.09.2025 19:15;0,0
28.09.2025 19:30;0,0
28.09.2025 19:45;0,0
28.09.2025 20:00;0,0
28.09.2025 20:15;0,0
28.09.2025 20:30;0,0
28.09.2025 20:45;0,0
28.09.2025 21:00;0,0
28.09.2025 21:15;0,0
28.09.2025 21:30;0,0
28.09.2025 21:45;0,0
28.09.2025 22:00;0,0
28.09.2025 22:15;0,0
28.09.2025 22:30;0,0
28.09.2025 22:45;0,0
28.09.2025 23:00;0,0
28.09.2025 23:15;0,0
28.09.2025 23:30;0,0
28.09.2025 23:45;0,0
29.09.2025 00:00;0,0
29.09.2025 00:15;0,0
29.09.2025 00:30;0,0
29.09.2025 00:45;0,0
29.09.2025 01:00;0,0
29.09.2025 01:15;0,0
29.09.2025 01:30;0,0
29.09.2025 01:45;0,0
29.09.2025 02:00;0,0
29.09.2025 02:15;0,0
29.09.2025 02:30;0,0
29.09.2025 02:45;0,0
29.09.2025 03:00;0,0
29.09.2025 03:15;0,0
29.09.2025 03:30;0,0
29.09.2025 03:45;0,0
29.09.2025 04:00;0,0
29.09.2025 04:15;0,0
29.09.2025 04:30;0,0
29.09.2025 04:45;0,0
29.09.2025 05:00;0,0
29.09.2025 05:15;0,009742
29.09.2025 05:30;0,019484
29.09.2025 05:45;0,029226000000000002
29.09.2025 06:00;0,038968
29.09.2025 06:15;0,0704835
29.09.2025 06:30;0,10199899999999999
29.09.2025 06:45;0,13351449999999998
29.09.2025 07:00;0,16502999999999998
29.09.2025 07:15;0,19171291666666665
29.09.2025 07:30;0,21839583333333334
29.09.2025 07:45;0,24507875
29.09.2025 08:00;0,2717616666666667
29.09.2025 08:15;0,29526125000000003
29.09.2025 08:30;0,3187608333333333
29.09.2025 08:45;0,3422604166666666
29.09.2025 09:00;0,36576
29.09.2025 09:15;0,38468416666666666
29.09.2025 09:30;0,40360833333333335
29.09.2025 09:45;0,4225325
29.09.2025 10:00;0,44145666666666666
29.09.2025 10:15;0,4504128333333333
29.09.2025 10:30;0,459369
29.09.2025 10:45;0,4683251666666667
29.09.2025 11:00;0,47728133333333334
29.09.2025 11:15;0,47351041666666666
29.09.2025 11:30;0,4697395
29.09.2025 11:45;0,46596858333333335
29.09.2025 12:00;0,4621976666666667
29.09.2025 12:15;0,45700358333333335
29.09.2025 12:30;0,4518095
29.09.2025 12:45;0,44661541666666665
29.09.2025 13:00;0,44142133333333333
29.09.2025 13:15;0,41637633333333335
29.09.2025 13:30;0,39133133333333336
29.09.2025 13:45;0,3662863333333333
29.09.2025 14:00;0,34124133333333334
29.09.2025 14:15;0,3133849166666667
29.09.2025 14:30;0,2855285
29.09.2025 14:45;0,25767208333333336
29.09.2025 15:00;0,22981566666666667
29.09.2025 15:15;0,19458675
29.09.2025 15:30;0,15935783333333334
29.09.2025 15:45;0,12412891666666667
29.09.2025 16:00;0,08889999999999999
29.09.2025 16:15;0,066675
29.09.2025 16:30;0,044449999999999996
29.09.2025 16:45;0,02222500000000001
29.09.2025 17:00;0,0
29.09.2025 17:15;0,0
29.09.2025 17:30;0,0
29.09.2025 17:45;0,0
29.09.2025 18:00;0,0
29.09.2025 18:15;0,0
29.09.2025 18:30;0,0
29.09.2025 18:45;0,0
29.09.2025 19:00;0,0
29.09.2025 19:15;0,0
29.09.2025 19:30;0,0
29.09.2025 19:45;0,0
29.09.2025 20:00;0,0
29.09.2025 20:15;0,0
29.09.2025 20:30;0,0
29.09.2025 20:45;0,0
29.09.2025 21:00;0,0
29.09.2025 21:15;0,0
29.09.2025 21:30;0,0
29.09.2025 21:45;0,0
29.09.2025 22:00;0,0
29.09.2025 22:15;0,0
29.09.2025 22:30;0,0
29.09.2025 22:45;0,0
29.09.2025 23:00;0,0
29.09.2025 23:15;0,0
29.09.2025 23:30;0,0
29.09.2025 23:45;0,0
30.09.2025 00:00;0,0
30.09.2025 00:15;0,0
30.09.2025 00:30;0,0
30.09.2025 00:45;0,0
30.09.2025 01:00;0,0
30.09.2025 01:15;0,0
30.09.2025 01:30;0,0
30.09.2025 01:45;0,0
30.09.2025 02:00;0,0
30.09.2025 02:15;0,0
30.09.2025 02:30;0,0
30.09.2025 02:45;0,0
30.09.2025 03:00;0,0
30.09.2025 03:15;0,0
30.09.2025 03:30;0,0
30.09.2025 03:45;0,0
30.09.2025 04:00;0,0
30.09.2025 04:15;0,0
30.09.2025 04:30;0,0
30.09.2025 04:45;0,0
30.09.2025 05:00;0,0
30.09.2025 05:15;0,010257666666666667
30.09.2025 05:30;0,020515333333333333
30.09.2025 05:45;0,030773
30.09.2025 06:00;0,04103066666666667
30.09.2025 06:15;0,078393
30.09.2025 06:30;0,11575533333333335
30.09.2025 06:45;0,15311766666666668
30.09.2025 07:00;0,19048
30.09.2025 07:15;0,22161250000000002
30.09.2025 07:30;0,252745
30.09.2025 07:45;0,2838775
30.09.2025 08:00;0,31501
30.09.2025 08:15;0,3328959166666667
30.09.2025 08:30;0,35078183333333335
30.09.2025 08:45;0,36866775
30.09.2025 09:00;0,3865536666666667
30.09.2025 09:15;0,40306625
30.09.2025 09:30;0,41957883333333335
30.09.2025 09:45;0,4360914166666667
30.09.2025 10:00;0,452604
30.09.2025 10:15;0,45918575
30.09.2025 10:30;0,4657675
30.09.2025 10:45;0,47234925
30.09.2025 11:00;0,478931
30.09.2025 11:15;0,47259016666666664
30.09.2025 11:30;0,4662493333333333
30.09.2025 11:45;0,4599085
30.09.2025 12:00;0,45356766666666665
30.09.2025 12:15;0,453258
30.09.2025 12:30;0,4529483333333333
30.09.2025 12:45;0,45263866666666663
30.09.2025 13:00;0,452329
30.09.2025 13:15;0,42447008333333336
30.09.2025 13:30;0,3966111666666667
30.09.2025 13:45;0,36875225
30.09.2025 14:00;0,3408933333333334
30.09.2025 14:15;0,31017725
30.09.2025 14:30;0,2794611666666667
30.09.2025 14:45;0,24874508333333334
30.09.2025 15:00;0,218029
30.09.2025 15:15;0,18159833333333333
30.09.2025 15:30;0,14516766666666667
30.09.2025 15:45;0,108737
30.09.2025 16:00;0,07230633333333333
30.09.2025 16:15;0,05422975
30.09.2025 16:30;0,03615316666666667
30.09.2025 16:45;0,018076583333333333
30.09.2025 17:00;0,0
30.09.2025 17:15;0,0
30.09.2025 17:30;0,0
30.09.2025 17:45;0,0
30.09.2025 18:00;0,0
30.09.2025 18:15;0,0
30.09.2025 18:30;0,0
30.09.2025 18:45;0,0
30.09.2025 19:00;0,0
30.09.2025 19:15;0,0
30.09.2025 19:30;0,0
30.09.2025 19:45;0,0
30.09.2025 20:00;0,0
30.09.2025 20:15;0,0
30.09.2025 20:30;0,0
30.09.2025 20:45;0,0
30.09.2025 21:00;0,0
30.09.2025 21:15;0,0
30.09.2025 21:30;0,0
30.09.2025 21:45;0,0
30.09.2025 22:00;0,0
30.09.2025 22:15;0,0
30.09.2025 22:30;0,0
30.09.2025 22:45;0,0
30.09.2025 23:00;0,0
30.09.2025 23:15;0,0
30.09.2025 23:30;0,0
30.09.2025 23:45;0,0
01.10.2025 00:00;0,0
01.10.2025 00:15;0,0
01.10.2025 00:30;0,0
01.10.2025 00:45;0,0
01.10.2025 01:00;0,0
01.10.2025 01:15;0,0
01.10.2025 01:30;0,0
01.10.2025 01:45;0,0
01.10.2025 02:00;0,0
01.10.2025 02:15;0,0
01.10.2025 02:30;0,0
01.10.2025 02:45;0,0
01.10.2025 03:00;0,0
01.10.2025 03:15;0,0
01.10.2025 03:30;0,0
01.10.2025 03:45;0,0
01.10.2025 04:00;0,0
01.10.2025 04:15;0,0
01.10.2025 04:30;0,0
01.10.2025 04:45;0,0
01.10.2025 05:00;0,0
01.10.2025 05:15;0,010062833333333333
01.10.2025 05:30;0,020125666666666667
01.10.2025 05:45;0,0301885
01.10.2025 06:00;0,04025133333333333
01.10.2025 06:15;0,067658
01.10.2025 06:30;0,09506466666666667
01.10.2025 06:45;0,12247133333333333
01.10.2025 07:00;0,149878
01.10.2025 07:15;0,1751916666666667
01.10.2025 07:30;0,20050533333333334
01.10.2025 07:45;0,225819
01.10.2025 08:00;0,25113266666666667
01.10.2025 08:15;0,27258075
01.10.2025 08:30;0,2940288333333333
01.10.2025 08:45;0,31547691666666666
01.10.2025 09:00;0,336925
01.10.2025 09:15;0,3474258333333333
01.10.2025 09:30;0,3579266666666666
01.10.2025 09:45;0,36842749999999996
01.10.2025 10:00;0,3789283333333333
01.10.2025 10:15;0,38052991666666663
01.10.2025 10:30;0,38213149999999996
01.10.2025 10:45;0,38373308333333334
01.10.2025 11:00;0,38533466666666666
01.10.2025 11:15;0,37892675
01.10.2025 11:30;0,37251883333333335
01.10.2025 11:45;0,3661109166666667
01.10.2025 12:00;0,359703
01.10.2025 12:15;0,338438
01.10.2025 12:30;0,31717300000000004
01.10.2025 12:45;0,295908
01.10.2025 13:00;0,274643
01.10.2025 13:15;0,24967758333333334
01.10.2025 13:30;0,22471216666666666
01.10.2025 13:45;0,19974674999999997
01.10.2025 14:00;0,17478133333333332
01.10.2025 14:15;0,15879541666666666
01.10.2025 14:30;0,14280949999999998
01.10.2025 14:45;0,12682358333333332
01.10.2025 15:00;0,11083766666666667
01.10.2025 15:15;0,09650333333333333
01.10.2025 15:30;0,082169
01.10.2025 15:45;0,06783466666666667
01.10.2025 16:00;0,05350033333333334
01.10.2025 16:15;0,04012525
01.10.2025 16:30;0,02675016666666667
01.10.2025 16:45;0,013375083333333329
01.10.2025 17:00;0,0
01.10.2025 17:15;0,0
01.10.2025 17:30;0,0
01.10.2025 17:45;0,0
01.10.2025 18:00;0,0
01.10.2025 18:15;0,0
01.10.2025 18:30;0,0
01.10.2025 18:45;0,0
01.10.2025 19:00;0,0
01.10.2025 19:15;0,0
01.10.2025 19:30;0,0
01.10.2025 19:45;0,0
01.10.2025 20:00;0,0
01.10.2025 20:15;0,0
01.10.2025 20:30;0,0
01.10.2025 20:45;0,0
01.10.2025 21:00;0,0
01.10.2025 21:15;0,0
01.10.2025 21:30;0,0
01.10.2025 21:45;0,0
01.10.2025 22:00;0,0
01.10.2025 22:15;0,0
01.10.2025 22:30;0,0
01.10.2025 22:45;0,0
01.10.2025 23:00;0,0
01.10.2025 23:15;0,0
01.10.2025 23:30;0,0
01.10.2025 23:45;0,0
02.10.2025 00:00;0,0
02.10.2025 00:15;0,0
02.10.2025 00:30;0,0
02.10.2025 00:45;0,0
02.10.2025 01:00;0,0
02.10.2025 01:15;0,0
02.10.2025 01:30;0,0
02.10.2025 01:45;0,0
02.10.2025 02:00;0,0
02.10.2025 02:15;0,0
02.10.2025 02:30;0,0
02.10.2025 02:45;0,0
02.10.2025 03:00;0,0
02.10.2025 03:15;0,0
02.10.2025 03:30;0,0
02.10.2025 03:45;0,0
02.10.2025 04:00;0,0
02.10.2025 04:15;0,0
02.10.2025 04:30;0,0
02.10.2025 04:45;0,0
02.10.2025 05:00;0,0
02.10.2025 05:15;0,008471666666666666
02.10.2025 05:30;0,01694333333333333
02.10.2025 05:45;0,025414999999999997
02.10.2025 06:00;0,03388666666666666
02.10.2025 06:15;0,05871849999999999
02.10.2025 06:30;0,08355033333333334
02.10.2025 06:45;0,10838216666666667
02.10.2025 07:00;0,133214
02.10.2025 07:15;0,148565
02.10.2025 07:30;0,163916
02.10.2025 07:45;0,179267
02.10.2025 08:00;0,194618
02.10.2025 08:15;0,20835816666666668
02.10.2025 08:30;0,22209833333333334
02.10.2025 08:45;0,2358385
02.10.2025 09:00;0,24957866666666667
02.10.2025 09:15;0,2634573333333333
02.10.2025 09:30;0,277336
02.10.2025 09:45;0,29121466666666673
02.10.2025 10:00;0,3050933333333334
02.10.2025 10:15;0,2930559166666667
02.10.2025 10:30;0,28101850000000006
02.10.2025 10:45;0,26898108333333337
02.10.2025 11:00;0,2569436666666667
02.10.2025 11:15;0,24380575000000002
02.10.2025 11:30;0,23066783333333332
02.10.2025 11:45;0,21752991666666666
02.10.2025 12:00;0,204392
02.10.2025 12:15;0,19725416666666667
02.10.2025 12:30;0,19011633333333333
02.10.2025 12:45;0,1829785
02.10.2025 13:00;0,17584066666666667
02.10.2025 13:15;0,16577208333333332
02.10.2025 13:30;0,1557035
02.10.2025 13:45;0,14563491666666667
02.10.2025 14:00;0,13556633333333332
02.10.2025 14:15;0,12797141666666664
02.10.2025 14:30;0,1203765
02.10.2025 14:45;0,11278158333333332
02.10.2025 15:00;0,10518666666666666
02.10.2025 15:15;0,08739041666666666
02.10.2025 15:30;0,06959416666666667
02.10.2025 15:45;0,051797916666666666
02.10.2025 16:00;0,034001666666666666
02.10.2025 16:15;0,02550125
02.10.2025 16:30;0,017000833333333333
02.10.2025 16:45;0,00850041666666667
02.10.2025 17:00;0,0
02.10.2025 17:15;0,0
02.10.2025 17:30;0,0
02.10.2025 17:45;0,0
02.10.2025 18:00;0,0
02.10.2025 18:15;0,0
02.10.2025 18:30;0,0
02.10.2025 18:45;0,0
02.10.2025 19:00;0,0
02.10.2025 19:15;0,0
02.10.2025 19:30;0,0
02.10.2025 19:45;0,0
02.10.2025 20:00;0,0
02.10.2025 20:15;0,0
02.10.2025 20:30;0,0
02.10.2025 20:45;0,0
02.10.2025 21:00;0,0
02.10.2025 21:15;0,0
02.10.2025 21:30;0,0
02.10.2025 21:45;0,0
02.10.2025 22:00;0,0
02.10.2025 22:15;0,0
02.10.2025 22:30;0,0
02.10.2025 22:45;0,0
02.10.2025 23:00;0,0
02.10.2025 23:15;0,0
02.10.2025 23:30;0,0
02.10.2025 23:45;0,0
03.10.2025 00:00;0,0
03.10.2025 00:15;0,0
03.10.2025 00:30;0,0
03.10.2025 00:45;0,0
03.10.2025 01:00;0,0
03.10.2025 01:15;0,0
03.10.2025 01:30;0,0
03.10.2025 01:45;0,0
03.10.2025 02:00;0,0
03.10.2025 02:15;0,0
03.10.2025 02:30;0,0
03.10.2025 02:45;0,0
03.10.2025 03:00;0,0
03.10.2025 03:15;0,0
03.10.2025 03:30;0,0
03.10.2025 03:45;0,0
03.10.2025 04:00;0,0
03.10.2025 04:15;0,0
03.10.2025 04:30;0,0
03.10.2025 04:45;0,0
03.10.2025 05:00;0,0
03.10.2025 05:15;0,010355916666666666
03.10.2025 05:30;0,020711833333333332
03.10.2025 05:45;0,031067749999999998
03.10.2025 06:00;0,041423666666666664
03.10.2025 06:15;0,069496
03.10.2025 06:30;0,09756833333333334
03.10.2025 06:45;0,12564066666666668
03.10.2025 07:00;0,15371300000000002
03.10.2025 07:15;0,17869733333333335
03.10.2025 07:30;0,2036816666666667
03.10.2025 07:45;0,22866600000000004
03.10.2025 08:00;0,25365033333333337
03.10.2025 08:15;0,271227
03.10.2025 08:30;0,2888036666666667
03.10.2025 08:45;0,30638033333333337
03.10.2025 09:00;0,323957
03.10.2025 09:15;0,350187
03.10.2025 09:30;0,376417
03.10.2025 09:45;0,402647
03.10.2025 10:00;0,428877
03.10.2025 10:15;0,44422391666666666
03.10.2025 10:30;0,4595708333333334
03.10.2025 10:45;0,47491775
03.10.2025 11:00;0,4902646666666667
03.10.2025 11:15;0,5138784166666667
03.10.2025 11:30;0,5374921666666667
03.10.2025 11:45;0,5611059166666666
03.10.2025 12:00;0,5847196666666666
03.10.2025 12:15;0,5707284166666666
03.10.2025 12:30;0,5567371666666667
03.10.2025 12:45;0,5427459166666667
03.10.2025 13:00;0,5287546666666667
03.10.2025 13:15;0,5043285000000001
03.10.2025 13:30;0,4799023333333333
03.10.2025 13:45;0,4554761666666667
03.10.2025 14:00;0,43105
03.10.2025 14:15;0,391702
03.10.2025 14:30;0,352354
03.10.2025 14:45;0,313006
03.10.2025 15:00;0,273658
03.10.2025 15:15;0,22878091666666667
03.10.2025 15:30;0,18390383333333332
03.10.2025 15:45;0,13902675
03.10.2025 16:00;0,09414966666666666
03.10.2025 16:15;0,07061224999999999
03.10.2025 16:30;0,04707483333333333
03.10.2025 16:45;0,023537416666666672
03.10.2025 17:00;0,0
03.10.2025 17:15;0,0
03.10.2025 17:30;0,0
03.10.2025 17:45;0,0
03.10.2025 18:00;0,0
03.10.2025 18:15;0,0
03.10.2025 18:30;0,0
03.10.2025 18:45;0,0
03.10.2025 19:00;0,0
03.10.2025 19:15;0,0
03.10.2025 19:30;0,0
03.10.2025 19:45;0,0
03.10.2025 20:00;0,0
03.10.2025 20:15;0,0
03.10.2025 20:30;0,0
03.10.2025 20:45;0,0
03.10.2025 21:00;0,0
03.10.2025 21:15;0,0
03.10.2025 21:30;0,0
03.10.2025 21:45;0,0
03.10.2025 22:00;0,0
03.10.2025 22:15;0,0
03.10.2025 22:30;0,0
03.10.2025 22:45;0,0
03.10.2025 23:00;0,0
03.10.2025 23:15;0,0
03.10.2025 23:30;0,0
03.10.2025 23:45;0,0
04.10.2025 00:00;0,0
04.10.2025 00:15;0,0
04.10.2025 00:30;0,0
04.10.2025 00:45;0,0
04.10.2025 01:00;0,0
04.10.2025 01:15;0,0
04.10.2025 01:30;0,0
04.10.2025 01:45;0,0
04.10.2025 02:00;0,0
04.10.2025 02:15;0,0
04.10.2025 02:30;0,0
04.10.2025 02:45;0,0
04.10.2025 03:00;0,0
04.10.2025 03:15;0,0
04.10.2025 03:30;0,0
04.10.2025 03:45;0,0
04.10.2025 04:00;0,0
04.10.2025 04:15;0,0
04.10.2025 04:30;0,0
04.10.2025 04:45;0,0
04.10.2025 05:00;0,0
04.10.2025 05:15;0,010983
04.10.2025 05:30;0,021966
04.10.2025 05:45;0,032949
04.10.2025 06:00;0,043932
04.10.2025 06:15;0,07826191666666667
04.10.2025 06:30;0,11259183333333334
04.10.2025 06:45;0,14692175
04.10.2025 07:00;0,18125166666666667
04.10.2025 07:15;0,2104365
04.10.2025 07:30;0,23962133333333335
04.10.2025 07:45;0,2688061666666667
04.10.2025 08:00;0,297991
04.10.2025 08:15;0,32087575
04.10.2025 08:30;0,3437605
04.10.2025 08:45;0,36664525
04.10.2025 09:00;0,38953
04.10.2025 09:15;0,4058138333333333
04.10.2025 09:30;0,4220976666666667
04.10.2025 09:45;0,43838150000000004
04.10.2025 10:00;0,45466533333333337
04.10.2025 10:15;0,46022575
04.10.2025 10:30;0,46578616666666667
04.10.2025 10:45;0,47134658333333335
04.10.2025 11:00;0,47690699999999997
04.10.2025 11:15;0,4724158333333333
04.10.2025 11:30;0,46792466666666666
04.10.2025 11:45;0,46343349999999994
04.10.2025 12:00;0,4589423333333333
04.10.2025 12:15;0,4405890833333333
04.10.2025 12:30;0,4222358333333333
04.10.2025 12:45;0,4038825833333333
04.10.2025 13:00;0,38552933333333333
04.10.2025 13:15;0,36934100000000003
04.10.2025 13:30;0,35315266666666667
04.10.2025 13:45;0,3369643333333333
04.10.2025 14:00;0,320776
04.10.2025 14:15;0,29189908333333336
04.10.2025 14:30;0,26302216666666667
04.10.2025 14:45;0,23414525
04.10.2025 15:00;0,20526833333333333
04.10.2025 15:15;0,17111566666666667
04.10.2025 15:30;0,136963
04.10.2025 15:45;0,10281033333333334
04.10.2025 16:00;0,06865766666666667
04.10.2025 16:15;0,051493250000000004
04.10.2025 16:30;0,034328833333333336
04.10.2025 16:45;0,017164416666666668
04.10.2025 17:00;0,0
04.10.2025 17:15;0,0
04.10.2025 17:30;0,0
04.10.2025 17:45;0,0
04.10.2025 18:00;0,0
04.10.2025 18:15;0,0
04.10.2025 18:30;0,0
04.10.2025 18:45;0,0
04.10.2025 19:00;0,0
04.10.2025 19:15;0,0
04.10.2025 19:30;0,0
04.10.2025 19:45;0,0
04.10.2025 20:00;0,0
04.10.2025 20:15;0,0
04.10.2025 20:30;0,0
04.10.2025 20:45;0,0
04.10.2025 21:00;0,0
04.10.2025 21:15;0,0
04.10.2025 21:30;0,0
04.10.2025 21:45;0,0
04.10.2025 22:00;0,0
04.10.2025 22:15;0,0
04.10.2025 22:30;0,0
04.10.2025 22:45;0,0
04.10.2025 23:00;0,0
04.10.2025 23:15;0,0
04.10.2025 23:30;0,0
04.10.2025 23:45;0,0
05.10.2025 00:00;0,0
05.10.2025 00:15;0,0
05.10.2025 00:30;0,0
05.10.2025 00:45;0,0
05.10.2025 01:00;0,0
05.10.2025 01:15;0,0
05.10.2025 01:30;0,0
05.10.2025 01:45;0,0
05.10.2025 02:00;0,0
05.10.2025 02:15;0,0
05.10.2025 02:30;0,0
05.10.2025 02:45;0,0
05.10.2025 03:00;0,0
05.10.2025 03:15;0,0
05.10.2025 03:30;0,0
05.10.2025 03:45;0,0
05.10.2025 04:00;0,0
05.10.2025 04:15;0,0
05.10.2025 04:30;0,0
05.10.2025 04:45;0,0
05.10.2025 05:00;0,0
05.10.2025 05:15;0,008901
05.10.2025 05:30;0,017802
05.10.2025 05:45;0,026702999999999998
05.10.2025 06:00;0,035604
05.10.2025 06:15;0,06805933333333333
05.10.2025 06:30;0,10051466666666667
05.10.2025 06:45;0,13297
05.10.2025 07:00;0,16542533333333334
05.10.2025 07:15;0,18971291666666668
05.10.2025 07:30;0,21400049999999998
05.10.2025 07:45;0,23828808333333332
05.10.2025 08:00;0,26257566666666665
05.10.2025 08:15;0,2797323333333333
05.10.2025 08:30;0,29688899999999996
05.10.2025 08:45;0,31404566666666667
05.10.2025 09:00;0,3312023333333333
05.10.2025 09:15;0,355727
05.10.2025 09:30;0,38025166666666665
05.10.2025 09:45;0,4047763333333333
05.10.2025 10:00;0,429301
05.10.2025 10:15;0,42741775
05.10.2025 10:30;0,42553450000000004
05.10.2025 10:45;0,42365125000000003
05.10.2025 11:00;0,42176800000000003
05.10.2025 11:15;0,41000283333333337
05.10.2025 11:30;0,3982376666666667
05.10.2025 11:45;0,3864725
05.10.2025 12:00;0,37470733333333334
05.10.2025 12:15;0,3655470833333333
05.10.2025 12:30;0,3563868333333333
05.10.2025 12:45;0,34722658333333334
05.10.2025 13:00;0,3380663333333333
05.10.2025 13:15;0,3315924166666666
05.10.2025 13:30;0,3251185
05.10.2025 13:45;0,31864458333333334
05.10.2025 14:00;0,31217066666666665
05.10.2025 14:15;0,287218
05.10.2025 14:30;0,26226533333333335
05.10.2025 14:45;0,23731266666666667
05.10.2025 15:00;0,21236
05.10.2025 15:15;0,174565
05.10.2025 15:30;0,13677
05.10.2025 15:45;0,098975
05.10.2025 16:00;0,06118
05.10.2025 16:15;0,045884999999999995
05.10.2025 16:30;0,03059
05.10.2025 16:45;0,015294999999999996
05.10.2025 17:00;0,0
05.10.2025 17:15;0,0
05.10.2025 17:30;0,0
05.10.2025 17:45;0,0
05.10.2025 18:00;0,0
05.10.2025 18:15;0,0
05.10.2025 18:30;0,0
05.10.2025 18:45;0,0
05.10.2025 19:00;0,0
05.10.2025 19:15;0,0
05.10.2025 19:30;0,0
05.10.2025 19:45;0,0
05.10.2025 20:00;0,0
05.10.2025 20:15;0,0
05.10.2025 20:30;0,0
05.10.2025 20:45;0,0
05.10.2025 21:00;0,0
05.10.2025 21:15;0,0
05.10.2025 21:30;0,0
05.10.2025 21:45;0,0
05.10.2025 22:00;0,0
05.10.2025 22:15;0,0
05.10.2025 22:30;0,0
05.10.2025 22:45;0,0
05.10.2025 23:00;0,0
05.10.2025 23:15;0,0
05.10.2025 23:30;0,0
05.10.2025 23:45;0,0
06.10.2025 00:00;0,0
06.10.2025 00:15;0,0
06.10.2025 00:30;0,0
06.10.2025 00:45;0,0
06.10.2025 01:00;0,0
06.10.2025 01:15;0,0
06.10.2025 01:30;0,0
06.10.2025 01:45;0,0
06.10.2025 02:00;0,0
06.10.2025 02:15;0,0
06.10.2025 02:30;0,0
06.10.2025 02:45;0,0
06.10.2025 03:00;0,0
06.10.2025 03:15;0,0
06.10.2025 03:30;0,0
06.10.2025 03:45;0,0
06.10.2025 04:00;0,0
06.10.2025 04:15;0,0
06.10.2025 04:30;0,0
06.10.2025 04:45;0,0
06.10.2025 05:00;0,0
06.10.2025 05:15;0,006229
06.10.2025 05:30;0,012458
06.10.2025 05:45;0,018687
06.10.2025 06:00;0,024916
06.10.2025 06:15;0,05989758333333334
06.10.2025 06:30;0,09487916666666668
06.10.2025 06:45;0,12986075000000002
06.10.2025 07:00;0,16484233333333334
06.10.2025 07:15;0,18912116666666667
06.10.2025 07:30;0,21340000000000003
06.10.2025 07:45;0,23767883333333337
06.10.2025 08:00;0,2619576666666667
06.10.2025 08:15;0,26879225
06.10.2025 08:30;0,2756268333333334
06.10.2025 08:45;0,2824614166666667
06.10.2025 09:00;0,289296
06.10.2025 09:15;0,29344175
06.10.2025 09:30;0,2975875
06.10.2025 09:45;0,30173325
06.10.2025 10:00;0,305879
06.10.2025 10:15;0,32993991666666667
06.10.2025 10:30;0,3540008333333333
06.10.2025 10:45;0,37806175000000003
06.10.2025 11:00;0,4021226666666667
06.10.2025 11:15;0,3967740833333333
06.10.2025 11:30;0,3914255
06.10.2025 11:45;0,38607691666666666
06.10.2025 12:00;0,3807283333333333
06.10.2025 12:15;0,36801649999999997
06.10.2025 12:30;0,35530466666666666
06.10.2025 12:45;0,34259283333333335
06.10.2025 13:00;0,32988100000000004
06.10.2025 13:15;0,3044429166666667
06.10.2025 13:30;0,27900483333333337
06.10.2025 13:45;0,25356675
06.10.2025 14:00;0,22812866666666667
06.10.2025 14:15;0,204958
06.10.2025 14:30;0,18178733333333333
06.10.2025 14:45;0,15861666666666666
06.10.2025 15:00;0,13544599999999998
06.10.2025 15:15;0,11289208333333332
06.10.2025 15:30;0,09033816666666666
06.10.2025 15:45;0,06778425
06.10.2025 16:00;0,04523033333333334
06.10.2025 16:15;0,03392275
06.10.2025 16:30;0,02261516666666667
06.10.2025 16:45;0,011307583333333336
06.10.2025 17:00;0,0
06.10.2025 17:15;0,0
06.10.2025 17:30;0,0
06.10.2025 17:45;0,0
06.10.2025 18:00;0,0
06.10.2025 18:15;0,0
06.10.2025 18:30;0,0
06.10.2025 18:45;0,0
06.10.2025 19:00;0,0
06.10.2025 19:15;0,0
06.10.2025 19:30;0,0
06.10.2025 19:45;0,0
06.10.2025 20:00;0,0
06.10.2025 20:15;0,0
06.10.2025 20:30;0,0
06.10.2025 20:45;0,0
06.10.2025 21:00;0,0
06.10.2025 21:15;0,0
06.10.2025 21:30;0,0
06.10.2025 21:45;0,0
06.10.2025 22:00;0,0
06.10.2025 22:15;0,0
06.10.2025 22:30;0,0
06.10.2025 22:45;0,0
06.10.2025 23:00;0,0
06.10.2025 23:15;0,0
06.10.2025 23:30;0,0
06.10.2025 23:45;0,0
07.10.2025 00:00;0,0
07.10.2025 00:15;0,0
07.10.2025 00:30;0,0
07.10.2025 00:45;0,0
07.10.2025 01:00;0,0
07.10.2025 01:15;0,0
07.10.2025 01:30;0,0
07.10.2025 01:45;0,0
07.10.2025 02:00;0,0
07.10.2025 02:15;0,0
07.10.2025 02:30;0,0
07.10.2025 02:45;0,0
07.10.2025 03:00;0,0
07.10.2025 03:15;0,0
07.10.2025 03:30;0,0
07.10.2025 03:45;0,0
07.10.2025 04:00;0,0
07.10.2025 04:15;0,0
07.10.2025 04:30;0,0
07.10.2025 04:45;0,0
07.10.2025 05:00;0,0
07.10.2025 05:15;0,009547
07.10.2025 05:30;0,019094
07.10.2025 05:45;0,028641
07.10.2025 06:00;0,038188
07.10.2025 06:15;0,07657900000000001
07.10.2025 06:30;0,11497
07.10.2025 06:45;0,153361
07.10.2025 07:00;0,191752
07.10.2025 07:15;0,218773
07.10.2025 07:30;0,245794
07.10.2025 07:45;0,272815
07.10.2025 08:00;0,299836
07.10.2025 08:15;0,32270125
07.10.2025 08:30;0,3455665
07.10.2025 08:45;0,36843175
07.10.2025 09:00;0,391297
07.10.2025 09:15;0,40939325000000004
07.10.2025 09:30;0,4274895
07.10.2025 09:45;0,44558575
07.10.2025 10:00;0,46368200000000004
07.10.2025 10:15;0,45998133333333335
07.10.2025 10:30;0,45628066666666667
07.10.2025 10:45;0,45258
07.10.2025 11:00;0,4488793333333333
07.10.2025 11:15;0,42168474999999994
07.10.2025 11:30;0,39449016666666664
07.10.2025 11:45;0,36729558333333334
07.10.2025 12:00;0,340101
07.10.2025 12:15;0,33318175
07.10.2025 12:30;0,3262625
07.10.2025 12:45;0,31934324999999997
07.10.2025 13:00;0,312424
07.10.2025 13:15;0,2926975
07.10.2025 13:30;0,27297099999999996
07.10.2025 13:45;0,2532445
07.10.2025 14:00;0,233518
07.10.2025 14:15;0,21838166666666667
07.10.2025 14:30;0,20324533333333333
07.10.2025 14:45;0,18810900000000003
07.10.2025 15:00;0,1729726666666667
07.10.2025 15:15;0,1454001666666667
07.10.2025 15:30;0,11782766666666666
07.10.2025 15:45;0,09025516666666666
07.10.2025 16:00;0,06268266666666666
07.10.2025 16:15;0,047012
07.10.2025 16:30;0,03134133333333333
07.10.2025 16:45;0,015670666666666673
07.10.2025 17:00;0,0
07.10.2025 17:15;0,0
07.10.2025 17:30;0,0
07.10.2025 17:45;0,0
07.10.2025 18:00;0,0
07.10.2025 18:15;0,0
07.10.2025 18:30;0,0
07.10.2025 18:45;0,0
07.10.2025 19:00;0,0
07.10.2025 19:15;0,0
07.10.2025 19:30;0,0
07.10.2025 19:45;0,0
07.10.2025 20:00;0,0
07.10.2025 20:15;0,0
07.10.2025 20:30;0,0
07.10.2025 20:45;0,0
07.10.2025 21:00;0,0
07.10.2025 21:15;0,0
07.10.2025 21:30;0,0
07.10.2025 21:45;0,0
07.10.2025 22:00;0,0
07.10.2025 22:15;0,0
07.10.2025 22:30;0,0
07.10.2025 22:45;0,0
07.10.2025 23:00;0,0
07.10.2025 23:15;0,0
07.10.2025 23:30;0,0
07.10.2025 23:45;0,0
08.10.2025 00:00;0,0
08.10.2025 00:15;0,0
08.10.2025 00:30;0,0
08.10.2025 00:45;0,0
08.10.2025 01:00;0,0
08.10.2025 01:15;0,0
08.10.2025 01:30;0,0
08.10.2025 01:45;0,0
08.10.2025 02:00;0,0
08.10.2025 02:15;0,0
08.10.2025 02:30;0,0
08.10.2025 02:45;0,0
08.10.2025 03:00;0,0
08.10.2025 03:15;0,0
08.10.2025 03:30;0,0
08.10.2025 03:45;0,0
08.10.2025 04:00;0,0
08.10.2025 04:15;0,0
08.10.2025 04:30;0,0
08.10.2025 04:45;0,0
08.10.2025 05:00;0,0
08.10.2025 05:15;0,006946583333333334
08.10.2025 05:30;0,013893166666666668
08.10.2025 05:45;0,020839750000000004
08.10.2025 06:00;0,027786333333333336
08.10.2025 06:15;0,053768083333333334
08.10.2025 06:30;0,07974983333333333
08.10.2025 06:45;0,10573158333333332
08.10.2025 07:00;0,13171333333333332
08.10.2025 07:15;0,15214358333333333
08.10.2025 07:30;0,17257383333333332
08.10.2025 07:45;0,1930040833333333
08.10.2025 08:00;0,2134343333333333
08.10.2025 08:15;0,22215416666666665
08.10.2025 08:30;0,230874
08.10.2025 08:45;0,23959383333333334
08.10.2025 09:00;0,24831366666666668
08.10.2025 09:15;0,26632825
08.10.2025 09:30;0,2843428333333333
08.10.2025 09:45;0,30235741666666666
08.10.2025 10:00;0,320372
08.10.2025 10:15;0,324065
08.10.2025 10:30;0,327758
08.10.2025 10:45;0,331451
08.10.2025 11:00;0,335144
08.10.2025 11:15;0,34306225
08.10.2025 11:30;0,35098050000000003
08.10.2025 11:45;0,35889875
08.10.2025 12:00;0,366817
08.10.2025 12:15;0,36391283333333335
08.10.2025 12:30;0,36100866666666664
08.10.2025 12:45;0,3581045
08.10.2025 13:00;0,35520033333333334
08.10.2025 13:15;0,33550183333333333
08.10.2025 13:30;0,3158033333333333
08.10.2025 13:45;0,2961048333333333
08.10.2025 14:00;0,2764063333333333
08.10.2025 14:15;0,25801399999999997
08.10.2025 14:30;0,23962166666666668
08.10.2025 14:45;0,22122933333333333
08.10.2025 15:00;0,20283700000000002
08.10.2025 15:15;0,16622275000000003
08.10.2025 15:30;0,12960850000000002
08.10.2025 15:45;0,09299425
08.10.2025 16:00;0,05638
08.10.2025 16:15;0,042284999999999996
08.10.2025 16:30;0,028189999999999996
08.10.2025 16:45;0,014094999999999996
08.10.2025 17:00;0,0
08.10.2025 17:15;0,0
08.10.2025 17:30;0,0
08.10.2025 17:45;0,0
08.10.2025 18:00;0,0
08.10.2025 18:15;0,0
08.10.2025 18:30;0,0
08.10.2025 18:45;0,0
08.10.2025 19:00;0,0
08.10.2025 19:15;0,0
08.10.2025 19:30;0,0
08.10.2025 19:45;0,0
08.10.2025 20:00;0,0
08.10.2025 20:15;0,0
08.10.2025 20:30;0,0
08.10.2025 20:45;0,0
08.10.2025 21:00;0,0
08.10.2025 21:15;0,0
08.10.2025 21:30;0,0
08.10.2025 21:45;0,0
08.10.2025 22:00;0,0
08.10.2025 22:15;0,0
08.10.2025 22:30;0,0
08.10.2025 22:45;0,0
08.10.2025 23:00;0,0
08.10.2025 23:15;0,0
08.10.2025 23:30;0,0
08.10.2025 23:45;0,0
09.10.2025 00:00;0,0
09.10.2025 00:15;0,0
09.10.2025 00:30;0,0
09.10.2025 00:45;0,0
09.10.2025 01:00;0,0
09.10.2025 01:15;0,0
09.10.2025 01:30;0,0
09.10.2025 01:45;0,0
09.10.2025 02:00;0,0
09.10.2025 02:15;0,0
09.10.2025 02:30;0,0
09.10.2025 02:45;0,0
09.10.2025 03:00;0,0
09.10.2025 03:15;0,0
09.10.2025 03:30;0,0
09.10.2025 03:45;0,0
09.10.2025 04:00;0,0
09.10.2025 04:15;0,0
09.10.2025 04:30;0,0
09.10.2025 04:45;0,0
09.10.2025 05:00;0,0
09.10.2025 05:15;0,00606075
09.10.2025 05:30;0,0121215
09.10.2025 05:45;0,01818225
09.10.2025 06:00;0,024243
09.10.2025 06:15;0,05010716666666666
09.10.2025 06:30;0,07597133333333334
09.10.2025 06:45;0,10183549999999998
09.10.2025 07:00;0,12769966666666666
09.10.2025 07:15;0,14341225
09.10.2025 07:30;0,15912483333333333
09.10.2025 07:45;0,17483741666666666
09.10.2025 08:00;0,19055
09.10.2025 08:15;0,20194033333333333
09.10.2025 08:30;0,21333066666666667
09.10.2025 08:45;0,22472100000000003
09.10.2025 09:00;0,23611133333333337
09.10.2025 09:15;0,2501083333333334
09.10.2025 09:30;0,26410533333333336
09.10.2025 09:45;0,27810233333333334
09.10.2025 10:00;0,2920993333333333
09.10.2025 10:15;0,29887816666666667
09.10.2025 10:30;0,30565699999999996
09.10.2025 10:45;0,3124358333333333
09.10.2025 11:00;0,31921466666666665
09.10.2025 11:15;0,3134320833333333
09.10.2025 11:30;0,30764949999999996
09.10.2025 11:45;0,30186691666666665
09.10.2025 12:00;0,2960843333333333
09.10.2025 12:15;0,2945065833333333
09.10.2025 12:30;0,2929288333333333
09.10.2025 12:45;0,29135108333333337
09.10.2025 13:00;0,2897733333333334
09.10.2025 13:15;0,2681576666666667
09.10.2025 13:30;0,24654200000000004
09.10.2025 13:45;0,22492633333333334
09.10.2025 14:00;0,20331066666666667
09.10.2025 14:15;0,18660675
09.10.2025 14:30;0,16990283333333334
09.10.2025 14:45;0,15319891666666668
09.10.2025 15:00;0,136495
09.10.2025 15:15;0,112839
09.10.2025 15:30;0,089183
09.10.2025 15:45;0,06552699999999999
09.10.2025 16:00;0,041871
09.10.2025 16:15;0,03140325
09.10.2025 16:30;0,0209355
09.10.2025 16:45;0,010467749999999998
09.10.2025 17:00;0,0
09.10.2025 17:15;0,0
09.10.2025 17:30;0,0
09.10.2025 17:45;0,0
09.10.2025 18:00;0,0
09.10.2025 18:15;0,0
09.10.2025 18:30;0,0
09.10.2025 18:45;0,0
09.10.2025 19:00;0,0
09.10.2025 19:15;0,0
09.10.2025 19:30;0,0
09.10.2025 19:45;0,0
09.10.2025 20:00;0,0
09.10.2025 20:15;0,0
09.10.2025 20:30;0,0
09.10.2025 20:45;0,0
09.10.2025 21:00;0,0
09.10.2025 21:15;0,0
09.10.2025 21:30;0,0
09.10.2025 21:45;0,0
09.10.2025 22:00;0,0
09.10.2025 22:15;0,0
09.10.2025 22:30;0,0
09.10.2025 22:45;0,0
09.10.2025 23:00;0,0
09.10.2025 23:15;0,0
09.10.2025 23:30;0,0
09.10.2025 23:45;0,0
10.10.2025 00:00;0,0
10.10.2025 00:15;0,0
10.10.2025 00:30;0,0
10.10.2025 00:45;0,0
10.10.2025 01:00;0,0
10.10.2025 01:15;0,0
10.10.2025 01:30;0,0
10.10.2025 01:45;0,0
10.10.2025 02:00;0,0
10.10.2025 02:15;0,0
10.10.2025 02:30;0,0
10.10.2025 02:45;0,0
10.10.2025 03:00;0,0
10.10.2025 03:15;0,0
10.10.2025 03:30;0,0
10.10.2025 03:45;0,0
10.10.2025 04:00;0,0
10.10.2025 04:15;0,0
10.10.2025 04:30;0,0
10.10.2025 04:45;0,0
10.10.2025 05:00;0,0
10.10.2025 05:15;0,0044874166666666665
10.10.2025 05:30;0,008974833333333333
10.10.2025 05:45;0,013462249999999999
10.10.2025 06:00;0,017949666666666666
10.10.2025 06:15;0,04299658333333333
10.10.2025 06:30;0,06804349999999999
10.10.2025 06:45;0,09309041666666666
10.10.2025 07:00;0,11813733333333333
10.10.2025 07:15;0,13979208333333334
10.10.2025 07:30;0,16144683333333334
10.10.2025 07:45;0,18310158333333335
10.10.2025 08:00;0,20475633333333335
10.10.2025 08:15;0,2163545
10.10.2025 08:30;0,2279526666666667
10.10.2025 08:45;0,23955083333333335
10.10.2025 09:00;0,251149
10.10.2025 09:15;0,27468125
10.10.2025 09:30;0,2982135
10.10.2025 09:45;0,32174575000000005
10.10.2025 10:00;0,34527800000000003
10.10.2025 10:15;0,36481775000000005
10.10.2025 10:30;0,3843575
10.10.2025 10:45;0,40389725
10.10.2025 11:00;0,423437
10.10.2025 11:15;0,42073166666666667
10.10.2025 11:30;0,41802633333333333
10.10.2025 11:45;0,415321
10.10.2025 12:00;0,41261566666666666
10.10.2025 12:15;0,40977549999999996
10.10.2025 12:30;0,4069353333333333
10.10.2025 12:45;0,40409516666666667
10.10.2025 13:00;0,401255
10.10.2025 13:15;0,3857390833333333
10.10.2025 13:30;0,3702231666666666
10.10.2025 13:45;0,35470725
10.10.2025 14:00;0,3391913333333333
10.10.2025 14:15;0,30999191666666664
10.10.2025 14:30;0,28079249999999994
10.10.2025 14:45;0,2515930833333333
10.10.2025 15:00;0,22239366666666666
10.10.2025 15:15;0,17996208333333333
10.10.2025 15:30;0,1375305
10.10.2025 15:45;0,09509891666666667
10.10.2025 16:00;0,05266733333333333
10.10.2025 16:15;0,039500499999999994
10.10.2025 16:30;0,026333666666666665
10.10.2025 16:45;0,013166833333333336
10.10.2025 17:00;0,0
10.10.2025 17:15;0,0
10.10.2025 17:30;0,0
10.10.2025 17:45;0,0
10.10.2025 18:00;0,0
10.10.2025 18:15;0,0
10.10.2025 18:30;0,0
10.10.2025 18:45;0,0
10.10.2025 19:00;0,0
10.10.2025 19:15;0,0
10.10.2025 19:30;0,0
10.10.2025 19:45;0,0
10.10.2025 20:00;0,0
10.10.2025 20:15;0,0
10.10.2025 20:30;0,0
10.10.2025 20:45;0,0
10.10.2025 21:00;0,0
10.10.2025 21:15;0,0
10.10.2025 21:30;0,0
10.10.2025 21:45;0,0
10.10.2025 22:00;0,0
10.10.2025 22:15;0,0
10.10.2025 22:30;0,0
10.10.2025 22:45;0,0
10.10.2025 23:00;0,0
10.10.2025 23:15;0,0
10.10.2025 23:30;0,0
10.10.2025 23:45;0,0
11.10.2025 00:00;0,0
11.10.2025 00:15;0,0
11.10.2025 00:30;0,0
11.10.2025 00:45;0,0
11.10.2025 01:00;0,0
11.10.2025 01:15;0,0
11.10.2025 01:30;0,0
11.10.2025 01:45;0,0
11.10.2025 02:00;0,0
11.10.2025 02:15;0,0
11.10.2025 02:30;0,0
11.10.2025 02:45;0,0
11.10.2025 03:00;0,0
11.10.2025 03:15;0,0
11.10.2025 03:30;0,0
11.10.2025 03:45;0,0
11.10.2025 04:00;0,0
11.10.2025 04:15;0,0
11.10.2025 04:30;0,0
11.10.2025 04:45;0,0
11.10.2025 05:00;0,0
11.10.2025 05:15;0,006856333333333334
11.10.2025 05:30;0,013712666666666668
11.10.2025 05:45;0,020569
11.10.2025 06:00;0,027425333333333336
11.10.2025 06:15;0,062384916666666665
11.10.2025 06:30;0,0973445
11.10.2025 06:45;0,13230408333333332
11.10.2025 07:00;0,16726366666666664
11.10.2025 07:15;0,20107624999999998
11.10.2025 07:30;0,23488883333333332
11.10.2025 07:45;0,2687014166666667
11.10.2025 08:00;0,302514
11.10.2025 08:15;0,321452
11.10.2025 08:30;0,34038999999999997
11.10.2025 08:45;0,359328
11.10.2025 09:00;0,378266
11.10.2025 09:15;0,38366225
11.10.2025 09:30;0,3890585
11.10.2025 09:45;0,39445475
11.10.2025 10:00;0,399851
11.10.2025 10:15;0,40155491666666665
11.10.2025 10:30;0,40325883333333334
11.10.2025 10:45;0,40496275
11.10.2025 11:00;0,4066666666666666
11.10.2025 11:15;0,38921649999999997
11.10.2025 11:30;0,3717663333333333
11.10.2025 11:45;0,35431616666666665
11.10.2025 12:00;0,336866
11.10.2025 12:15;0,34206525
11.10.2025 12:30;0,3472645
11.10.2025 12:45;0,35246375
11.10.2025 13:00;0,357663
11.10.2025 13:15;0,34202375
11.10.2025 13:30;0,32638449999999997
11.10.2025 13:45;0,31074525
11.10.2025 14:00;0,295106
11.10.2025 14:15;0,2737
11.10.2025 14:30;0,252294
11.10.2025 14:45;0,23088799999999998
11.10.2025 15:00;0,209482
11.10.2025 15:15;0,17075308333333333
11.10.2025 15:30;0,13202416666666666
11.10.2025 15:45;0,09329525
11.10.2025 16:00;0,054566333333333335
11.10.2025 16:15;0,04092475
11.10.2025 16:30;0,027283166666666667
11.10.2025 16:45;0,013641583333333332
11.10.2025 17:00;0,0
11.10.2025 17:15;0,0
11.10.2025 17:30;0,0
11.10.2025 17:45;0,0
11.10.2025 18:00;0,0
11.10.2025 18:15;0,0
11.10.2025 18:30;0,0
11.10.2025 18:45;0,0
11.10.2025 19:00;0,0
11.10.2025 19:15;0,0
11.10.2025 19:30;0,0
11.10.2025 19:45;0,0
11.10.2025 20:00;0,0
11.10.2025 20:15;0,0
11.10.2025 20:30;0,0
11.10.2025 20:45;0,0
11.10.2025 21:00;0,0
11.10.2025 21:15;0,0
11.10.2025 21:30;0,0
11.10.2025 21:45;0,0
11.10.2025 22:00;0,0
11.10.2025 22:15;0,0
11.10.2025 22:30;0,0
11.10.2025 22:45;0,0
11.10.2025 23:00;0,0
11.10.2025 23:15;0,0
11.10.2025 23:30;0,0
11.10.2025 23:45;0,0
12.10.2025 00:00;0,0
12.10.2025 00:15;0,0
12.10.2025 00:30;0,0
12.10.2025 00:45;0,0
12.10.2025 01:00;0,0
12.10.2025 01:15;0,0
12.10.2025 01:30;0,0
12.10.2025 01:45;0,0
12.10.2025 02:00;0,0
12.10.2025 02:15;0,0
12.10.2025 02:30;0,0
12.10.2025 02:45;0,0
12.10.2025 03:00;0,0
12.10.2025 03:15;0,0
12.10.2025 03:30;0,0
12.10.2025 03:45;0,0
12.10.2025 04:00;0,0
12.10.2025 04:15;0,0
12.10.2025 04:30;0,0
12.10.2025 04:45;0,0
12.10.2025 05:00;0,0
12.10.2025 05:15;0,006522583333333333
12.10.2025 05:30;0,013045166666666667
12.10.2025 05:45;0,01956775
12.10.2025 06:00;0,026090333333333333
12.10.2025 06:15;0,0704715
12.10.2025 06:30;0,11485266666666669
12.10.2025 06:45;0,15923383333333332
12.10.2025 07:00;0,20361500000000002
12.10.2025 07:15;0,23854725000000002
12.10.2025 07:30;0,2734795
12.10.2025 07:45;0,30841175
12.10.2025 08:00;0,343344
12.10.2025 08:15;0,3566088333333333
12.10.2025 08:30;0,36987366666666666
12.10.2025 08:45;0,3831385
12.10.2025 09:00;0,39640333333333333
12.10.2025 09:15;0,4218166666666667
12.10.2025 09:30;0,44723
12.10.2025 09:45;0,47264333333333336
12.10.2025 10:00;0,4980566666666667
12.10.2025 10:15;0,5028549166666667
12.10.2025 10:30;0,5076531666666667
12.10.2025 10:45;0,5124514166666667
12.10.2025 11:00;0,5172496666666667
12.10.2025 11:15;0,5170616666666668
12.10.2025 11:30;0,5168736666666667
12.10.2025 11:45;0,5166856666666666
12.10.2025 12:00;0,5164976666666666
12.10.2025 12:15;0,5063379166666666
12.10.2025 12:30;0,49617816666666664
12.10.2025 12:45;0,4860184166666667
12.10.2025 13:00;0,47585866666666665
12.10.2025 13:15;0,4531253333333333
12.10.2025 13:30;0,430392
12.10.2025 13:45;0,40765866666666667
12.10.2025 14:00;0,38492533333333334
12.10.2025 14:15;0,347479
12.10.2025 14:30;0,3100326666666667
12.10.2025 14:45;0,2725863333333333
12.10.2025 15:00;0,23514
12.10.2025 15:15;0,18684616666666665
12.10.2025 15:30;0,13855233333333333
12.10.2025 15:45;0,09025850000000002
12.10.2025 16:00;0,041964666666666664
12.10.2025 16:15;0,0314735
12.10.2025 16:30;0,020982333333333332
12.10.2025 16:45;0,01049116666666667
12.10.2025 17:00;0,0
12.10.2025 17:15;0,0
12.10.2025 17:30;0,0
12.10.2025 17:45;0,0
12.10.2025 18:00;0,0
12.10.2025 18:15;0,0
12.10.2025 18:30;0,0
12.10.2025 18:45;0,0
12.10.2025 19:00;0,0
12.10.2025 19:15;0,0
12.10.2025 19:30;0,0
12.10.2025 19:45;0,0
12.10.2025 20:00;0,0
12.10.2025 20:15;0,0
12.10.2025 20:30;0,0
12.10.2025 20:45;0,0
12.10.2025 21:00;0,0
12.10.2025 21:15;0,0
12.10.2025 21:30;0,0
12.10.2025 21:45;0,0
12.10.2025 22:00;0,0
12.10.2025 22:15;0,0
12.10.2025 22:30;0,0
12.10.2025 22:45;0,0
12.10.2025 23:00;0,0
12.10.2025 23:15;0,0
12.10.2025 23:30;0,0
12.10.2025 23:45;0,0
13.10.2025 00:00;0,0
13.10.2025 00:15;0,0
13.10.2025 00:30;0,0
13.10.2025 00:45;0,0
13.10.2025 01:00;0,0
13.10.2025 01:15;0,0
13.10.2025 01:30;0,0
13.10.2025 01:45;0,0
13.10.2025 02:00;0,0
13.10.2025 02:15;0,0
13.10.2025 02:30;0,0
13.10.2025 02:45;0,0
13.10.2025 03:00;0,0
13.10.2025 03:15;0,0
13.10.2025 03:30;0,0
13.10.2025 03:45;0,0
13.10.2025 04:00;0,0
13.10.2025 04:15;0,0
13.10.2025 04:30;0,0
13.10.2025 04:45;0,0
13.10.2025 05:00;0,0
13.10.2025 05:15;0,004948999999999999
13.10.2025 05:30;0,009897999999999999
13.10.2025 05:45;0,014846999999999997
13.10.2025 06:00;0,019795999999999998
13.10.2025 06:15;0,06323358333333333
13.10.2025 06:30;0,10667116666666665
13.10.2025 06:45;0,15010874999999999
13.10.2025 07:00;0,19354633333333332
13.10.2025 07:15;0,22735483333333334
13.10.2025 07:30;0,2611633333333333
13.10.2025 07:45;0,2949718333333333
13.10.2025 08:00;0,32878033333333334
13.10.2025 08:15;0,350641
13.10.2025 08:30;0,3725016666666666
13.10.2025 08:45;0,3943623333333333
13.10.2025 09:00;0,41622299999999995
13.10.2025 09:15;0,4378355833333333
13.10.2025 09:30;0,45944816666666666
13.10.2025 09:45;0,48106075
13.10.2025 10:00;0,5026733333333333
13.10.2025 10:15;0,5110223333333334
13.10.2025 10:30;0,5193713333333334
13.10.2025 10:45;0,5277203333333333
13.10.2025 11:00;0,5360693333333334
13.10.2025 11:15;0,5122179166666667
13.10.2025 11:30;0,48836650000000004
13.10.2025 11:45;0,46451508333333336
13.10.2025 12:00;0,4406636666666667
13.10.2025 12:15;0,44236325
13.10.2025 12:30;0,4440628333333333
13.10.2025 12:45;0,44576241666666666
13.10.2025 13:00;0,44746199999999997
13.10.2025 13:15;0,42274266666666666
13.10.2025 13:30;0,3980233333333333
13.10.2025 13:45;0,37330399999999997
13.10.2025 14:00;0,34858466666666665
13.10.2025 14:15;0,31579383333333333
13.10.2025 14:30;0,283003
13.10.2025 14:45;0,2502121666666667
13.10.2025 15:00;0,21742133333333333
13.10.2025 15:15;0,17155166666666666
13.10.2025 15:30;0,12568200000000002
13.10.2025 15:45;0,07981233333333335
13.10.2025 16:00;0,03394266666666667
13.10.2025 16:15;0,025457
13.10.2025 16:30;0,016971333333333335
13.10.2025 16:45;0,008485666666666666
13.10.2025 17:00;0,0
13.10.2025 17:15;0,0
13.10.2025 17:30;0,0
13.10.2025 17:45;0,0
13.10.2025 18:00;0,0
13.10.2025 18:15;0,0
13.10.2025 18:30;0,0
13.10.2025 18:45;0,0
13.10.2025 19:00;0,0
13.10.2025 19:15;0,0
13.10.2025 19:30;0,0
13.10.2025 19:45;0,0
13.10.2025 20:00;0,0
13.10.2025 20:15;0,0
13.10.2025 20:30;0,0
13.10.2025 20:45;0,0
13.10.2025 21:00;0,0
13.10.2025 21:15;0,0
13.10.2025 21:30;0,0
13.10.2025 21:45;0,0
13.10.2025 22:00;0,0
13.10.2025 22:15;0,0
13.10.2025 22:30;0,0
13.10.2025 22:45;0,0
13.10.2025 23:00;0,0
13.10.2025 23:15;0,0
13.10.2025 23:30;0,0
13.10.2025 23:45;0,0
14.10.2025 00:00;0,0
14.10.2025 00:15;0,0
14.10.2025 00:30;0,0
14.10.2025 00:45;0,0
14.10.2025 01:00;0,0
14.10.2025 01:15;0,0
14.10.2025 01:30;0,0
14.10.2025 01:45;0,0
14.10.2025 02:00;0,0
14.10.2025 02:15;0,0
14.10.2025 02:30;0,0
14.10.2025 02:45;0,0
14.10.2025 03:00;0,0
14.10.2025 03:15;0,0
14.10.2025 03:30;0,0
14.10.2025 03:45;0,0
14.10.2025 04:00;0,0
14.10.2025 04:15;0,0
14.10.2025 04:30;0,0
14.10.2025 04:45;0,0
14.10.2025 05:00;0,0
14.10.2025 05:15;0,0038960833333333334
14.10.2025 05:30;0,007792166666666667
14.10.2025 05:45;0,01168825
14.10.2025 06:00;0,015584333333333334
14.10.2025 06:15;0,05473475
14.10.2025 06:30;0,09388516666666667
14.10.2025 06:45;0,13303558333333332
14.10.2025 07:00;0,172186
14.10.2025 07:15;0,2051435
14.10.2025 07:30;0,238101
14.10.2025 07:45;0,2710585
14.10.2025 08:00;0,304016
14.10.2025 08:15;0,3319863333333333
14.10.2025 08:30;0,35995666666666665
14.10.2025 08:45;0,387927
14.10.2025 09:00;0,41589733333333334
14.10.2025 09:15;0,4371238333333334
14.10.2025 09:30;0,45835033333333336
14.10.2025 09:45;0,47957683333333334
14.10.2025 10:00;0,5008033333333334
14.10.2025 10:15;0,5111126666666668
14.10.2025 10:30;0,521422
14.10.2025 10:45;0,5317313333333333
14.10.2025 11:00;0,5420406666666667
14.10.2025 11:15;0,5399721666666667
14.10.2025 11:30;0,5379036666666667
14.10.2025 11:45;0,5358351666666666
14.10.2025 12:00;0,5337666666666666
14.10.2025 12:15;0,5135299999999999
14.10.2025 12:30;0,4932933333333333
14.10.2025 12:45;0,4730566666666667
14.10.2025 13:00;0,45282
14.10.2025 13:15;0,42435058333333336
14.10.2025 13:30;0,3958811666666667
14.10.2025 13:45;0,36741175000000004
14.10.2025 14:00;0,33894233333333335
14.10.2025 14:15;0,3085609166666667
14.10.2025 14:30;0,2781795
14.10.2025 14:45;0,24779808333333336
14.10.2025 15:00;0,21741666666666667
14.10.2025 15:15;0,17097600000000002
14.10.2025 15:30;0,12453533333333333
14.10.2025 15:45;0,07809466666666667
14.10.2025 16:00;0,031654
14.10.2025 16:15;0,0237405
14.10.2025 16:30;0,015827
14.10.2025 16:45;0,0079135
14.10.2025 17:00;0,0
14.10.2025 17:15;0,0
14.10.2025 17:30;0,0
14.10.2025 17:45;0,0
14.10.2025 18:00;0,0
14.10.2025 18:15;0,0
14.10.2025 18:30;0,0
14.10.2025 18:45;0,0
14.10.2025 19:00;0,0
14.10.2025 19:15;0,0
14.10.2025 19:30;0,0
14.10.2025 19:45;0,0
14.10.2025 20:00;0,0
14.10.2025 20:15;0,0
14.10.2025 20:30;0,0
14.10.2025 20:45;0,0
14.10.2025 21:00;0,0
14.10.2025 21:15;0,0
14.10.2025 21:30;0,0
14.10.2025 21:45;0,0
14.10.2025 22:00;0,0
14.10.2025 22:15;0,0
14.10.2025 22:30;0,0
14.10.2025 22:45;0,0
14.10.2025 23:00;0,0
14.10.2025 23:15;0,0
14.10.2025 23:30;0,0
14.10.2025 23:45;0,0
15.10.2025 00:00;0,0
15.10.2025 00:15;0,0
15.10.2025 00:30;0,0
15.10.2025 00:45;0,0
15.10.2025 01:00;0,0
15.10.2025 01:15;0,0
15.10.2025 01:30;0,0
15.10.2025 01:45;0,0
15.10.2025 02:00;0,0
15.10.2025 02:15;0,0
15.10.2025 02:30;0,0
15.10.2025 02:45;0,0
15.10.2025 03:00;0,0
15.10.2025 03:15;0,0
15.10.2025 03:30;0,0
15.10.2025 03:45;0,0
15.10.2025 04:00;0,0
15.10.2025 04:15;0,0
15.10.2025 04:30;0,0
15.10.2025 04:45;0,0
15.10.2025 05:00;0,0
15.10.2025 05:15;0,0031611666666666667
15.10.2025 05:30;0,0063223333333333335
15.10.2025 05:45;0,0094835
15.10.2025 06:00;0,012644666666666667
15.10.2025 06:15;0,0433555
15.10.2025 06:30;0,07406633333333333
15.10.2025 06:45;0,10477716666666666
15.10.2025 07:00;0,135488
15.10.2025 07:15;0,16561599999999999
15.10.2025 07:30;0,195744
15.10.2025 07:45;0,22587200000000002
15.10.2025 08:00;0,256
15.10.2025 08:15;0,26825458333333335
15.10.2025 08:30;0,2805091666666667
15.10.2025 08:45;0,29276375
15.10.2025 09:00;0,30501833333333334
15.10.2025 09:15;0,3224480833333333
15.10.2025 09:30;0,3398778333333333
15.10.2025 09:45;0,35730758333333335
15.10.2025 10:00;0,3747373333333333
15.10.2025 10:15;0,3818824166666666
15.10.2025 10:30;0,38902749999999997
15.10.2025 10:45;0,3961725833333333
15.10.2025 11:00;0,40331766666666663
15.10.2025 11:15;0,3969371666666666
15.10.2025 11:30;0,39055666666666666
15.10.2025 11:45;0,38417616666666665
15.10.2025 12:00;0,37779566666666664
15.10.2025 12:15;0,3476869166666667
15.10.2025 12:30;0,31757816666666666
15.10.2025 12:45;0,2874694166666667
15.10.2025 13:00;0,2573606666666667
15.10.2025 13:15;0,24242341666666667
15.10.2025 13:30;0,22748616666666668
15.10.2025 13:45;0,21254891666666667
15.10.2025 14:00;0,19761166666666666
15.10.2025 14:15;0,17779516666666667
15.10.2025 14:30;0,15797866666666666
15.10.2025 14:45;0,13816216666666667
15.10.2025 15:00;0,11834566666666667
15.10.2025 15:15;0,09317683333333333
15.10.2025 15:30;0,068008
15.10.2025 15:45;0,042839166666666664
15.10.2025 16:00;0,017670333333333333
15.10.2025 16:15;0,01325275
15.10.2025 16:30;0,008835166666666667
15.10.2025 16:45;0,004417583333333332
15.10.2025 17:00;0,0
15.10.2025 17:15;0,0
15.10.2025 17:30;0,0
15.10.2025 17:45;0,0
15.10.2025 18:00;0,0
15.10.2025 18:15;0,0
15.10.2025 18:30;0,0
15.10.2025 18:45;0,0
15.10.2025 19:00;0,0
15.10.2025 19:15;0,0
15.10.2025 19:30;0,0
15.10.2025 19:45;0,0
15.10.2025 20:00;0,0
15.10.2025 20:15;0,0
15.10.2025 20:30;0,0
15.10.2025 20:45;0,0
15.10.2025 21:00;0,0
15.10.2025 21:15;0,0
15.10.2025 21:30;0,0
15.10.2025 21:45;0,0
15.10.2025 22:00;0,0
15.10.2025 22:15;0,0
15.10.2025 22:30;0,0
15.10.2025 22:45;0,0
15.10.2025 23:00;0,0
15.10.2025 23:15;0,0
15.10.2025 23:30;0,0
15.10.2025 23:45;0,0
16.10.2025 00:00;0,0
16.10.2025 00:15;0,0
16.10.2025 00:30;0,0
16.10.2025 00:45;0,0
16.10.2025 01:00;0,0
16.10.2025 01:15;0,0
16.10.2025 01:30;0,0
16.10.2025 01:45;0,0
16.10.2025 02:00;0,0
16.10.2025 02:15;0,0
16.10.2025 02:30;0,0
16.10.2025 02:45;0,0
16.10.2025 03:00;0,0
16.10.2025 03:15;0,0
16.10.2025 03:30;0,0
16.10.2025 03:45;0,0
16.10.2025 04:00;0,0
16.10.2025 04:15;0,0
16.10.2025 04:30;0,0
16.10.2025 04:45;0,0
16.10.2025 05:00;0,0
16.10.2025 05:15;0,002670333333333333
16.10.2025 05:30;0,005340666666666666
16.10.2025 05:45;0,008010999999999999
16.10.2025 06:00;0,010681333333333333
16.10.2025 06:15;0,05024175
16.10.2025 06:30;0,08980216666666667
16.10.2025 06:45;0,12936258333333334
16.10.2025 07:00;0,168923
16.10.2025 07:15;0,197019
16.10.2025 07:30;0,22511499999999998
16.10.2025 07:45;0,25321099999999996
16.10.2025 08:00;0,281307
16.10.2025 08:15;0,29799549999999997
16.10.2025 08:30;0,31468399999999996
16.10.2025 08:45;0,3313725
16.10.2025 09:00;0,348061
16.10.2025 09:15;0,3615959166666667
16.10.2025 09:30;0,3751308333333333
16.10.2025 09:45;0,38866575
16.10.2025 10:00;0,40220066666666665
16.10.2025 10:15;0,40524933333333335
16.10.2025 10:30;0,408298
16.10.2025 10:45;0,41134666666666664
16.10.2025 11:00;0,41439533333333334
16.10.2025 11:15;0,40904425
16.10.2025 11:30;0,40369316666666666
16.10.2025 11:45;0,3983420833333334
16.10.2025 12:00;0,39299100000000003
16.10.2025 12:15;0,3824816666666667
16.10.2025 12:30;0,37197233333333335
16.10.2025 12:45;0,361463
16.10.2025 13:00;0,35095366666666666
16.10.2025 13:15;0,3328829166666667
16.10.2025 13:30;0,31481216666666667
16.10.2025 13:45;0,29674141666666665
16.10.2025 14:00;0,2786706666666667
16.10.2025 14:15;0,250519
16.10.2025 14:30;0,22236733333333333
16.10.2025 14:45;0,19421566666666668
16.10.2025 15:00;0,166064
16.10.2025 15:15;0,12938716666666666
16.10.2025 15:30;0,09271033333333333
16.10.2025 15:45;0,0560335
16.10.2025 16:00;0,019356666666666668
16.10.2025 16:15;0,014517500000000001
16.10.2025 16:30;0,009678333333333334
16.10.2025 16:45;0,004839166666666665
16.10.2025 17:00;0,0
16.10.2025 17:15;0,0
16.10.2025 17:30;0,0
16.10.2025 17:45;0,0
16.10.2025 18:00;0,0
16.10.2025 18:15;0,0
16.10.2025 18:30;0,0
16.10.2025 18:45;0,0
16.10.2025 19:00;0,0
16.10.2025 19:15;0,0
16.10.2025 19:30;0,0
16.10.2025 19:45;0,0
16.10.2025 20:00;0,0
16.10.2025 20:15;0,0
16.10.2025 20:30;0,0
16.10.2025 20:45;0,0
16.10.2025 21:00;0,0
16.10.2025 21:15;0,0
16.10.2025 21:30;0,0
16.10.2025 21:45;0,0
16.10.2025 22:00;0,0
16.10.2025 22:15;0,0
16.10.2025 22:30;0,0
16.10.2025 22:45;0,0
16.10.2025 23:00;0,0
16.10.2025 23:15;0,0
16.10.2025 23:30;0,0
16.10.2025 23:45;0,0
17.10.2025 00:00;0,0
17.10.2025 00:15;0,0
17.10.2025 00:30;0,0
17.10.2025 00:45;0,0
17.10.2025 01:00;0,0
17.10.2025 01:15;0,0
17.10.2025 01:30;0,0
17.10.2025 01:45;0,0
17.10.2025 02:00;0,0
17.10.2025 02:15;0,0
17.10.2025 02:30;0,0
17.10.2025 02:45;0,0
17.10.2025 03:00;0,0
17.10.2025 03:15;0,0
17.10.2025 03:30;0,0
17.10.2025 03:45;0,0
17.10.2025 04:00;0,0
17.10.2025 04:15;0,0
17.10.2025 04:30;0,0
17.10.2025 04:45;0,0
17.10.2025 05:00;0,0
17.10.2025 05:15;0,00218775
17.10.2025 05:30;0,0043755
17.10.2025 05:45;0,00656325
17.10.2025 06:00;0,008751
17.10.2025 06:15;0,04651566666666667
17.10.2025 06:30;0,08428033333333333
17.10.2025 06:45;0,12204499999999999
17.10.2025 07:00;0,15980966666666668
17.10.2025 07:15;0,19229741666666667
17.10.2025 07:30;0,22478516666666667
17.10.2025 07:45;0,2572729166666667
17.10.2025 08:00;0,28976066666666667
17.10.2025 08:15;0,3087034166666667
17.10.2025 08:30;0,3276461666666667
17.10.2025 08:45;0,34658891666666664
17.10.2025 09:00;0,36553166666666664
17.10.2025 09:15;0,3776268333333333
17.10.2025 09:30;0,389722
17.10.2025 09:45;0,40181716666666667
17.10.2025 10:00;0,4139123333333333
17.10.2025 10:15;0,4168080833333333
17.10.2025 10:30;0,41970383333333333
17.10.2025 10:45;0,42259958333333336
17.10.2025 11:00;0,42549533333333334
17.10.2025 11:15;0,4166993333333333
17.10.2025 11:30;0,4079033333333333
17.10.2025 11:45;0,3991073333333333
17.10.2025 12:00;0,3903113333333333
17.10.2025 12:15;0,3732554166666666
17.10.2025 12:30;0,3561995
17.10.2025 12:45;0,33914358333333333
17.10.2025 13:00;0,32208766666666666
17.10.2025 13:15;0,2964045833333333
17.10.2025 13:30;0,2707215
17.10.2025 13:45;0,24503841666666665
17.10.2025 14:00;0,21935533333333332
17.10.2025 14:15;0,19657333333333332
17.10.2025 14:30;0,17379133333333333
17.10.2025 14:45;0,15100933333333333
17.10.2025 15:00;0,12822733333333333
17.10.2025 15:15;0,09915058333333333
17.10.2025 15:30;0,07007383333333334
17.10.2025 15:45;0,04099708333333334
17.10.2025 16:00;0,011920333333333333
17.10.2025 16:15;0,00894025
17.10.2025 16:30;0,0059601666666666666
17.10.2025 16:45;0,002980083333333333
17.10.2025 17:00;0,0
17.10.2025 17:15;0,0
17.10.2025 17:30;0,0
17.10.2025 17:45;0,0
17.10.2025 18:00;0,0
17.10.2025 18:15;0,0
17.10.2025 18:30;0,0
17.10.2025 18:45;0,0
17.10.2025 19:00;0,0
17.10.2025 19:15;0,0
17.10.2025 19:30;0,0
17.10.2025 19:45;0,0
17.10.2025 20:00;0,0
17.10.2025 20:15;0,0
17.10.2025 20:30;0,0
17.10.2025 20:45;0,0
17.10.2025 21:00;0,0
17.10.2025 21:15;0,0
17.10.2025 21:30;0,0
17.10.2025 21:45;0,0
17.10.2025 22:00;0,0
17.10.2025 22:15;0,0
17.10.2025 22:30;0,0
17.10.2025 22:45;0,0
17.10.2025 23:00;0,0
17.10.2025 23:15;0,0
17.10.2025 23:30;0,0
17.10.2025 23:45;0,0
18.10.2025 00:00;0,0
18.10.2025 00:15;0,0
18.10.2025 00:30;0,0
18.10.2025 00:45;0,0
18.10.2025 01:00;0,0
18.10.2025 01:15;0,0
18.10.2025 01:30;0,0
18.10.2025 01:45;0,0
18.10.2025 02:00;0,0
18.10.2025 02:15;0,0
18.10.2025 02:30;0,0
18.10.2025 02:45;0,0
18.10.2025 03:00;0,0
18.10.2025 03:15;0,0
18.10.2025 03:30;0,0
18.10.2025 03:45;0,0
18.10.2025 04:00;0,0
18.10.2025 04:15;0,0
18.10.2025 04:30;0,0
18.10.2025 04:45;0,0
18.10.2025 05:00;0,0
18.10.2025 05:15;0,0013574166666666667
18.10.2025 05:30;0,0027148333333333334
18.10.2025 05:45;0,00407225
18.10.2025 06:00;0,005429666666666667
18.10.2025 06:15;0,035331916666666664
18.10.2025 06:30;0,06523416666666666
18.10.2025 06:45;0,09513641666666667
18.10.2025 07:00;0,12503866666666666
18.10.2025 07:15;0,15145991666666667
18.10.2025 07:30;0,17788116666666665
18.10.2025 07:45;0,20430241666666665
18.10.2025 08:00;0,23072366666666666
18.10.2025 08:15;0,251357
18.10.2025 08:30;0,27199033333333333
18.10.2025 08:45;0,29262366666666667
18.10.2025 09:00;0,313257
18.10.2025 09:15;0,32844
18.10.2025 09:30;0,343623
18.10.2025 09:45;0,358806
18.10.2025 10:00;0,373989
18.10.2025 10:15;0,3826954166666667
18.10.2025 10:30;0,39140183333333334
18.10.2025 10:45;0,40010825
18.10.2025 11:00;0,40881466666666666
18.10.2025 11:15;0,4125698333333333
18.10.2025 11:30;0,41632499999999995
18.10.2025 11:45;0,42008016666666664
18.10.2025 12:00;0,4238353333333333
18.10.2025 12:15;0,40440099999999995
18.10.2025 12:30;0,3849666666666666
18.10.2025 12:45;0,3655323333333333
18.10.2025 13:00;0,34609799999999996
18.10.2025 13:15;0,32110924999999996
18.10.2025 13:30;0,2961205
18.10.2025 13:45;0,27113175
18.10.2025 14:00;0,246143
18.10.2025 14:15;0,22344225
18.10.2025 14:30;0,2007415
18.10.2025 14:45;0,17804074999999997
18.10.2025 15:00;0,15533999999999998
18.10.2025 15:15;0,11970408333333332
18.10.2025 15:30;0,08406816666666665
18.10.2025 15:45;0,048432249999999996
18.10.2025 16:00;0,012796333333333333
18.10.2025 16:15;0,00959725
18.10.2025 16:30;0,006398166666666667
18.10.2025 16:45;0,0031990833333333333
18.10.2025 17:00;0,0
18.10.2025 17:15;0,0
18.10.2025 17:30;0,0
18.10.2025 17:45;0,0
18.10.2025 18:00;0,0
18.10.2025 18:15;0,0
18.10.2025 18:30;0,0
18.10.2025 18:45;0,0
18.10.2025 19:00;0,0
18.10.2025 19:15;0,0
18.10.2025 19:30;0,0
18.10.2025 19:45;0,0
18.10.2025 20:00;0,0
18.10.2025 20:15;0,0
18.10.2025 20:30;0,0
18.10.2025 20:45;0,0
18.10.2025 21:00;0,0
18.10.2025 21:15;0,0
18.10.2025 21:30;0,0
18.10.2025 21:45;0,0
18.10.2025 22:00;0,0
18.10.2025 22:15;0,0
18.10.2025 22:30;0,0
18.10.2025 22:45;0,0
18.10.2025 23:00;0,0
18.10.2025 23:15;0,0
18.10.2025 23:30;0,0
18.10.2025 23:45;0,0
19.10.2025 00:00;0,0
19.10.2025 00:15;0,0
19.10.2025 00:30;0,0
19.10.2025 00:45;0,0
19.10.2025 01:00;0,0
19.10.2025 01:15;0,0
19.10.2025 01:30;0,0
19.10.2025 01:45;0,0
19.10.2025 02:00;0,0
19.10.2025 02:15;0,0
19.10.2025 02:30;0,0
19.10.2025 02:45;0,0
19.10.2025 03:00;0,0
19.10.2025 03:15;0,0
19.10.2025 03:30;0,0
19.10.2025 03:45;0,0
19.10.2025 04:00;0,0
19.10.2025 04:15;0,0
19.10.2025 04:30;0,0
19.10.2025 04:45;0,0
19.10.2025 05:00;0,0
19.10.2025 05:15;0,00041416666666666663
19.10.2025 05:30;0,0008283333333333333
19.10.2025 05:45;0,0012425
19.10.2025 06:00;0,0016566666666666667
19.10.2025 06:15;0,027800250000000002
19.10.2025 06:30;0,05394383333333334
19.10.2025 06:45;0,08008741666666667
19.10.2025 07:00;0,106231
19.10.2025 07:15;0,12426491666666667
19.10.2025 07:30;0,14229883333333335
19.10.2025 07:45;0,16033275000000002
19.10.2025 08:00;0,17836666666666667
19.10.2025 08:15;0,19661008333333335
19.10.2025 08:30;0,2148535
19.10.2025 08:45;0,23309691666666665
19.10.2025 09:00;0,25134033333333333
19.10.2025 09:15;0,27939058333333333
19.10.2025 09:30;0,30744083333333333
19.10.2025 09:45;0,33549108333333333
19.10.2025 10:00;0,3635413333333333
19.10.2025 10:15;0,3770868333333333
19.10.2025 10:30;0,3906323333333333
19.10.2025 10:45;0,40417783333333335
19.10.2025 11:00;0,41772333333333334
19.10.2025 11:15;0,42536666666666667
19.10.2025 11:30;0,43301
19.10.2025 11:45;0,44065333333333334
19.10.2025 12:00;0,4482966666666667
19.10.2025 12:15;0,43469833333333335
19.10.2025 12:30;0,42110000000000003
19.10.2025 12:45;0,40750166666666665
19.10.2025 13:00;0,3939033333333333
19.10.2025 13:15;0,3650100833333333
19.10.2025 13:30;0,3361168333333333
19.10.2025 13:45;0,3072235833333333
19.10.2025 14:00;0,2783303333333333
19.10.2025 14:15;0,24779116666666665
19.10.2025 14:30;0,21725199999999997
19.10.2025 14:45;0,18671283333333333
19.10.2025 15:00;0,15617366666666666
19.10.2025 15:15;0,11974533333333331
19.10.2025 15:30;0,08331699999999999
19.10.2025 15:45;0,04688866666666666
19.10.2025 16:00;0,010460333333333332
19.10.2025 16:15;0,007845249999999998
19.10.2025 16:30;0,005230166666666666
19.10.2025 16:45;0,002615083333333332
19.10.2025 17:00;0,0
19.10.2025 17:15;0,0
19.10.2025 17:30;0,0
19.10.2025 17:45;0,0
19.10.2025 18:00;0,0
19.10.2025 18:15;0,0
19.10.2025 18:30;0,0
19.10.2025 18:45;0,0
19.10.2025 19:00;0,0
19.10.2025 19:15;0,0
19.10.2025 19:30;0,0
19.10.2025 19:45;0,0
19.10.2025 20:00;0,0
19.10.2025 20:15;0,0
19.10.2025 20:30;0,0
19.10.2025 20:45;0,0
19.10.2025 21:00;0,0
19.10.2025 21:15;0,0
19.10.2025 21:30;0,0
19.10.2025 21:45;0,0
19.10.2025 22:00;0,0
19.10.2025 22:15;0,0
19.10.2025 22:30;0,0
19.10.2025 22:45;0,0
19.10.2025 23:00;0,0
19.10.2025 23:15;0,0
19.10.2025 23:30;0,0
19.10.2025 23:45;0,0
20.10.2025 00:00;0,0
20.10.2025 00:15;0,0
20.10.2025 00:30;0,0
20.10.2025 00:45;0,0
20.10.2025 01:00;0,0
20.10.2025 01:15;0,0
20.10.2025 01:30;0,0
20.10.2025 01:45;0,0
20.10.2025 02:00;0,0
20.10.2025 02:15;0,0
20.10.2025 02:30;0,0
20.10.2025 02:45;0,0
20.10.2025 03:00;0,0
20.10.2025 03:15;0,0
20.10.2025 03:30;0,0
20.10.2025 03:45;0,0
20.10.2025 04:00;0,0
20.10.2025 04:15;0,0
20.10.2025 04:30;0,0
20.10.2025 04:45;0,0
20.10.2025 05:00;0,0
20.10.2025 05:15;9,191666666666666e-05
20.10.2025 05:30;0,00018383333333333332
20.10.2025 05:45;0,00027574999999999995
20.10.2025 06:00;0,00036766666666666664
20.10.2025 06:15;0,02379608333333333
20.10.2025 06:30;0,047224499999999996
20.10.2025 06:45;0,07065291666666666
20.10.2025 07:00;0,09408133333333332
20.10.2025 07:15;0,12542833333333334
20.10.2025 07:30;0,15677533333333332
20.10.2025 07:45;0,18812233333333334
20.10.2025 08:00;0,21946933333333335
20.10.2025 08:15;0,2435196666666667
20.10.2025 08:30;0,26757
20.10.2025 08:45;0,2916203333333333
20.10.2025 09:00;0,31567066666666665
20.10.2025 09:15;0,32072475
20.10.2025 09:30;0,32577883333333335
20.10.2025 09:45;0,33083291666666664
20.10.2025 10:00;0,335887
20.10.2025 10:15;0,3412
20.10.2025 10:30;0,34651299999999996
20.10.2025 10:45;0,35182599999999997
20.10.2025 11:00;0,357139
20.10.2025 11:15;0,35668866666666665
20.10.2025 11:30;0,3562383333333333
20.10.2025 11:45;0,355788
20.10.2025 12:00;0,35533766666666666
20.10.2025 12:15;0,35208966666666663
20.10.2025 12:30;0,34884166666666666
20.10.2025 12:45;0,3455936666666667
20.10.2025 13:00;0,34234566666666666
20.10.2025 13:15;0,32199225
20.10.2025 13:30;0,3016388333333333
20.10.2025 13:45;0,2812854166666667
20.10.2025 14:00;0,260932
20.10.2025 14:15;0,23084
20.10.2025 14:30;0,20074799999999998
20.10.2025 14:45;0,170656
20.10.2025 15:00;0,140564
20.10.2025 15:15;0,10736891666666666
20.10.2025 15:30;0,07417383333333333
20.10.2025 15:45;0,040978749999999994
20.10.2025 16:00;0,007783666666666666
20.10.2025 16:15;0,00583775
20.10.2025 16:30;0,0038918333333333335
20.10.2025 16:45;0,001945916666666667
20.10.2025 17:00;0,0
20.10.2025 17:15;0,0
20.10.2025 17:30;0,0
20.10.2025 17:45;0,0
20.10.2025 18:00;0,0
20.10.2025 18:15;0,0
20.10.2025 18:30;0,0
20.10.2025 18:45;0,0
20.10.2025 19:00;0,0
20.10.2025 19:15;0,0
20.10.2025 19:30;0,0
20.10.2025 19:45;0,0
20.10.2025 20:00;0,0
20.10.2025 20:15;0,0
20.10.2025 20:30;0,0
20.10.2025 20:45;0,0
20.10.2025 21:00;0,0
20.10.2025 21:15;0,0
20.10.2025 21:30;0,0
20.10.2025 21:45;0,0
20.10.2025 22:00;0,0
20.10.2025 22:15;0,0
20.10.2025 22:30;0,0
20.10.2025 22:45;0,0
20.10.2025 23:00;0,0
20.10.2025 23:15;0,0
20.10.2025 23:30;0,0
20.10.2025 23:45;0,0
21.10.2025 00:00;0,0
21.10.2025 00:15;0,0
21.10.2025 00:30;0,0
21.10.2025 00:45;0,0
21.10.2025 01:00;0,0
21.10.2025 01:15;0,0
21.10.2025 01:30;0,0
21.10.2025 01:45;0,0
21.10.2025 02:00;0,0
21.10.2025 02:15;0,0
21.10.2025 02:30;0,0
21.10.2025 02:45;0,0
21.10.2025 03:00;0,0
21.10.2025 03:15;0,0
21.10.2025 03:30;0,0
21.10.2025 03:45;0,0
21.10.2025 04:00;0,0
21.10.2025 04:15;0,0
21.10.2025 04:30;0,0
21.10.2025 04:45;0,0
21.10.2025 05:00;0,0
21.10.2025 05:15;6,833333333333335e-05
21.10.2025 05:30;0,0001366666666666667
21.10.2025 05:45;0,00020500000000000002
21.10.2025 06:00;0,0002733333333333334
21.10.2025 06:15;0,027636249999999998
21.10.2025 06:30;0,05499916666666666
21.10.2025 06:45;0,08236208333333332
21.10.2025 07:00;0,109725
21.10.2025 07:15;0,12491400000000001
21.10.2025 07:30;0,140103
21.10.2025 07:45;0,155292
21.10.2025 08:00;0,17048100000000002
21.10.2025 08:15;0,17978200000000003
21.10.2025 08:30;0,189083
21.10.2025 08:45;0,198384
21.10.2025 09:00;0,207685
21.10.2025 09:15;0,21067408333333335
21.10.2025 09:30;0,21366316666666668
21.10.2025 09:45;0,21665225
21.10.2025 10:00;0,21964133333333333
21.10.2025 10:15;0,21764725000000001
21.10.2025 10:30;0,21565316666666667
21.10.2025 10:45;0,21365908333333333
21.10.2025 11:00;0,21166500000000002
21.10.2025 11:15;0,21532575
21.10.2025 11:30;0,21898650000000003
21.10.2025 11:45;0,22264725000000002
21.10.2025 12:00;0,226308
21.10.2025 12:15;0,23524625
21.10.2025 12:30;0,2441845
21.10.2025 12:45;0,25312275
21.10.2025 13:00;0,262061
21.10.2025 13:15;0,24131375
21.10.2025 13:30;0,2205665
21.10.2025 13:45;0,19981925
21.10.2025 14:00;0,179072
21.10.2025 14:15;0,15817483333333335
21.10.2025 14:30;0,1372776666666667
21.10.2025 14:45;0,1163805
21.10.2025 15:00;0,09548333333333334
21.10.2025 15:15;0,0724375
21.10.2025 15:30;0,04939166666666667
21.10.2025 15:45;0,026345833333333332
21.10.2025 16:00;0,0032999999999999995
21.10.2025 16:15;0,0024749999999999998
21.10.2025 16:30;0,0016499999999999998
21.10.2025 16:45;0,0008249999999999998
21.10.2025 17:00;0,0
21.10.2025 17:15;0,0
21.10.2025 17:30;0,0
21.10.2025 17:45;0,0
21.10.2025 18:00;0,0
21.10.2025 18:15;0,0
21.10.2025 18:30;0,0
21.10.2025 18:45;0,0
21.10.2025 19:00;0,0
21.10.2025 19:15;0,0
21.10.2025 19:30;0,0
21.10.2025 19:45;0,0
21.10.2025 20:00;0,0
21.10.2025 20:15;0,0
21.10.2025 20:30;0,0
21.10.2025 20:45;0,0
21.10.2025 21:00;0,0
21.10.2025 21:15;0,0
21.10.2025 21:30;0,0
21.10.2025 21:45;0,0
21.10.2025 22:00;0,0
21.10.2025 22:15;0,0
21.10.2025 22:30;0,0
21.10.2025 22:45;0,0
21.10.2025 23:00;0,0
21.10.2025 23:15;0,0
21.10.2025 23:30;0,0
21.10.2025 23:45;0,0
22.10.2025 00:00;0,0
22.10.2025 00:15;0,0
22.10.2025 00:30;0,0
22.10.2025 00:45;0,0
22.10.2025 01:00;0,0
22.10.2025 01:15;0,0
22.10.2025 01:30;0,0
22.10.2025 01:45;0,0
22.10.2025 02:00;0,0
22.10.2025 02:15;0,0
22.10.2025 02:30;0,0
22.10.2025 02:45;0,0
22.10.2025 03:00;0,0
22.10.2025 03:15;0,0
22.10.2025 03:30;0,0
22.10.2025 03:45;0,0
22.10.2025 04:00;0,0
22.10.2025 04:15;0,0
22.10.2025 04:30;0,0
22.10.2025 04:45;0,0
22.10.2025 05:00;0,0
22.10.2025 05:15;2,7e-05
22.10.2025 05:30;5,4e-05
22.10.2025 05:45;8,099999999999999e-05
22.10.2025 06:00;0,000108
22.10.2025 06:15;0,03582241666666666
22.10.2025 06:30;0,07153683333333333
22.10.2025 06:45;0,10725124999999998
22.10.2025 07:00;0,14296566666666666
22.10.2025 07:15;0,1761198333333333
22.10.2025 07:30;0,209274
22.10.2025 07:45;0,24242816666666667
22.10.2025 08:00;0,2755823333333333
22.10.2025 08:15;0,2859506666666667
22.10.2025 08:30;0,296319
22.10.2025 08:45;0,30668733333333337
22.10.2025 09:00;0,3170556666666667
22.10.2025 09:15;0,3384568333333333
22.10.2025 09:30;0,359858
22.10.2025 09:45;0,3812591666666667
22.10.2025 10:00;0,40266033333333334
22.10.2025 10:15;0,4036879166666667
22.10.2025 10:30;0,4047155
22.10.2025 10:45;0,40574308333333337
22.10.2025 11:00;0,40677066666666667
22.10.2025 11:15;0,40225625
22.10.2025 11:30;0,39774183333333335
22.10.2025 11:45;0,39322741666666666
22.10.2025 12:00;0,388713
22.10.2025 12:15;0,38062291666666664
22.10.2025 12:30;0,3725328333333333
22.10.2025 12:45;0,36444275000000004
22.10.2025 13:00;0,3563526666666667
22.10.2025 13:15;0,32218025000000006
22.10.2025 13:30;0,28800783333333335
22.10.2025 13:45;0,25383541666666665
22.10.2025 14:00;0,219663
22.10.2025 14:15;0,19973575
22.10.2025 14:30;0,17980849999999998
22.10.2025 14:45;0,15988124999999997
22.10.2025 15:00;0,139954
22.10.2025 15:15;0,10559516666666666
22.10.2025 15:30;0,07123633333333333
22.10.2025 15:45;0,036877499999999994
22.10.2025 16:00;0,002518666666666667
22.10.2025 16:15;0,001889
22.10.2025 16:30;0,0012593333333333334
22.10.2025 16:45;0,0006296666666666666
22.10.2025 17:00;0,0
22.10.2025 17:15;0,0
22.10.2025 17:30;0,0
22.10.2025 17:45;0,0
22.10.2025 18:00;0,0
22.10.2025 18:15;0,0
22.10.2025 18:30;0,0
22.10.2025 18:45;0,0
22.10.2025 19:00;0,0
22.10.2025 19:15;0,0
22.10.2025 19:30;0,0
22.10.2025 19:45;0,0
22.10.2025 20:00;0,0
22.10.2025 20:15;0,0
22.10.2025 20:30;0,0
22.10.2025 20:45;0,0
22.10.2025 21:00;0,0
22.10.2025 21:15;0,0
22.10.2025 21:30;0,0
22.10.2025 21:45;0,0
22.10.2025 22:00;0,0
22.10.2025 22:15;0,0
22.10.2025 22:30;0,0
22.10.2025 22:45;0,0
22.10.2025 23:00;0,0
22.10.2025 23:15;0,0
22.10.2025 23:30;0,0
22.10.2025 23:45;0,0
23.10.2025 00:00;0,0
23.10.2025 00:15;0,0
23.10.2025 00:30;0,0
23.10.2025 00:45;0,0
23.10.2025 01:00;0,0
23.10.2025 01:15;0,0
23.10.2025 01:30;0,0
23.10.2025 01:45;0,0
23.10.2025 02:00;0,0
23.10.2025 02:15;0,0
23.10.2025 02:30;0,0
23.10.2025 02:45;0,0
23.10.2025 03:00;0,0
23.10.2025 03:15;0,0
23.10.2025 03:30;0,0
23.10.2025 03:45;0,0
23.10.2025 04:00;0,0
23.10.2025 04:15;0,0
23.10.2025 04:30;0,0
23.10.2025 04:45;0,0
23.10.2025 05:00;0,0
23.10.2025 05:15;0,0
23.10.2025 05:30;0,0
23.10.2025 05:45;0,0
23.10.2025 06:00;0,0
23.10.2025 06:15;0,021542500000000003
23.10.2025 06:30;0,043085000000000005
23.10.2025 06:45;0,0646275
23.10.2025 07:00;0,08617000000000001
23.10.2025 07:15;0,10042533333333334
23.10.2025 07:30;0,11468066666666668
23.10.2025 07:45;0,128936
23.10.2025 08:00;0,14319133333333334
23.10.2025 08:15;0,15307325
23.10.2025 08:30;0,16295516666666668
23.10.2025 08:45;0,17283708333333336
23.10.2025 09:00;0,18271900000000002
23.10.2025 09:15;0,19048441666666668
23.10.2025 09:30;0,19824983333333335
23.10.2025 09:45;0,20601525
23.10.2025 10:00;0,21378066666666667
23.10.2025 10:15;0,2260424166666667
23.10.2025 10:30;0,23830416666666668
23.10.2025 10:45;0,25056591666666667
23.10.2025 11:00;0,2628276666666667
23.10.2025 11:15;0,2586960833333333
23.10.2025 11:30;0,2545645
23.10.2025 11:45;0,25043291666666667
23.10.2025 12:00;0,24630133333333334
23.10.2025 12:15;0,23349608333333333
23.10.2025 12:30;0,22069083333333334
23.10.2025 12:45;0,20788558333333335
23.10.2025 13:00;0,19508033333333333
23.10.2025 13:15;0,17332816666666667
23.10.2025 13:30;0,151576
23.10.2025 13:45;0,12982383333333333
23.10.2025 14:00;0,10807166666666666
23.10.2025 14:15;0,09797758333333334
23.10.2025 14:30;0,0878835
23.10.2025 14:45;0,07778941666666667
23.10.2025 15:00;0,06769533333333334
23.10.2025 15:15;0,05092450000000001
23.10.2025 15:30;0,03415366666666667
23.10.2025 15:45;0,017382833333333333
23.10.2025 16:00;0,000612
23.10.2025 16:15;0,000459
23.10.2025 16:30;0,000306
23.10.2025 16:45;0,00015299999999999998
23.10.2025 17:00;0,0
23.10.2025 17:15;0,0
23.10.2025 17:30;0,0
23.10.2025 17:45;0,0
23.10.2025 18:00;0,0
23.10.2025 18:15;0,0
23.10.2025 18:30;0,0
23.10.2025 18:45;0,0
23.10.2025 19:00;0,0
23.10.2025 19:15;0,0
23.10.2025 19:30;0,0
23.10.2025 19:45;0,0
23.10.2025 20:00;0,0
23.10.2025 20:15;0,0
23.10.2025 20:30;0,0
23.10.2025 20:45;0,0
23.10.2025 21:00;0,0
23.10.2025 21:15;0,0
23.10.2025 21:30;0,0
23.10.2025 21:45;0,0
23.10.2025 22:00;0,0
23.10.2025 22:15;0,0
23.10.2025 22:30;0,0
23.10.2025 22:45;0,0
23.10.2025 23:00;0,0
23.10.2025 23:15;0,0
23.10.2025 23:30;0,0
23.10.2025 23:45;0,0
24.10.2025 00:00;0,0
24.10.2025 00:15;0,0
24.10.2025 00:30;0,0
24.10.2025 00:45;0,0
24.10.2025 01:00;0,0
24.10.2025 01:15;0,0
24.10.2025 01:30;0,0
24.10.2025 01:45;0,0
24.10.2025 02:00;0,0
24.10.2025 02:15;0,0
24.10.2025 02:30;0,0
24.10.2025 02:45;0,0
24.10.2025 03:00;0,0
24.10.2025 03:15;0,0
24.10.2025 03:30;0,0
24.10.2025 03:45;0,0
24.10.2025 04:00;0,0
24.10.2025 04:15;0,0
24.10.2025 04:30;0,0
24.10.2025 04:45;0,0
24.10.2025 05:00;0,0
24.10.2025 05:15;0,0
24.10.2025 05:30;0,0
24.10.2025 05:45;0,0
24.10.2025 06:00;0,0
24.10.2025 06:15;0,023536833333333333
24.10.2025 06:30;0,047073666666666666
24.10.2025 06:45;0,07061049999999999
24.10.2025 07:00;0,09414733333333333
24.10.2025 07:15;0,12330841666666667
24.10.2025 07:30;0,15246949999999998
24.10.2025 07:45;0,18163058333333332
24.10.2025 08:00;0,21079166666666665
24.10.2025 08:15;0,22678366666666666
24.10.2025 08:30;0,24277566666666664
24.10.2025 08:45;0,2587676666666666
24.10.2025 09:00;0,2747596666666666
24.10.2025 09:15;0,3024281666666666
24.10.2025 09:30;0,33009666666666665
24.10.2025 09:45;0,3577651666666667
24.10.2025 10:00;0,3854336666666667
24.10.2025 10:15;0,39812291666666666
24.10.2025 10:30;0,41081216666666664
24.10.2025 10:45;0,4235014166666667
24.10.2025 11:00;0,43619066666666667
24.10.2025 11:15;0,43352291666666665
24.10.2025 11:30;0,4308551666666667
24.10.2025 11:45;0,42818741666666665
24.10.2025 12:00;0,42551966666666663
24.10.2025 12:15;0,42348166666666665
24.10.2025 12:30;0,42144366666666666
24.10.2025 12:45;0,4194056666666666
24.10.2025 13:00;0,41736766666666664
24.10.2025 13:15;0,3926995
24.10.2025 13:30;0,3680313333333333
24.10.2025 13:45;0,34336316666666666
24.10.2025 14:00;0,318695
24.10.2025 14:15;0,27838125
24.10.2025 14:30;0,2380675
24.10.2025 14:45;0,19775375
24.10.2025 15:00;0,15744
24.10.2025 15:15;0,11817633333333333
24.10.2025 15:30;0,07891266666666666
24.10.2025 15:45;0,03964899999999999
24.10.2025 16:00;0,00038533333333333334
24.10.2025 16:15;0,000289
24.10.2025 16:30;0,00019266666666666667
24.10.2025 16:45;9,633333333333336e-05
24.10.2025 17:00;0,0
24.10.2025 17:15;0,0
24.10.2025 17:30;0,0
24.10.2025 17:45;0,0
24.10.2025 18:00;0,0
24.10.2025 18:15;0,0
24.10.2025 18:30;0,0
24.10.2025 18:45;0,0
24.10.2025 19:00;0,0
24.10.2025 19:15;0,0
24.10.2025 19:30;0,0
24.10.2025 19:45;0,0
24.10.2025 20:00;0,0
24.10.2025 20:15;0,0
24.10.2025 20:30;0,0
24.10.2025 20:45;0,0
24.10.2025 21:00;0,0
24.10.2025 21:15;0,0
24.10.2025 21:30;0,0
24.10.2025 21:45;0,0
24.10.2025 22:00;0,0
24.10.2025 22:15;0,0
24.10.2025 22:30;0,0
24.10.2025 22:45;0,0
24.10.2025 23:00;0,0
24.10.2025 23:15;0,0
24.10.2025 23:30;0,0
24.10.2025 23:45;0,0
25.10.2025 00:00;0,0
25.10.2025 00:15;0,0
25.10.2025 00:30;0,0
25.10.2025 00:45;0,0
25.10.2025 01:00;0,0
25.10.2025 01:15;0,0
25.10.2025 01:30;0,0
25.10.2025 01:45;0,0
25.10.2025 02:00;0,0
25.10.2025 02:15;0,0
25.10.2025 02:30;0,0
25.10.2025 02:45;0,0
25.10.2025 03:00;0,0
25.10.2025 03:15;0,0
25.10.2025 03:30;0,0
25.10.2025 03:45;0,0
25.10.2025 04:00;0,0
25.10.2025 04:15;0,0
25.10.2025 04:30;0,0
25.10.2025 04:45;0,0
25.10.2025 05:00;0,0
25.10.2025 05:15;0,0
25.10.2025 05:30;0,0
25.10.2025 05:45;0,0
25.10.2025 06:00;0,0
25.10.2025 06:15;0,0318695
25.10.2025 06:30;0,063739
25.10.2025 06:45;0,0956085
25.10.2025 07:00;0,127478
25.10.2025 07:15;0,15928925
25.10.2025 07:30;0,1911005
25.10.2025 07:45;0,22291175
25.10.2025 08:00;0,254723
25.10.2025 08:15;0,284442
25.10.2025 08:30;0,31416099999999997
25.10.2025 08:45;0,34387999999999996
25.10.2025 09:00;0,37359899999999996
25.10.2025 09:15;0,39226724999999996
25.10.2025 09:30;0,4109355
25.10.2025 09:45;0,42960375
25.10.2025 10:00;0,448272
25.10.2025 10:15;0,45655958333333335
25.10.2025 10:30;0,4648471666666667
25.10.2025 10:45;0,47313475
25.10.2025 11:00;0,48142233333333334
25.10.2025 11:15;0,47626
25.10.2025 11:30;0,47109766666666664
25.10.2025 11:45;0,4659353333333333
25.10.2025 12:00;0,460773
25.10.2025 12:15;0,44971174999999997
25.10.2025 12:30;0,43865049999999994
25.10.2025 12:45;0,42758925
25.10.2025 13:00;0,41652799999999995
25.10.2025 13:15;0,3904685
25.10.2025 13:30;0,364409
25.10.2025 13:45;0,33834949999999997
25.10.2025 14:00;0,31229
25.10.2025 14:15;0,27359183333333337
25.10.2025 14:30;0,23489366666666667
25.10.2025 14:45;0,1961955
25.10.2025 15:00;0,15749733333333332
25.10.2025 15:15;0,11816333333333333
25.10.2025 15:30;0,07882933333333333
25.10.2025 15:45;0,03949533333333334
25.10.2025 16:00;0,00016133333333333334
25.10.2025 16:15;0,00012100000000000001
25.10.2025 16:30;8,066666666666667e-05
25.10.2025 16:45;4,033333333333333e-05
25.10.2025 17:00;0,0
25.10.2025 17:15;0,0
25.10.2025 17:30;0,0
25.10.2025 17:45;0,0
25.10.2025 18:00;0,0
25.10.2025 18:15;0,0
25.10.2025 18:30;0,0
25.10.2025 18:45;0,0
25.10.2025 19:00;0,0
25.10.2025 19:15;0,0
25.10.2025 19:30;0,0
25.10.2025 19:45;0,0
25.10.2025 20:00;0,0
25.10.2025 20:15;0,0
25.10.2025 20:30;0,0
25.10.2025 20:45;0,0
25.10.2025 21:00;0,0
25.10.2025 21:15;0,0
25.10.2025 21:30;0,0
25.10.2025 21:45;0,0
25.10.2025 22:00;0,0
25.10.2025 22:15;0,0
25.10.2025 22:30;0,0
25.10.2025 22:45;0,0
25.10.2025 23:00;0,0
25.10.2025 23:15;0,0
25.10.2025 23:30;0,0
25.10.2025 23:45;0,0
26.10.2025 00:00;0,0
26.10.2025 00:15;0,0
26.10.2025 00:30;0,0
26.10.2025 00:45;0,0
26.10.2025 01:00;0,0
26.10.2025 01:15;0,0
26.10.2025 01:30;0,0
26.10.2025 01:45;0,0
26.10.2025 02:00;0,0
26.10.2025 02:15;0,0
26.10.2025 02:30;0,0
26.10.2025 02:45;0,0
26.10.2025 03:00;0,0
26.10.2025 03:15;0,0
26.10.2025 03:30;0,0
26.10.2025 03:45;0,0
26.10.2025 04:00;0,0
26.10.2025 04:15;0,0
26.10.2025 04:30;0,0
26.10.2025 04:45;0,0
26.10.2025 05:00;0,0
26.10.2025 05:15;0,0
26.10.2025 05:30;0,0
26.10.2025 05:45;0,0
26.10.2025 06:00;0,0
26.10.2025 06:15;0,0223185
26.10.2025 06:30;0,044637
26.10.2025 06:45;0,0669555
26.10.2025 07:00;0,089274
26.10.2025 07:15;0,10902441666666667
26.10.2025 07:30;0,12877483333333334
26.10.2025 07:45;0,14852525
26.10.2025 08:00;0,16827566666666666
26.10.2025 08:15;0,18123275
26.10.2025 08:30;0,19418983333333334
26.10.2025 08:45;0,20714691666666668
26.10.2025 09:00;0,22010400000000002
26.10.2025 09:15;0,23961533333333335
26.10.2025 09:30;0,25912666666666667
26.10.2025 09:45;0,278638
26.10.2025 10:00;0,2981493333333333
26.10.2025 10:15;0,31771916666666666
26.10.2025 10:30;0,33728899999999995
26.10.2025 10:45;0,3568588333333333
26.10.2025 11:00;0,37642866666666663
26.10.2025 11:15;0,37889225
26.10.2025 11:30;0,38135583333333334
26.10.2025 11:45;0,38381941666666664
26.10.2025 12:00;0,386283
26.10.2025 12:15;0,37749608333333334
26.10.2025 12:30;0,36870916666666664
26.10.2025 12:45;0,35992225
26.10.2025 13:00;0,35113533333333335
26.10.2025 13:15;0,3266124166666667
26.10.2025 13:30;0,3020895
26.10.2025 13:45;0,27756658333333334
26.10.2025 14:00;0,25304366666666667
26.10.2025 14:15;0,22132733333333332
26.10.2025 14:30;0,189611
26.10.2025 14:45;0,15789466666666668
26.10.2025 15:00;0,12617833333333334
26.10.2025 15:15;0,09463566666666667
26.10.2025 15:30;0,063093
26.10.2025 15:45;0,03155033333333333
26.10.2025 16:00;7,666666666666667e-06
26.10.2025 16:15;5,750000000000001e-06
26.10.2025 16:30;3,833333333333334e-06
26.10.2025 16:45;1,9166666666666672e-06
26.10.2025 17:00;0,0
26.10.2025 17:15;0,0
26.10.2025 17:30;0,0
26.10.2025 17:45;0,0
26.10.2025 18:00;0,0
26.10.2025 18:15;0,0
26.10.2025 18:30;0,0
26.10.2025 18:45;0,0
26.10.2025 19:00;0,0
26.10.2025 19:15;0,0
26.10.2025 19:30;0,0
26.10.2025 19:45;0,0
26.10.2025 20:00;0,0
26.10.2025 20:15;0,0
26.10.2025 20:30;0,0
26.10.2025 20:45;0,0
26.10.2025 21:00;0,0
26.10.2025 21:15;0,0
26.10.2025 21:30;0,0
26.10.2025 21:45;0,0
26.10.2025 22:00;0,0
26.10.2025 22:15;0,0
26.10.2025 22:30;0,0
26.10.2025 22:45;0,0
26.10.2025 23:00;0,0
26.10.2025 23:15;0,0
26.10.2025 23:30;0,0
26.10.2025 23:45;0,0
27.10.2025 00:00;0,0
27.10.2025 00:15;0,0
27.10.2025 00:30;0,0
27.10.2025 00:45;0,0
27.10.2025 01:00;0,0
27.10.2025 01:15;0,0
27.10.2025 01:30;0,0
27.10.2025 01:45;0,0
27.10.2025 02:00;0,0
27.10.2025 02:15;0,0
27.10.2025 02:30;0,0
27.10.2025 02:45;0,0
27.10.2025 03:00;0,0
27.10.2025 03:15;0,0
27.10.2025 03:30;0,0
27.10.2025 03:45;0,0
27.10.2025 04:00;0,0
27.10.2025 04:15;0,0
27.10.2025 04:30;0,0
27.10.2025 04:45;0,0
27.10.2025 05:00;0,0
27.10.2025 05:15;0,0
27.10.2025 05:30;0,0
27.10.2025 05:45;0,0
27.10.2025 06:00;0,0
27.10.2025 06:15;0,02583275
27.10.2025 06:30;0,0516655
27.10.2025 06:45;0,07749825
27.10.2025 07:00;0,103331
27.10.2025 07:15;0,12629825
27.10.2025 07:30;0,1492655
27.10.2025 07:45;0,17223275
27.10.2025 08:00;0,19519999999999998
27.10.2025 08:15;0,20214041666666666
27.10.2025 08:30;0,20908083333333333
27.10.2025 08:45;0,21602124999999997
27.10.2025 09:00;0,22296166666666664
27.10.2025 09:15;0,24139575
27.10.2025 09:30;0,2598298333333333
27.10.2025 09:45;0,27826391666666667
27.10.2025 10:00;0,296698
27.10.2025 10:15;0,31030925000000004
27.10.2025 10:30;0,3239205
27.10.2025 10:45;0,33753175
27.10.2025 11:00;0,35114300000000004
27.10.2025 11:15;0,34622050000000004
27.10.2025 11:30;0,341298
27.10.2025 11:45;0,3363755
27.10.2025 12:00;0,331453
27.10.2025 12:15;0,32528816666666666
27.10.2025 12:30;0,3191233333333333
27.10.2025 12:45;0,31295850000000003
27.10.2025 13:00;0,3067936666666667
27.10.2025 13:15;0,29130525
27.10.2025 13:30;0,27581683333333334
27.10.2025 13:45;0,2603284166666667
27.10.2025 14:00;0,24484
27.10.2025 14:15;0,21292025
27.10.2025 14:30;0,1810005
27.10.2025 14:45;0,14908075
27.10.2025 15:00;0,117161
27.10.2025 15:15;0,08787075
27.10.2025 15:30;0,0585805
27.10.2025 15:45;0,029290250000000004
27.10.2025 16:00;0,0
27.10.2025 16:15;0,0
27.10.2025 16:30;0,0
27.10.2025 16:45;0,0
27.10.2025 17:00;0,0
27.10.2025 17:15;0,0
27.10.2025 17:30;0,0
27.10.2025 17:45;0,0
27.10.2025 18:00;0,0
27.10.2025 18:15;0,0
27.10.2025 18:30;0,0
27.10.2025 18:45;0,0
27.10.2025 19:00;0,0
27.10.2025 19:15;0,0
27.10.2025 19:30;0,0
27.10.2025 19:45;0,0
27.10.2025 20:00;0,0
27.10.2025 20:15;0,0
27.10.2025 20:30;0,0
27.10.2025 20:45;0,0
27.10.2025 21:00;0,0
27.10.2025 21:15;0,0
27.10.2025 21:30;0,0
27.10.2025 21:45;0,0
27.10.2025 22:00;0,0
27.10.2025 22:15;0,0
27.10.2025 22:30;0,0
27.10.2025 22:45;0,0
27.10.2025 23:00;0,0
27.10.2025 23:15;0,0
27.10.2025 23:30;0,0
27.10.2025 23:45;0,0
28.10.2025 00:00;0,0
28.10.2025 00:15;0,0
28.10.2025 00:30;0,0
28.10.2025 00:45;0,0
28.10.2025 01:00;0,0
28.10.2025 01:15;0,0
28.10.2025 01:30;0,0
28.10.2025 01:45;0,0
28.10.2025 02:00;0,0
28.10.2025 02:15;0,0
28.10.2025 02:30;0,0
28.10.2025 02:45;0,0
28.10.2025 03:00;0,0
28.10.2025 03:15;0,0
28.10.2025 03:30;0,0
28.10.2025 03:45;0,0
28.10.2025 04:00;0,0
28.10.2025 04:15;0,0
28.10.2025 04:30;0,0
28.10.2025 04:45;0,0
28.10.2025 05:00;0,0
28.10.2025 05:15;0,0
28.10.2025 05:30;0,0
28.10.2025 05:45;0,0
28.10.2025 06:00;0,0
28.10.2025 06:15;0,017408749999999997
28.10.2025 06:30;0,034817499999999994
28.10.2025 06:45;0,05222624999999999
28.10.2025 07:00;0,06963499999999999
28.10.2025 07:15;0,08447491666666666
28.10.2025 07:30;0,09931483333333332
28.10.2025 07:45;0,11415475
28.10.2025 08:00;0,12899466666666667
28.10.2025 08:15;0,14279408333333332
28.10.2025 08:30;0,1565935
28.10.2025 08:45;0,17039291666666667
28.10.2025 09:00;0,18419233333333332
28.10.2025 09:15;0,19392824999999997
28.10.2025 09:30;0,20366416666666665
28.10.2025 09:45;0,21340008333333332
28.10.2025 10:00;0,22313599999999997
28.10.2025 10:15;0,23347841666666663
28.10.2025 10:30;0,24382083333333332
28.10.2025 10:45;0,25416324999999995
28.10.2025 11:00;0,26450566666666664
28.10.2025 11:15;0,2728883333333333
28.10.2025 11:30;0,281271
28.10.2025 11:45;0,2896536666666667
28.10.2025 12:00;0,29803633333333335
28.10.2025 12:15;0,2834235
28.10.2025 12:30;0,26881066666666664
28.10.2025 12:45;0,25419783333333335
28.10.2025 13:00;0,239585
28.10.2025 13:15;0,22704908333333332
28.10.2025 13:30;0,21451316666666664
28.10.2025 13:45;0,20197725
28.10.2025 14:00;0,18944133333333332
28.10.2025 14:15;0,16666841666666665
28.10.2025 14:30;0,14389549999999998
28.10.2025 14:45;0,12112258333333333
28.10.2025 15:00;0,09834966666666665
28.10.2025 15:15;0,07376224999999999
28.10.2025 15:30;0,04917483333333333
28.10.2025 15:45;0,024587416666666667
28.10.2025 16:00;0,0
28.10.2025 16:15;0,0
28.10.2025 16:30;0,0
28.10.2025 16:45;0,0
28.10.2025 17:00;0,0
28.10.2025 17:15;0,0
28.10.2025 17:30;0,0
28.10.2025 17:45;0,0
28.10.2025 18:00;0,0
28.10.2025 18:15;0,0
28.10.2025 18:30;0,0
28.10.2025 18:45;0,0
28.10.2025 19:00;0,0
28.10.2025 19:15;0,0
28.10.2025 19:30;0,0
28.10.2025 19:45;0,0
28.10.2025 20:00;0,0
28.10.2025 20:15;0,0
28.10.2025 20:30;0,0
28.10.2025 20:45;0,0
28.10.2025 21:00;0,0
28.10.2025 21:15;0,0
28.10.2025 21:30;0,0
28.10.2025 21:45;0,0
28.10.2025 22:00;0,0
28.10.2025 22:15;0,0
28.10.2025 22:30;0,0
28.10.2025 22:45;0,0
28.10.2025 23:00;0,0
28.10.2025 23:15;0,0
28.10.2025 23:30;0,0
28.10.2025 23:45;0,0
29.10.2025 00:00;0,0
29.10.2025 00:15;0,0
29.10.2025 00:30;0,0
29.10.2025 00:45;0,0
29.10.2025 01:00;0,0
29.10.2025 01:15;0,0
29.10.2025 01:30;0,0
29.10.2025 01:45;0,0
29.10.2025 02:00;0,0
29.10.2025 02:15;0,0
29.10.2025 02:30;0,0
29.10.2025 02:45;0,0
29.10.2025 03:00;0,0
29.10.2025 03:15;0,0
29.10.2025 03:30;0,0
29.10.2025 03:45;0,0
29.10.2025 04:00;0,0
29.10.2025 04:15;0,0
29.10.2025 04:30;0,0
29.10.2025 04:45;0,0
29.10.2025 05:00;0,0
29.10.2025 05:15;0,0
29.10.2025 05:30;0,0
29.10.2025 05:45;0,0
29.10.2025 06:00;0,0
29.10.2025 06:15;0,007682249999999999
29.10.2025 06:30;0,015364499999999998
29.10.2025 06:45;0,023046749999999998
29.10.2025 07:00;0,030729
29.10.2025 07:15;0,04174158333333333
29.10.2025 07:30;0,05275416666666667
29.10.2025 07:45;0,06376675000000001
29.10.2025 08:00;0,07477933333333334
29.10.2025 08:15;0,07963891666666667
29.10.2025 08:30;0,0844985
29.10.2025 08:45;0,08935808333333334
29.10.2025 09:00;0,09421766666666667
29.10.2025 09:15;0,09875175
29.10.2025 09:30;0,10328583333333334
29.10.2025 09:45;0,10781991666666668
29.10.2025 10:00;0,11235400000000001
29.10.2025 10:15;0,12066
29.10.2025 10:30;0,128966
29.10.2025 10:45;0,137272
29.10.2025 11:00;0,14557799999999999
29.10.2025 11:15;0,14759624999999998
29.10.2025 11:30;0,14961449999999998
29.10.2025 11:45;0,15163275
29.10.2025 12:00;0,153651
29.10.2025 12:15;0,15317583333333334
29.10.2025 12:30;0,15270066666666665
29.10.2025 12:45;0,15222549999999999
29.10.2025 13:00;0,15175033333333332
29.10.2025 13:15;0,14200875
29.10.2025 13:30;0,13226716666666666
29.10.2025 13:45;0,12252558333333333
29.10.2025 14:00;0,112784
29.10.2025 14:15;0,099701
29.10.2025 14:30;0,086618
29.10.2025 14:45;0,07353499999999999
29.10.2025 15:00;0,060452
29.10.2025 15:15;0,045339
29.10.2025 15:30;0,030226
29.10.2025 15:45;0,015113000000000001
29.10.2025 16:00;0,0
29.10.2025 16:15;0,0
29.10.2025 16:30;0,0
29.10.2025 16:45;0,0
29.10.2025 17:00;0,0
29.10.2025 17:15;0,0
29.10.2025 17:30;0,0
29.10.2025 17:45;0,0
29.10.2025 18:00;0,0
29.10.2025 18:15;0,0
29.10.2025 18:30;0,0
29.10.2025 18:45;0,0
29.10.2025 19:00;0,0
29.10.2025 19:15;0,0
29.10.2025 19:30;0,0
29.10.2025 19:45;0,0
29.10.2025 20:00;0,0
29.10.2025 20:15;0,0
29.10.2025 20:30;0,0
29.10.2025 20:45;0,0
29.10.2025 21:00;0,0
29.10.2025 21:15;0,0
29.10.2025 21:30;0,0
29.10.2025 21:45;0,0
29.10.2025 22:00;0,0
29.10.2025 22:15;0,0
29.10.2025 22:30;0,0
29.10.2025 22:45;0,0
29.10.2025 23:00;0,0
29.10.2025 23:15;0,0
29.10.2025 23:30;0,0
29.10.2025 23:45;0,0
30.10.2025 00:00;0,0
30.10.2025 00:15;0,0
30.10.2025 00:30;0,0
30.10.2025 00:45;0,0
30.10.2025 01:00;0,0
30.10.2025 01:15;0,0
30.10.2025 01:30;0,0
30.10.2025 01:45;0,0
30.10.2025 02:00;0,0
30.10.2025 02:15;0,0
30.10.2025 02:30;0,0
30.10.2025 02:45;0,0
30.10.2025 03:00;0,0
30.10.2025 03:15;0,0
30.10.2025 03:30;0,0
30.10.2025 03:45;0,0
30.10.2025 04:00;0,0
30.10.2025 04:15;0,0
30.10.2025 04:30;0,0
30.10.2025 04:45;0,0
30.10.2025 05:00;0,0
30.10.2025 05:15;0,0
30.10.2025 05:30;0,0
30.10.2025 05:45;0,0
30.10.2025 06:00;0,0
30.10.2025 06:15;0,01913525
30.10.2025 06:30;0,0382705
30.10.2025 06:45;0,057405750000000005
30.10.2025 07:00;0,076541
30.10.2025 07:15;0,09894366666666667
30.10.2025 07:30;0,12134633333333333
30.10.2025 07:45;0,14374900000000002
30.10.2025 08:00;0,16615166666666667
30.10.2025 08:15;0,181911
30.10.2025 08:30;0,19767033333333334
30.10.2025 08:45;0,21342966666666663
30.10.2025 09:00;0,22918899999999998
30.10.2025 09:15;0,24047241666666663
30.10.2025 09:30;0,2517558333333333
30.10.2025 09:45;0,26303925
30.10.2025 10:00;0,27432266666666666
30.10.2025 10:15;0,2891843333333333
30.10.2025 10:30;0,30404600000000004
30.10.2025 10:45;0,3189076666666667
30.10.2025 11:00;0,33376933333333336
30.10.2025 11:15;0,33135216666666667
30.10.2025 11:30;0,328935
30.10.2025 11:45;0,32651783333333334
30.10.2025 12:00;0,32410066666666665
30.10.2025 12:15;0,3155315833333333
30.10.2025 12:30;0,3069625
30.10.2025 12:45;0,2983934166666667
30.10.2025 13:00;0,28982433333333335
30.10.2025 13:15;0,2720325
30.10.2025 13:30;0,25424066666666667
30.10.2025 13:45;0,23644883333333333
30.10.2025 14:00;0,218657
30.10.2025 14:15;0,19589825
30.10.2025 14:30;0,1731395
30.10.2025 14:45;0,15038075
30.10.2025 15:00;0,127622
30.10.2025 15:15;0,09571650000000001
30.10.2025 15:30;0,063811
30.10.2025 15:45;0,0319055
30.10.2025 16:00;0,0
30.10.2025 16:15;0,0
30.10.2025 16:30;0,0
30.10.2025 16:45;0,0
30.10.2025 17:00;0,0
30.10.2025 17:15;0,0
30.10.2025 17:30;0,0
30.10.2025 17:45;0,0
30.10.2025 18:00;0,0
30.10.2025 18:15;0,0
30.10.2025 18:30;0,0
30.10.2025 18:45;0,0
30.10.2025 19:00;0,0
30.10.2025 19:15;0,0
30.10.2025 19:30;0,0
30.10.2025 19:45;0,0
30.10.2025 20:00;0,0
30.10.2025 20:15;0,0
30.10.2025 20:30;0,0
30.10.2025 20:45;0,0
30.10.2025 21:00;0,0
30.10.2025 21:15;0,0
30.10.2025 21:30;0,0
30.10.2025 21:45;0,0
30.10.2025 22:00;0,0
30.10.2025 22:15;0,0
30.10.2025 22:30;0,0
30.10.2025 22:45;0,0
30.10.2025 23:00;0,0
30.10.2025 23:15;0,0
30.10.2025 23:30;0,0
30.10.2025 23:45;0,0
31.10.2025 00:00;0,0
31.10.2025 00:15;0,0
31.10.2025 00:30;0,0
31.10.2025 00:45;0,0
31.10.2025 01:00;0,0
31.10.2025 01:15;0,0
31.10.2025 01:30;0,0
31.10.2025 01:45;0,0
31.10.2025 02:00;0,0
31.10.2025 02:15;0,0
31.10.2025 02:30;0,0
31.10.2025 02:45;0,0
31.10.2025 03:00;0,0
31.10.2025 03:15;0,0
31.10.2025 03:30;0,0
31.10.2025 03:45;0,0
31.10.2025 04:00;0,0
31.10.2025 04:15;0,0
31.10.2025 04:30;0,0
31.10.2025 04:45;0,0
31.10.2025 05:00;0,0
31.10.2025 05:15;0,0
31.10.2025 05:30;0,0
31.10.2025 05:45;0,0
31.10.2025 06:00;0,0
31.10.2025 06:15;0,01886975
31.10.2025 06:30;0,0377395
31.10.2025 06:45;0,05660925
31.10.2025 07:00;0,075479
31.10.2025 07:15;0,09776825
31.10.2025 07:30;0,12005749999999998
31.10.2025 07:45;0,14234674999999997
31.10.2025 08:00;0,16463599999999998
31.10.2025 08:15;0,17369783333333333
31.10.2025 08:30;0,18275966666666665
31.10.2025 08:45;0,1918215
31.10.2025 09:00;0,20088333333333336
31.10.2025 09:15;0,21550100000000003
31.10.2025 09:30;0,23011866666666667
31.10.2025 09:45;0,24473633333333333
31.10.2025 10:00;0,259354
31.10.2025 10:15;0,26379983333333334
31.10.2025 10:30;0,26824566666666666
31.10.2025 10:45;0,2726915
31.10.2025 11:00;0,27713733333333335
31.10.2025 11:15;0,2789988333333333
31.10.2025 11:30;0,2808603333333333
31.10.2025 11:45;0,28272183333333334
31.10.2025 12:00;0,2845833333333333
31.10.2025 12:15;0,27916266666666667
31.10.2025 12:30;0,273742
31.10.2025 12:45;0,2683213333333333
31.10.2025 13:00;0,26290066666666667
31.10.2025 13:15;0,24562333333333333
31.10.2025 13:30;0,228346
31.10.2025 13:45;0,21106866666666668
31.10.2025 14:00;0,19379133333333334
31.10.2025 14:15;0,17359750000000002
31.10.2025 14:30;0,15340366666666666
31.10.2025 14:45;0,13320983333333333
31.10.2025 15:00;0,113016
31.10.2025 15:15;0,084762
31.10.2025 15:30;0,05650800000000001
31.10.2025 15:45;0,028254
31.10.2025 16:00;0,0
31.10.2025 16:15;0,0
31.10.2025 16:30;0,0
31.10.2025 16:45;0,0
31.10.2025 17:00;0,0
31.10.2025 17:15;0,0
31.10.2025 17:30;0,0
31.10.2025 17:45;0,0
31.10.2025 18:00;0,0
31.10.2025 18:15;0,0
31.10.2025 18:30;0,0
31.10.2025 18:45;0,0
31.10.2025 19:00;0,0
31.10.2025 19:15;0,0
31.10.2025 19:30;0,0
31.10.2025 19:45;0,0
31.10.2025 20:00;0,0
31.10.2025 20:15;0,0
31.10.2025 20:30;0,0
31.10.2025 20:45;0,0
31.10.2025 21:00;0,0
31.10.2025 21:15;0,0
31.10.2025 21:30;0,0
31.10.2025 21:45;0,0
31.10.2025 22:00;0,0
31.10.2025 22:15;0,0
31.10.2025 22:30;0,0
31.10.2025 22:45;0,0
31.10.2025 23:00;0,0
31.10.2025 23:15;0,0
31.10.2025 23:30;0,0
31.10.2025 23:45;0,0
01.11.2025 00:00;0,0
01.11.2025 00:15;0,0
01.11.2025 00:30;0,0
01.11.2025 00:45;0,0
01.11.2025 01:00;0,0
01.11.2025 01:15;0,0
01.11.2025 01:30;0,0
01.11.2025 01:45;0,0
01.11.2025 02:00;0,0
01.11.2025 02:15;0,0
01.11.2025 02:30;0,0
01.11.2025 02:45;0,0
01.11.2025 03:00;0,0
01.11.2025 03:15;0,0
01.11.2025 03:30;0,0
01.11.2025 03:45;0,0
01.11.2025 04:00;0,0
01.11.2025 04:15;0,0
01.11.2025 04:30;0,0
01.11.2025 04:45;0,0
01.11.2025 05:00;0,0
01.11.2025 05:15;0,0
01.11.2025 05:30;0,0
01.11.2025 05:45;0,0
01.11.2025 06:00;0,0
01.11.2025 06:15;0,021369416666666665
01.11.2025 06:30;0,04273883333333333
01.11.2025 06:45;0,06410824999999999
01.11.2025 07:00;0,08547766666666666
01.11.2025 07:15;0,10453899999999999
01.11.2025 07:30;0,12360033333333331
01.11.2025 07:45;0,14266166666666666
01.11.2025 08:00;0,16172299999999998
01.11.2025 08:15;0,18710516666666666
01.11.2025 08:30;0,2124873333333333
01.11.2025 08:45;0,2378695
01.11.2025 09:00;0,26325166666666666
01.11.2025 09:15;0,2892671666666667
01.11.2025 09:30;0,3152826666666667
01.11.2025 09:45;0,3412981666666667
01.11.2025 10:00;0,3673136666666667
01.11.2025 10:15;0,3794135
01.11.2025 10:30;0,3915133333333334
01.11.2025 10:45;0,4036131666666667
01.11.2025 11:00;0,415713
01.11.2025 11:15;0,4166930833333333
01.11.2025 11:30;0,41767316666666665
01.11.2025 11:45;0,41865325000000003
01.11.2025 12:00;0,41963333333333336
01.11.2025 12:15;0,3950225
01.11.2025 12:30;0,3704116666666667
01.11.2025 12:45;0,34580083333333334
01.11.2025 13:00;0,32119
01.11.2025 13:15;0,2998055
01.11.2025 13:30;0,278421
01.11.2025 13:45;0,2570365
01.11.2025 14:00;0,235652
01.11.2025 14:15;0,20610066666666665
01.11.2025 14:30;0,17654933333333334
01.11.2025 14:45;0,146998
01.11.2025 15:00;0,11744666666666667
01.11.2025 15:15;0,088085
01.11.2025 15:30;0,058723333333333336
01.11.2025 15:45;0,029361666666666675
01.11.2025 16:00;0,0
01.11.2025 16:15;0,0
01.11.2025 16:30;0,0
01.11.2025 16:45;0,0
01.11.2025 17:00;0,0
01.11.2025 17:15;0,0
01.11.2025 17:30;0,0
01.11.2025 17:45;0,0
01.11.2025 18:00;0,0
01.11.2025 18:15;0,0
01.11.2025 18:30;0,0
01.11.2025 18:45;0,0
01.11.2025 19:00;0,0
01.11.2025 19:15;0,0
01.11.2025 19:30;0,0
01.11.2025 19:45;0,0
01.11.2025 20:00;0,0
01.11.2025 20:15;0,0
01.11.2025 20:30;0,0
01.11.2025 20:45;0,0
01.11.2025 21:00;0,0
01.11.2025 21:15;0,0
01.11.2025 21:30;0,0
01.11.2025 21:45;0,0
01.11.2025 22:00;0,0
01.11.2025 22:15;0,0
01.11.2025 22:30;0,0
01.11.2025 22:45;0,0
01.11.2025 23:00;0,0
01.11.2025 23:15;0,0
01.11.2025 23:30;0,0
01.11.2025 23:45;0,0
02.11.2025 00:00;0,0
02.11.2025 00:15;0,0
02.11.2025 00:30;0,0
02.11.2025 00:45;0,0
02.11.2025 01:00;0,0
02.11.2025 01:15;0,0
02.11.2025 01:30;0,0
02.11.2025 01:45;0,0
02.11.2025 02:00;0,0
02.11.2025 02:15;0,0
02.11.2025 02:30;0,0
02.11.2025 02:45;0,0
02.11.2025 03:00;0,0
02.11.2025 03:15;0,0
02.11.2025 03:30;0,0
02.11.2025 03:45;0,0
02.11.2025 04:00;0,0
02.11.2025 04:15;0,0
02.11.2025 04:30;0,0
02.11.2025 04:45;0,0
02.11.2025 05:00;0,0
02.11.2025 05:15;0,0
02.11.2025 05:30;0,0
02.11.2025 05:45;0,0
02.11.2025 06:00;0,0
02.11.2025 06:15;0,021353166666666666
02.11.2025 06:30;0,04270633333333333
02.11.2025 06:45;0,0640595
02.11.2025 07:00;0,08541266666666666
02.11.2025 07:15;0,11403183333333333
02.11.2025 07:30;0,14265099999999997
02.11.2025 07:45;0,17127016666666664
02.11.2025 08:00;0,1998893333333333
02.11.2025 08:15;0,21738966666666665
02.11.2025 08:30;0,23489
02.11.2025 08:45;0,2523903333333333
02.11.2025 09:00;0,26989066666666667
02.11.2025 09:15;0,29060241666666664
02.11.2025 09:30;0,31131416666666667
02.11.2025 09:45;0,3320259166666667
02.11.2025 10:00;0,35273766666666667
02.11.2025 10:15;0,3688553333333333
02.11.2025 10:30;0,384973
02.11.2025 10:45;0,40109066666666665
02.11.2025 11:00;0,4172083333333333
02.11.2025 11:15;0,40333074999999996
02.11.2025 11:30;0,38945316666666663
02.11.2025 11:45;0,3755755833333333
02.11.2025 12:00;0,36169799999999996
02.11.2025 12:15;0,3326200833333333
02.11.2025 12:30;0,30354216666666667
02.11.2025 12:45;0,27446424999999997
02.11.2025 13:00;0,24538633333333332
02.11.2025 13:15;0,22819283333333332
02.11.2025 13:30;0,21099933333333332
02.11.2025 13:45;0,19380583333333334
02.11.2025 14:00;0,17661233333333334
02.11.2025 14:15;0,15391975000000002
02.11.2025 14:30;0,13122716666666667
02.11.2025 14:45;0,10853458333333334
02.11.2025 15:00;0,085842
02.11.2025 15:15;0,06438150000000001
02.11.2025 15:30;0,042921
02.11.2025 15:45;0,021460500000000007
02.11.2025 16:00;0,0
02.11.2025 16:15;0,0
02.11.2025 16:30;0,0
02.11.2025 16:45;0,0
02.11.2025 17:00;0,0
02.11.2025 17:15;0,0
02.11.2025 17:30;0,0
02.11.2025 17:45;0,0
02.11.2025 18:00;0,0
02.11.2025 18:15;0,0
02.11.2025 18:30;0,0
02.11.2025 18:45;0,0
02.11.2025 19:00;0,0
02.11.2025 19:15;0,0
02.11.2025 19:30;0,0
02.11.2025 19:45;0,0
02.11.2025 20:00;0,0
02.11.2025 20:15;0,0
02.11.2025 20:30;0,0
02.11.2025 20:45;0,0
02.11.2025 21:00;0,0
02.11.2025 21:15;0,0
02.11.2025 21:30;0,0
02.11.2025 21:45;0,0
02.11.2025 22:00;0,0
02.11.2025 22:15;0,0
02.11.2025 22:30;0,0
02.11.2025 22:45;0,0
02.11.2025 23:00;0,0
02.11.2025 23:15;0,0
02.11.2025 23:30;0,0
02.11.2025 23:45;0,0
03.11.2025 00:00;0,0
03.11.2025 00:15;0,0
03.11.2025 00:30;0,0
03.11.2025 00:45;0,0
03.11.2025 01:00;0,0
03.11.2025 01:15;0,0
03.11.2025 01:30;0,0
03.11.2025 01:45;0,0
03.11.2025 02:00;0,0
03.11.2025 02:15;0,0
03.11.2025 02:30;0,0
03.11.2025 02:45;0,0
03.11.2025 03:00;0,0
03.11.2025 03:15;0,0
03.11.2025 03:30;0,0
03.11.2025 03:45;0,0
03.11.2025 04:00;0,0
03.11.2025 04:15;0,0
03.11.2025 04:30;0,0
03.11.2025 04:45;0,0
03.11.2025 05:00;0,0
03.11.2025 05:15;0,0
03.11.2025 05:30;0,0
03.11.2025 05:45;0,0
03.11.2025 06:00;0,0
03.11.2025 06:15;0,02559625
03.11.2025 06:30;0,0511925
03.11.2025 06:45;0,07678875
03.11.2025 07:00;0,102385
03.11.2025 07:15;0,12999925
03.11.2025 07:30;0,15761350000000002
03.11.2025 07:45;0,18522775
03.11.2025 08:00;0,212842
03.11.2025 08:15;0,22680841666666668
03.11.2025 08:30;0,24077483333333333
03.11.2025 08:45;0,25474125000000003
03.11.2025 09:00;0,2687076666666667
03.11.2025 09:15;0,2796291666666667
03.11.2025 09:30;0,2905506666666667
03.11.2025 09:45;0,30147216666666665
03.11.2025 10:00;0,3123936666666667
03.11.2025 10:15;0,3149744166666667
03.11.2025 10:30;0,31755516666666667
03.11.2025 10:45;0,32013591666666663
03.11.2025 11:00;0,32271666666666665
03.11.2025 11:15;0,31939508333333333
03.11.2025 11:30;0,3160735
03.11.2025 11:45;0,31275191666666663
03.11.2025 12:00;0,3094303333333333
03.11.2025 12:15;0,3011200833333333
03.11.2025 12:30;0,2928098333333333
03.11.2025 12:45;0,2844995833333333
03.11.2025 13:00;0,2761893333333333
03.11.2025 13:15;0,25533174999999997
03.11.2025 13:30;0,23447416666666665
03.11.2025 13:45;0,21361658333333333
03.11.2025 14:00;0,192759
03.11.2025 14:15;0,17216141666666668
03.11.2025 14:30;0,15156383333333334
03.11.2025 14:45;0,13096625
03.11.2025 15:00;0,11036866666666666
03.11.2025 15:15;0,08277649999999999
03.11.2025 15:30;0,05518433333333332
03.11.2025 15:45;0,027592166666666654
03.11.2025 16:00;0,0
03.11.2025 16:15;0,0
03.11.2025 16:30;0,0
03.11.2025 16:45;0,0
03.11.2025 17:00;0,0
03.11.2025 17:15;0,0
03.11.2025 17:30;0,0
03.11.2025 17:45;0,0
03.11.2025 18:00;0,0
03.11.2025 18:15;0,0
03.11.2025 18:30;0,0
03.11.2025 18:45;0,0
03.11.2025 19:00;0,0
03.11.2025 19:15;0,0
03.11.2025 19:30;0,0
03.11.2025 19:45;0,0
03.11.2025 20:00;0,0
03.11.2025 20:15;0,0
03.11.2025 20:30;0,0
03.11.2025 20:45;0,0
03.11.2025 21:00;0,0
03.11.2025 21:15;0,0
03.11.2025 21:30;0,0
03.11.2025 21:45;0,0
03.11.2025 22:00;0,0
03.11.2025 22:15;0,0
03.11.2025 22:30;0,0
03.11.2025 22:45;0,0
03.11.2025 23:00;0,0
03.11.2025 23:15;0,0
03.11.2025 23:30;0,0
03.11.2025 23:45;0,0
04.11.2025 00:00;0,0
04.11.2025 00:15;0,0
04.11.2025 00:30;0,0
04.11.2025 00:45;0,0
04.11.2025 01:00;0,0
04.11.2025 01:15;0,0
04.11.2025 01:30;0,0
04.11.2025 01:45;0,0
04.11.2025 02:00;0,0
04.11.2025 02:15;0,0
04.11.2025 02:30;0,0
04.11.2025 02:45;0,0
04.11.2025 03:00;0,0
04.11.2025 03:15;0,0
04.11.2025 03:30;0,0
04.11.2025 03:45;0,0
04.11.2025 04:00;0,0
04.11.2025 04:15;0,0
04.11.2025 04:30;0,0
04.11.2025 04:45;0,0
04.11.2025 05:00;0,0
04.11.2025 05:15;0,0
04.11.2025 05:30;0,0
04.11.2025 05:45;0,0
04.11.2025 06:00;0,0
04.11.2025 06:15;0,022001583333333335
04.11.2025 06:30;0,04400316666666667
04.11.2025 06:45;0,06600475
04.11.2025 07:00;0,08800633333333334
04.11.2025 07:15;0,11106191666666668
04.11.2025 07:30;0,1341175
04.11.2025 07:45;0,15717308333333335
04.11.2025 08:00;0,18022866666666668
04.11.2025 08:15;0,19486775
04.11.2025 08:30;0,20950683333333334
04.11.2025 08:45;0,22414591666666667
04.11.2025 09:00;0,238785
04.11.2025 09:15;0,24436475
04.11.2025 09:30;0,24994450000000001
04.11.2025 09:45;0,25552425
04.11.2025 10:00;0,261104
04.11.2025 10:15;0,25924216666666666
04.11.2025 10:30;0,2573803333333334
04.11.2025 10:45;0,25551850000000004
04.11.2025 11:00;0,2536566666666667
04.11.2025 11:15;0,26046250000000004
04.11.2025 11:30;0,26726833333333333
04.11.2025 11:45;0,2740741666666667
04.11.2025 12:00;0,28088
04.11.2025 12:15;0,26997475000000004
04.11.2025 12:30;0,2590695
04.11.2025 12:45;0,24816425
04.11.2025 13:00;0,237259
04.11.2025 13:15;0,21555475
04.11.2025 13:30;0,19385049999999998
04.11.2025 13:45;0,17214625
04.11.2025 14:00;0,150442
04.11.2025 14:15;0,127476
04.11.2025 14:30;0,10450999999999999
04.11.2025 14:45;0,081544
04.11.2025 15:00;0,058578000000000005
04.11.2025 15:15;0,0439335
04.11.2025 15:30;0,029289000000000003
04.11.2025 15:45;0,014644499999999998
04.11.2025 16:00;0,0
04.11.2025 16:15;0,0
04.11.2025 16:30;0,0
04.11.2025 16:45;0,0
04.11.2025 17:00;0,0
04.11.2025 17:15;0,0
04.11.2025 17:30;0,0
04.11.2025 17:45;0,0
04.11.2025 18:00;0,0
04.11.2025 18:15;0,0
04.11.2025 18:30;0,0
04.11.2025 18:45;0,0
04.11.2025 19:00;0,0
04.11.2025 19:15;0,0
04.11.2025 19:30;0,0
04.11.2025 19:45;0,0
04.11.2025 20:00;0,0
04.11.2025 20:15;0,0
04.11.2025 20:30;0,0
04.11.2025 20:45;0,0
04.11.2025 21:00;0,0
04.11.2025 21:15;0,0
04.11.2025 21:30;0,0
04.11.2025 21:45;0,0
04.11.2025 22:00;0,0
04.11.2025 22:15;0,0
04.11.2025 22:30;0,0
04.11.2025 22:45;0,0
04.11.2025 23:00;0,0
04.11.2025 23:15;0,0
04.11.2025 23:30;0,0
04.11.2025 23:45;0,0
05.11.2025 00:00;0,0
05.11.2025 00:15;0,0
05.11.2025 00:30;0,0
05.11.2025 00:45;0,0
05.11.2025 01:00;0,0
05.11.2025 01:15;0,0
05.11.2025 01:30;0,0
05.11.2025 01:45;0,0
05.11.2025 02:00;0,0
05.11.2025 02:15;0,0
05.11.2025 02:30;0,0
05.11.2025 02:45;0,0
05.11.2025 03:00;0,0
05.11.2025 03:15;0,0
05.11.2025 03:30;0,0
05.11.2025 03:45;0,0
05.11.2025 04:00;0,0
05.11.2025 04:15;0,0
05.11.2025 04:30;0,0
05.11.2025 04:45;0,0
05.11.2025 05:00;0,0
05.11.2025 05:15;0,0
05.11.2025 05:30;0,0
05.11.2025 05:45;0,0
05.11.2025 06:00;0,0
05.11.2025 06:15;0,014580083333333334
05.11.2025 06:30;0,029160166666666668
05.11.2025 06:45;0,04374025
05.11.2025 07:00;0,058320333333333335
05.11.2025 07:15;0,07259066666666666
05.11.2025 07:30;0,086861
05.11.2025 07:45;0,10113133333333334
05.11.2025 08:00;0,11540166666666667
05.11.2025 08:15;0,12943183333333333
05.11.2025 08:30;0,143462
05.11.2025 08:45;0,15749216666666666
05.11.2025 09:00;0,17152233333333333
05.11.2025 09:15;0,16937183333333333
05.11.2025 09:30;0,16722133333333333
05.11.2025 09:45;0,1650708333333333
05.11.2025 10:00;0,1629203333333333
05.11.2025 10:15;0,16698933333333332
05.11.2025 10:30;0,1710583333333333
05.11.2025 10:45;0,17512733333333333
05.11.2025 11:00;0,17919633333333335
05.11.2025 11:15;0,18355275000000001
05.11.2025 11:30;0,18790916666666668
05.11.2025 11:45;0,19226558333333332
05.11.2025 12:00;0,196622
05.11.2025 12:15;0,19233883333333332
05.11.2025 12:30;0,18805566666666668
05.11.2025 12:45;0,1837725
05.11.2025 13:00;0,17948933333333333
05.11.2025 13:15;0,16391375
05.11.2025 13:30;0,14833816666666666
05.11.2025 13:45;0,13276258333333335
05.11.2025 14:00;0,117187
05.11.2025 14:15;0,10553066666666666
05.11.2025 14:30;0,09387433333333334
05.11.2025 14:45;0,08221799999999999
05.11.2025 15:00;0,07056166666666666
05.11.2025 15:15;0,052921249999999996
05.11.2025 15:30;0,03528083333333333
05.11.2025 15:45;0,017640416666666672
05.11.2025 16:00;0,0
05.11.2025 16:15;0,0
05.11.2025 16:30;0,0
05.11.2025 16:45;0,0
05.11.2025 17:00;0,0
05.11.2025 17:15;0,0
05.11.2025 17:30;0,0
05.11.2025 17:45;0,0
05.11.2025 18:00;0,0
05.11.2025 18:15;0,0
05.11.2025 18:30;0,0
05.11.2025 18:45;0,0
05.11.2025 19:00;0,0
05.11.2025 19:15;0,0
05.11.2025 19:30;0,0
05.11.2025 19:45;0,0
05.11.2025 20:00;0,0
05.11.2025 20:15;0,0
05.11.2025 20:30;0,0
05.11.2025 20:45;0,0
05.11.2025 21:00;0,0
05.11.2025 21:15;0,0
05.11.2025 21:30;0,0
05.11.2025 21:45;0,0
05.11.2025 22:00;0,0
05.11.2025 22:15;0,0
05.11.2025 22:30;0,0
05.11.2025 22:45;0,0
05.11.2025 23:00;0,0
05.11.2025 23:15;0,0
05.11.2025 23:30;0,0
05.11.2025 23:45;0,0
06.11.2025 00:00;0,0
06.11.2025 00:15;0,0
06.11.2025 00:30;0,0
06.11.2025 00:45;0,0
06.11.2025 01:00;0,0
06.11.2025 01:15;0,0
06.11.2025 01:30;0,0
06.11.2025 01:45;0,0
06.11.2025 02:00;0,0
06.11.2025 02:15;0,0
06.11.2025 02:30;0,0
06.11.2025 02:45;0,0
06.11.2025 03:00;0,0
06.11.2025 03:15;0,0
06.11.2025 03:30;0,0
06.11.2025 03:45;0,0
06.11.2025 04:00;0,0
06.11.2025 04:15;0,0
06.11.2025 04:30;0,0
06.11.2025 04:45;0,0
06.11.2025 05:00;0,0
06.11.2025 05:15;0,0
06.11.2025 05:30;0,0
06.11.2025 05:45;0,0
06.11.2025 06:00;0,0
06.11.2025 06:15;0,008061666666666667
06.11.2025 06:30;0,016123333333333333
06.11.2025 06:45;0,024184999999999998
06.11.2025 07:00;0,03224666666666667
06.11.2025 07:15;0,042528416666666666
06.11.2025 07:30;0,05281016666666667
06.11.2025 07:45;0,06309191666666666
06.11.2025 08:00;0,07337366666666667
06.11.2025 08:15;0,07929658333333334
06.11.2025 08:30;0,0852195
06.11.2025 08:45;0,09114241666666667
06.11.2025 09:00;0,09706533333333334
06.11.2025 09:15;0,10566908333333333
06.11.2025 09:30;0,11427283333333334
06.11.2025 09:45;0,12287658333333333
06.11.2025 10:00;0,13148033333333334
06.11.2025 10:15;0,138793
06.11.2025 10:30;0,14610566666666666
06.11.2025 10:45;0,15341833333333335
06.11.2025 11:00;0,160731
06.11.2025 11:15;0,16607283333333334
06.11.2025 11:30;0,17141466666666666
06.11.2025 11:45;0,1767565
06.11.2025 12:00;0,18209833333333333
06.11.2025 12:15;0,19315416666666668
06.11.2025 12:30;0,20421
06.11.2025 12:45;0,21526583333333332
06.11.2025 13:00;0,22632166666666667
06.11.2025 13:15;0,21593608333333333
06.11.2025 13:30;0,2055505
06.11.2025 13:45;0,19516491666666666
06.11.2025 14:00;0,18477933333333332
06.11.2025 14:15;0,16314399999999998
06.11.2025 14:30;0,14150866666666667
06.11.2025 14:45;0,11987333333333333
06.11.2025 15:00;0,098238
06.11.2025 15:15;0,07367850000000001
06.11.2025 15:30;0,049119
06.11.2025 15:45;0,024559499999999998
06.11.2025 16:00;0,0
06.11.2025 16:15;0,0
06.11.2025 16:30;0,0
06.11.2025 16:45;0,0
06.11.2025 17:00;0,0
06.11.2025 17:15;0,0
06.11.2025 17:30;0,0
06.11.2025 17:45;0,0
06.11.2025 18:00;0,0
06.11.2025 18:15;0,0
06.11.2025 18:30;0,0
06.11.2025 18:45;0,0
06.11.2025 19:00;0,0
06.11.2025 19:15;0,0
06.11.2025 19:30;0,0
06.11.2025 19:45;0,0
06.11.2025 20:00;0,0
06.11.2025 20:15;0,0
06.11.2025 20:30;0,0
06.11.2025 20:45;0,0
06.11.2025 21:00;0,0
06.11.2025 21:15;0,0
06.11.2025 21:30;0,0
06.11.2025 21:45;0,0
06.11.2025 22:00;0,0
06.11.2025 22:15;0,0
06.11.2025 22:30;0,0
06.11.2025 22:45;0,0
06.11.2025 23:00;0,0
06.11.2025 23:15;0,0
06.11.2025 23:30;0,0
06.11.2025 23:45;0,0
07.11.2025 00:00;0,0
07.11.2025 00:15;0,0
07.11.2025 00:30;0,0
07.11.2025 00:45;0,0
07.11.2025 01:00;0,0
07.11.2025 01:15;0,0
07.11.2025 01:30;0,0
07.11.2025 01:45;0,0
07.11.2025 02:00;0,0
07.11.2025 02:15;0,0
07.11.2025 02:30;0,0
07.11.2025 02:45;0,0
07.11.2025 03:00;0,0
07.11.2025 03:15;0,0
07.11.2025 03:30;0,0
07.11.2025 03:45;0,0
07.11.2025 04:00;0,0
07.11.2025 04:15;0,0
07.11.2025 04:30;0,0
07.11.2025 04:45;0,0
07.11.2025 05:00;0,0
07.11.2025 05:15;0,0
07.11.2025 05:30;0,0
07.11.2025 05:45;0,0
07.11.2025 06:00;0,0
07.11.2025 06:15;0,009498166666666667
07.11.2025 06:30;0,018996333333333334
07.11.2025 06:45;0,028494500000000002
07.11.2025 07:00;0,03799266666666667
07.11.2025 07:15;0,06196966666666666
07.11.2025 07:30;0,08594666666666664
07.11.2025 07:45;0,10992366666666664
07.11.2025 08:00;0,13390066666666664
07.11.2025 08:15;0,14518074999999997
07.11.2025 08:30;0,15646083333333333
07.11.2025 08:45;0,16774091666666668
07.11.2025 09:00;0,179021
07.11.2025 09:15;0,178094
07.11.2025 09:30;0,17716700000000002
07.11.2025 09:45;0,17624
07.11.2025 10:00;0,175313
07.11.2025 10:15;0,18461325
07.11.2025 10:30;0,19391350000000002
07.11.2025 10:45;0,20321375
07.11.2025 11:00;0,212514
07.11.2025 11:15;0,2166845
07.11.2025 11:30;0,22085500000000002
07.11.2025 11:45;0,22502550000000002
07.11.2025 12:00;0,229196
07.11.2025 12:15;0,23166316666666667
07.11.2025 12:30;0,23413033333333333
07.11.2025 12:45;0,23659750000000002
07.11.2025 13:00;0,23906466666666668
07.11.2025 13:15;0,215115
07.11.2025 13:30;0,19116533333333335
07.11.2025 13:45;0,16721566666666665
07.11.2025 14:00;0,143266
07.11.2025 14:15;0,12533991666666666
07.11.2025 14:30;0,10741383333333335
07.11.2025 14:45;0,08948775
07.11.2025 15:00;0,07156166666666668
07.11.2025 15:15;0,053671250000000004
07.11.2025 15:30;0,03578083333333334
07.11.2025 15:45;0,017890416666666666
07.11.2025 16:00;0,0
07.11.2025 16:15;0,0
07.11.2025 16:30;0,0
07.11.2025 16:45;0,0
07.11.2025 17:00;0,0
07.11.2025 17:15;0,0
07.11.2025 17:30;0,0
07.11.2025 17:45;0,0
07.11.2025 18:00;0,0
07.11.2025 18:15;0,0
07.11.2025 18:30;0,0
07.11.2025 18:45;0,0
07.11.2025 19:00;0,0
07.11.2025 19:15;0,0
07.11.2025 19:30;0,0
07.11.2025 19:45;0,0
07.11.2025 20:00;0,0
07.11.2025 20:15;0,0
07.11.2025 20:30;0,0
07.11.2025 20:45;0,0
07.11.2025 21:00;0,0
07.11.2025 21:15;0,0
07.11.2025 21:30;0,0
07.11.2025 21:45;0,0
07.11.2025 22:00;0,0
07.11.2025 22:15;0,0
07.11.2025 22:30;0,0
07.11.2025 22:45;0,0
07.11.2025 23:00;0,0
07.11.2025 23:15;0,0
07.11.2025 23:30;0,0
07.11.2025 23:45;0,0
08.11.2025 00:00;0,0
08.11.2025 00:15;0,0
08.11.2025 00:30;0,0
08.11.2025 00:45;0,0
08.11.2025 01:00;0,0
08.11.2025 01:15;0,0
08.11.2025 01:30;0,0
08.11.2025 01:45;0,0
08.11.2025 02:00;0,0
08.11.2025 02:15;0,0
08.11.2025 02:30;0,0
08.11.2025 02:45;0,0
08.11.2025 03:00;0,0
08.11.2025 03:15;0,0
08.11.2025 03:30;0,0
08.11.2025 03:45;0,0
08.11.2025 04:00;0,0
08.11.2025 04:15;0,0
08.11.2025 04:30;0,0
08.11.2025 04:45;0,0
08.11.2025 05:00;0,0
08.11.2025 05:15;0,0
08.11.2025 05:30;0,0
08.11.2025 05:45;0,0
08.11.2025 06:00;0,0
08.11.2025 06:15;0,013812166666666667
08.11.2025 06:30;0,027624333333333334
08.11.2025 06:45;0,0414365
08.11.2025 07:00;0,05524866666666666
08.11.2025 07:15;0,07864741666666666
08.11.2025 07:30;0,10204616666666666
08.11.2025 07:45;0,12544491666666666
08.11.2025 08:00;0,14884366666666665
08.11.2025 08:15;0,14943475
08.11.2025 08:30;0,15002583333333333
08.11.2025 08:45;0,15061691666666666
08.11.2025 09:00;0,151208
08.11.2025 09:15;0,15429083333333335
08.11.2025 09:30;0,1573736666666667
08.11.2025 09:45;0,1604565
08.11.2025 10:00;0,16353933333333334
08.11.2025 10:15;0,16435291666666668
08.11.2025 10:30;0,1651665
08.11.2025 10:45;0,1659800833333333
08.11.2025 11:00;0,16679366666666665
08.11.2025 11:15;0,1638798333333333
08.11.2025 11:30;0,160966
08.11.2025 11:45;0,15805216666666666
08.11.2025 12:00;0,15513833333333332
08.11.2025 12:15;0,16022825
08.11.2025 12:30;0,16531816666666665
08.11.2025 12:45;0,17040808333333335
08.11.2025 13:00;0,17549800000000002
08.11.2025 13:15;0,16385958333333334
08.11.2025 13:30;0,15222116666666669
08.11.2025 13:45;0,14058275
08.11.2025 14:00;0,12894433333333333
08.11.2025 14:15;0,11152683333333333
08.11.2025 14:30;0,09410933333333332
08.11.2025 14:45;0,07669183333333332
08.11.2025 15:00;0,05927433333333333
08.11.2025 15:15;0,04445575
08.11.2025 15:30;0,02963716666666667
08.11.2025 15:45;0,014818583333333336
08.11.2025 16:00;0,0
08.11.2025 16:15;0,0
08.11.2025 16:30;0,0
08.11.2025 16:45;0,0
08.11.2025 17:00;0,0
08.11.2025 17:15;0,0
08.11.2025 17:30;0,0
08.11.2025 17:45;0,0
08.11.2025 18:00;0,0
08.11.2025 18:15;0,0
08.11.2025 18:30;0,0
08.11.2025 18:45;0,0
08.11.2025 19:00;0,0
08.11.2025 19:15;0,0
08.11.2025 19:30;0,0
08.11.2025 19:45;0,0
08.11.2025 20:00;0,0
08.11.2025 20:15;0,0
08.11.2025 20:30;0,0
08.11.2025 20:45;0,0
08.11.2025 21:00;0,0
08.11.2025 21:15;0,0
08.11.2025 21:30;0,0
08.11.2025 21:45;0,0
08.11.2025 22:00;0,0
08.11.2025 22:15;0,0
08.11.2025 22:30;0,0
08.11.2025 22:45;0,0
08.11.2025 23:00;0,0
08.11.2025 23:15;0,0
08.11.2025 23:30;0,0
08.11.2025 23:45;0,0
09.11.2025 00:00;0,0
09.11.2025 00:15;0,0
09.11.2025 00:30;0,0
09.11.2025 00:45;0,0
09.11.2025 01:00;0,0
09.11.2025 01:15;0,0
09.11.2025 01:30;0,0
09.11.2025 01:45;0,0
09.11.2025 02:00;0,0
09.11.2025 02:15;0,0
09.11.2025 02:30;0,0
09.11.2025 02:45;0,0
09.11.2025 03:00;0,0
09.11.2025 03:15;0,0
09.11.2025 03:30;0,0
09.11.2025 03:45;0,0
09.11.2025 04:00;0,0
09.11.2025 04:15;0,0
09.11.2025 04:30;0,0
09.11.2025 04:45;0,0
09.11.2025 05:00;0,0
09.11.2025 05:15;0,0
09.11.2025 05:30;0,0
09.11.2025 05:45;0,0
09.11.2025 06:00;0,0
09.11.2025 06:15;0,0111665
09.11.2025 06:30;0,022333
09.11.2025 06:45;0,033499499999999995
09.11.2025 07:00;0,044666
09.11.2025 07:15;0,06415883333333333
09.11.2025 07:30;0,08365166666666667
09.11.2025 07:45;0,1031445
09.11.2025 08:00;0,12263733333333333
09.11.2025 08:15;0,12822358333333334
09.11.2025 08:30;0,13380983333333335
09.11.2025 08:45;0,13939608333333334
09.11.2025 09:00;0,14498233333333335
09.11.2025 09:15;0,15843983333333334
09.11.2025 09:30;0,17189733333333335
09.11.2025 09:45;0,18535483333333333
09.11.2025 10:00;0,1988123333333333
09.11.2025 10:15;0,21469466666666664
09.11.2025 10:30;0,230577
09.11.2025 10:45;0,24645933333333336
09.11.2025 11:00;0,2623416666666667
09.11.2025 11:15;0,2631685
09.11.2025 11:30;0,26399533333333336
09.11.2025 11:45;0,26482216666666664
09.11.2025 12:00;0,26564899999999997
09.11.2025 12:15;0,26122416666666665
09.11.2025 12:30;0,2567993333333333
09.11.2025 12:45;0,2523745
09.11.2025 13:00;0,24794966666666665
09.11.2025 13:15;0,22648941666666667
09.11.2025 13:30;0,20502916666666665
09.11.2025 13:45;0,18356891666666664
09.11.2025 14:00;0,16210866666666665
09.11.2025 14:15;0,139891
09.11.2025 14:30;0,11767333333333332
09.11.2025 14:45;0,09545566666666666
09.11.2025 15:00;0,073238
09.11.2025 15:15;0,0549285
09.11.2025 15:30;0,036619
09.11.2025 15:45;0,0183095
09.11.2025 16:00;0,0
09.11.2025 16:15;0,0
09.11.2025 16:30;0,0
09.11.2025 16:45;0,0
09.11.2025 17:00;0,0
09.11.2025 17:15;0,0
09.11.2025 17:30;0,0
09.11.2025 17:45;0,0
09.11.2025 18:00;0,0
09.11.2025 18:15;0,0
09.11.2025 18:30;0,0
09.11.2025 18:45;0,0
09.11.2025 19:00;0,0
09.11.2025 19:15;0,0
09.11.2025 19:30;0,0
09.11.2025 19:45;0,0
09.11.2025 20:00;0,0
09.11.2025 20:15;0,0
09.11.2025 20:30;0,0
09.11.2025 20:45;0,0
09.11.2025 21:00;0,0
09.11.2025 21:15;0,0
09.11.2025 21:30;0,0
09.11.2025 21:45;0,0
09.11.2025 22:00;0,0
09.11.2025 22:15;0,0
09.11.2025 22:30;0,0
09.11.2025 22:45;0,0
09.11.2025 23:00;0,0
09.11.2025 23:15;0,0
09.11.2025 23:30;0,0
09.11.2025 23:45;0,0
10.11.2025 00:00;0,0
10.11.2025 00:15;0,0
10.11.2025 00:30;0,0
10.11.2025 00:45;0,0
10.11.2025 01:00;0,0
10.11.2025 01:15;0,0
10.11.2025 01:30;0,0
10.11.2025 01:45;0,0
10.11.2025 02:00;0,0
10.11.2025 02:15;0,0
10.11.2025 02:30;0,0
10.11.2025 02:45;0,0
10.11.2025 03:00;0,0
10.11.2025 03:15;0,0
10.11.2025 03:30;0,0
10.11.2025 03:45;0,0
10.11.2025 04:00;0,0
10.11.2025 04:15;0,0
10.11.2025 04:30;0,0
10.11.2025 04:45;0,0
10.11.2025 05:00;0,0
10.11.2025 05:15;0,0
10.11.2025 05:30;0,0
10.11.2025 05:45;0,0
10.11.2025 06:00;0,0
10.11.2025 06:15;0,01252775
10.11.2025 06:30;0,0250555
10.11.2025 06:45;0,037583250000000006
10.11.2025 07:00;0,050111
10.11.2025 07:15;0,06590941666666666
10.11.2025 07:30;0,08170783333333334
10.11.2025 07:45;0,09750625
10.11.2025 08:00;0,11330466666666666
10.11.2025 08:15;0,12603633333333333
10.11.2025 08:30;0,138768
10.11.2025 08:45;0,15149966666666667
10.11.2025 09:00;0,16423133333333334
10.11.2025 09:15;0,1742785
10.11.2025 09:30;0,18432566666666667
10.11.2025 09:45;0,19437283333333333
10.11.2025 10:00;0,20442
10.11.2025 10:15;0,21517916666666667
10.11.2025 10:30;0,22593833333333335
10.11.2025 10:45;0,2366975
10.11.2025 11:00;0,24745666666666669
10.11.2025 11:15;0,24679158333333334
10.11.2025 11:30;0,24612650000000003
10.11.2025 11:45;0,24546141666666668
10.11.2025 12:00;0,24479633333333334
10.11.2025 12:15;0,23310116666666666
10.11.2025 12:30;0,221406
10.11.2025 12:45;0,20971083333333335
10.11.2025 13:00;0,19801566666666667
10.11.2025 13:15;0,18089116666666666
10.11.2025 13:30;0,16376666666666667
10.11.2025 13:45;0,14664216666666668
10.11.2025 14:00;0,12951766666666667
10.11.2025 14:15;0,11672433333333333
10.11.2025 14:30;0,103931
10.11.2025 14:45;0,09113766666666667
10.11.2025 15:00;0,07834433333333334
10.11.2025 15:15;0,05875825
10.11.2025 15:30;0,03917216666666667
10.11.2025 15:45;0,019586083333333337
10.11.2025 16:00;0,0
10.11.2025 16:15;0,0
10.11.2025 16:30;0,0
10.11.2025 16:45;0,0
10.11.2025 17:00;0,0
10.11.2025 17:15;0,0
10.11.2025 17:30;0,0
10.11.2025 17:45;0,0
10.11.2025 18:00;0,0
10.11.2025 18:15;0,0
10.11.2025 18:30;0,0
10.11.2025 18:45;0,0
10.11.2025 19:00;0,0
10.11.2025 19:15;0,0
10.11.2025 19:30;0,0
10.11.2025 19:45;0,0
10.11.2025 20:00;0,0
10.11.2025 20:15;0,0
10.11.2025 20:30;0,0
10.11.2025 20:45;0,0
10.11.2025 21:00;0,0
10.11.2025 21:15;0,0
10.11.2025 21:30;0,0
10.11.2025 21:45;0,0
10.11.2025 22:00;0,0
10.11.2025 22:15;0,0
10.11.2025 22:30;0,0
10.11.2025 22:45;0,0
10.11.2025 23:00;0,0
10.11.2025 23:15;0,0
10.11.2025 23:30;0,0
10.11.2025 23:45;0,0
11.11.2025 00:00;0,0
11.11.2025 00:15;0,0
11.11.2025 00:30;0,0
11.11.2025 00:45;0,0
11.11.2025 01:00;0,0
11.11.2025 01:15;0,0
11.11.2025 01:30;0,0
11.11.2025 01:45;0,0
11.11.2025 02:00;0,0
11.11.2025 02:15;0,0
11.11.2025 02:30;0,0
11.11.2025 02:45;0,0
11.11.2025 03:00;0,0
11.11.2025 03:15;0,0
11.11.2025 03:30;0,0
11.11.2025 03:45;0,0
11.11.2025 04:00;0,0
11.11.2025 04:15;0,0
11.11.2025 04:30;0,0
11.11.2025 04:45;0,0
11.11.2025 05:00;0,0
11.11.2025 05:15;0,0
11.11.2025 05:30;0,0
11.11.2025 05:45;0,0
11.11.2025 06:00;0,0
11.11.2025 06:15;0,010958333333333332
11.11.2025 06:30;0,021916666666666664
11.11.2025 06:45;0,032874999999999995
11.11.2025 07:00;0,04383333333333333
11.11.2025 07:15;0,05589783333333333
11.11.2025 07:30;0,06796233333333333
11.11.2025 07:45;0,08002683333333332
11.11.2025 08:00;0,09209133333333333
11.11.2025 08:15;0,10187725
11.11.2025 08:30;0,11166316666666666
11.11.2025 08:45;0,12144908333333332
11.11.2025 09:00;0,131235
11.11.2025 09:15;0,15029266666666666
11.11.2025 09:30;0,16935033333333332
11.11.2025 09:45;0,188408
11.11.2025 10:00;0,20746566666666666
11.11.2025 10:15;0,20846566666666666
11.11.2025 10:30;0,20946566666666666
11.11.2025 10:45;0,21046566666666666
11.11.2025 11:00;0,21146566666666666
11.11.2025 11:15;0,2161835
11.11.2025 11:30;0,22090133333333334
11.11.2025 11:45;0,22561916666666665
11.11.2025 12:00;0,230337
11.11.2025 12:15;0,22434074999999998
11.11.2025 12:30;0,2183445
11.11.2025 12:45;0,21234825000000002
11.11.2025 13:00;0,206352
11.11.2025 13:15;0,17979
11.11.2025 13:30;0,153228
11.11.2025 13:45;0,126666
11.11.2025 14:00;0,100104
11.11.2025 14:15;0,08727766666666667
11.11.2025 14:30;0,07445133333333333
11.11.2025 14:45;0,06162499999999999
11.11.2025 15:00;0,048798666666666664
11.11.2025 15:15;0,036599
11.11.2025 15:30;0,024399333333333332
11.11.2025 15:45;0,012199666666666664
11.11.2025 16:00;0,0
11.11.2025 16:15;0,0
11.11.2025 16:30;0,0
11.11.2025 16:45;0,0
11.11.2025 17:00;0,0
11.11.2025 17:15;0,0
11.11.2025 17:30;0,0
11.11.2025 17:45;0,0
11.11.2025 18:00;0,0
11.11.2025 18:15;0,0
11.11.2025 18:30;0,0
11.11.2025 18:45;0,0
11.11.2025 19:00;0,0
11.11.2025 19:15;0,0
11.11.2025 19:30;0,0
11.11.2025 19:45;0,0
11.11.2025 20:00;0,0
11.11.2025 20:15;0,0
11.11.2025 20:30;0,0
11.11.2025 20:45;0,0
11.11.2025 21:00;0,0
11.11.2025 21:15;0,0
11.11.2025 21:30;0,0
11.11.2025 21:45;0,0
11.11.2025 22:00;0,0
11.11.2025 22:15;0,0
11.11.2025 22:30;0,0
11.11.2025 22:45;0,0
11.11.2025 23:00;0,0
11.11.2025 23:15;0,0
11.11.2025 23:30;0,0
11.11.2025 23:45;0,0
12.11.2025 00:00;0,0
12.11.2025 00:15;0,0
12.11.2025 00:30;0,0
12.11.2025 00:45;0,0
12.11.2025 01:00;0,0
12.11.2025 01:15;0,0
12.11.2025 01:30;0,0
12.11.2025 01:45;0,0
12.11.2025 02:00;0,0
12.11.2025 02:15;0,0
12.11.2025 02:30;0,0
12.11.2025 02:45;0,0
12.11.2025 03:00;0,0
12.11.2025 03:15;0,0
12.11.2025 03:30;0,0
12.11.2025 03:45;0,0
12.11.2025 04:00;0,0
12.11.2025 04:15;0,0
12.11.2025 04:30;0,0
12.11.2025 04:45;0,0
12.11.2025 05:00;0,0
12.11.2025 05:15;0,0
12.11.2025 05:30;0,0
12.11.2025 05:45;0,0
12.11.2025 06:00;0,0
12.11.2025 06:15;0,010563
12.11.2025 06:30;0,021126
12.11.2025 06:45;0,031689
12.11.2025 07:00;0,042252
12.11.2025 07:15;0,08829791666666667
12.11.2025 07:30;0,13434383333333333
12.11.2025 07:45;0,18038975000000002
12.11.2025 08:00;0,22643566666666667
12.11.2025 08:15;0,24949441666666666
12.11.2025 08:30;0,2725531666666667
12.11.2025 08:45;0,29561191666666664
12.11.2025 09:00;0,31867066666666666
12.11.2025 09:15;0,33543191666666666
12.11.2025 09:30;0,35219316666666667
12.11.2025 09:45;0,3689544166666667
12.11.2025 10:00;0,3857156666666667
12.11.2025 10:15;0,3992745833333333
12.11.2025 10:30;0,4128335
12.11.2025 10:45;0,42639241666666666
12.11.2025 11:00;0,4399513333333333
12.11.2025 11:15;0,43682275
12.11.2025 11:30;0,43369416666666666
12.11.2025 11:45;0,43056558333333333
12.11.2025 12:00;0,427437
12.11.2025 12:15;0,41480425
12.11.2025 12:30;0,4021715
12.11.2025 12:45;0,38953875000000004
12.11.2025 13:00;0,376906
12.11.2025 13:15;0,34351725
12.11.2025 13:30;0,31012850000000003
12.11.2025 13:45;0,27673975
12.11.2025 14:00;0,243351
12.11.2025 14:15;0,20525366666666667
12.11.2025 14:30;0,16715633333333335
12.11.2025 14:45;0,12905899999999998
12.11.2025 15:00;0,09096166666666666
12.11.2025 15:15;0,06822125
12.11.2025 15:30;0,04548083333333333
12.11.2025 15:45;0,022740416666666666
12.11.2025 16:00;0,0
12.11.2025 16:15;0,0
12.11.2025 16:30;0,0
12.11.2025 16:45;0,0
12.11.2025 17:00;0,0
12.11.2025 17:15;0,0
12.11.2025 17:30;0,0
12.11.2025 17:45;0,0
12.11.2025 18:00;0,0
12.11.2025 18:15;0,0
12.11.2025 18:30;0,0
12.11.2025 18:45;0,0
12.11.2025 19:00;0,0
12.11.2025 19:15;0,0
12.11.2025 19:30;0,0
12.11.2025 19:45;0,0
12.11.2025 20:00;0,0
12.11.2025 20:15;0,0
12.11.2025 20:30;0,0
12.11.2025 20:45;0,0
12.11.2025 21:00;0,0
12.11.2025 21:15;0,0
12.11.2025 21:30;0,0
12.11.2025 21:45;0,0
12.11.2025 22:00;0,0
12.11.2025 22:15;0,0
12.11.2025 22:30;0,0
12.11.2025 22:45;0,0
12.11.2025 23:00;0,0
12.11.2025 23:15;0,0
12.11.2025 23:30;0,0
12.11.2025 23:45;0,0
13.11.2025 00:00;0,0
13.11.2025 00:15;0,0
13.11.2025 00:30;0,0
13.11.2025 00:45;0,0
13.11.2025 01:00;0,0
13.11.2025 01:15;0,0
13.11.2025 01:30;0,0
13.11.2025 01:45;0,0
13.11.2025 02:00;0,0
13.11.2025 02:15;0,0
13.11.2025 02:30;0,0
13.11.2025 02:45;0,0
13.11.2025 03:00;0,0
13.11.2025 03:15;0,0
13.11.2025 03:30;0,0
13.11.2025 03:45;0,0
13.11.2025 04:00;0,0
13.11.2025 04:15;0,0
13.11.2025 04:30;0,0
13.11.2025 04:45;0,0
13.11.2025 05:00;0,0
13.11.2025 05:15;0,0
13.11.2025 05:30;0,0
13.11.2025 05:45;0,0
13.11.2025 06:00;0,0
13.11.2025 06:15;0,017320500000000003
13.11.2025 06:30;0,034641000000000005
13.11.2025 06:45;0,05196150000000001
13.11.2025 07:00;0,06928200000000001
13.11.2025 07:15;0,09359808333333333
13.11.2025 07:30;0,11791416666666667
13.11.2025 07:45;0,14223025
13.11.2025 08:00;0,16654633333333332
13.11.2025 08:15;0,1703635
13.11.2025 08:30;0,17418066666666665
13.11.2025 08:45;0,1779978333333333
13.11.2025 09:00;0,18181499999999998
13.11.2025 09:15;0,18964583333333332
13.11.2025 09:30;0,19747666666666663
13.11.2025 09:45;0,20530749999999998
13.11.2025 10:00;0,21313833333333332
13.11.2025 10:15;0,22202208333333334
13.11.2025 10:30;0,23090583333333334
13.11.2025 10:45;0,23978958333333336
13.11.2025 11:00;0,24867333333333336
13.11.2025 11:15;0,24455025000000002
13.11.2025 11:30;0,2404271666666667
13.11.2025 11:45;0,23630408333333333
13.11.2025 12:00;0,232181
13.11.2025 12:15;0,22330658333333334
13.11.2025 12:30;0,21443216666666667
13.11.2025 12:45;0,20555775
13.11.2025 13:00;0,19668333333333335
13.11.2025 13:15;0,18516308333333334
13.11.2025 13:30;0,17364283333333336
13.11.2025 13:45;0,16212258333333335
13.11.2025 14:00;0,15060233333333334
13.11.2025 14:15;0,12399058333333333
13.11.2025 14:30;0,09737883333333333
13.11.2025 14:45;0,07076708333333333
13.11.2025 15:00;0,04415533333333333
13.11.2025 15:15;0,0331165
13.11.2025 15:30;0,022077666666666666
13.11.2025 15:45;0,011038833333333331
13.11.2025 16:00;0,0
13.11.2025 16:15;0,0
13.11.2025 16:30;0,0
13.11.2025 16:45;0,0
13.11.2025 17:00;0,0
13.11.2025 17:15;0,0
13.11.2025 17:30;0,0
13.11.2025 17:45;0,0
13.11.2025 18:00;0,0
13.11.2025 18:15;0,0
13.11.2025 18:30;0,0
13.11.2025 18:45;0,0
13.11.2025 19:00;0,0
13.11.2025 19:15;0,0
13.11.2025 19:30;0,0
13.11.2025 19:45;0,0
13.11.2025 20:00;0,0
13.11.2025 20:15;0,0
13.11.2025 20:30;0,0
13.11.2025 20:45;0,0
13.11.2025 21:00;0,0
13.11.2025 21:15;0,0
13.11.2025 21:30;0,0
13.11.2025 21:45;0,0
13.11.2025 22:00;0,0
13.11.2025 22:15;0,0
13.11.2025 22:30;0,0
13.11.2025 22:45;0,0
13.11.2025 23:00;0,0
13.11.2025 23:15;0,0
13.11.2025 23:30;0,0
13.11.2025 23:45;0,0
14.11.2025 00:00;0,0
14.11.2025 00:15;0,0
14.11.2025 00:30;0,0
14.11.2025 00:45;0,0
14.11.2025 01:00;0,0
14.11.2025 01:15;0,0
14.11.2025 01:30;0,0
14.11.2025 01:45;0,0
14.11.2025 02:00;0,0
14.11.2025 02:15;0,0
14.11.2025 02:30;0,0
14.11.2025 02:45;0,0
14.11.2025 03:00;0,0
14.11.2025 03:15;0,0
14.11.2025 03:30;0,0
14.11.2025 03:45;0,0
14.11.2025 04:00;0,0
14.11.2025 04:15;0,0
14.11.2025 04:30;0,0
14.11.2025 04:45;0,0
14.11.2025 05:00;0,0
14.11.2025 05:15;0,0
14.11.2025 05:30;0,0
14.11.2025 05:45;0,0
14.11.2025 06:00;0,0
14.11.2025 06:15;0,01578375
14.11.2025 06:30;0,0315675
14.11.2025 06:45;0,04735125
14.11.2025 07:00;0,063135
14.11.2025 07:15;0,09685058333333332
14.11.2025 07:30;0,13056616666666665
14.11.2025 07:45;0,16428175
14.11.2025 08:00;0,19799733333333333
14.11.2025 08:15;0,21077866666666667
14.11.2025 08:30;0,22355999999999998
14.11.2025 08:45;0,23634133333333332
14.11.2025 09:00;0,24912266666666666
14.11.2025 09:15;0,2574436666666666
14.11.2025 09:30;0,26576466666666665
14.11.2025 09:45;0,27408566666666667
14.11.2025 10:00;0,28240666666666664
14.11.2025 10:15;0,29055
14.11.2025 10:30;0,29869333333333337
14.11.2025 10:45;0,3068366666666667
14.11.2025 11:00;0,31498000000000004
14.11.2025 11:15;0,30845500000000003
14.11.2025 11:30;0,30193000000000003
14.11.2025 11:45;0,295405
14.11.2025 12:00;0,28887999999999997
14.11.2025 12:15;0,2765413333333333
14.11.2025 12:30;0,26420266666666664
14.11.2025 12:45;0,251864
14.11.2025 13:00;0,23952533333333334
14.11.2025 13:15;0,2206925
14.11.2025 13:30;0,20185966666666666
14.11.2025 13:45;0,18302683333333333
14.11.2025 14:00;0,164194
14.11.2025 14:15;0,13787
14.11.2025 14:30;0,111546
14.11.2025 14:45;0,085222
14.11.2025 15:00;0,058898
14.11.2025 15:15;0,0441735
14.11.2025 15:30;0,029448999999999996
14.11.2025 15:45;0,014724499999999995
14.11.2025 16:00;0,0
14.11.2025 16:15;0,0
14.11.2025 16:30;0,0
14.11.2025 16:45;0,0
14.11.2025 17:00;0,0
14.11.2025 17:15;0,0
14.11.2025 17:30;0,0
14.11.2025 17:45;0,0
14.11.2025 18:00;0,0
14.11.2025 18:15;0,0
14.11.2025 18:30;0,0
14.11.2025 18:45;0,0
14.11.2025 19:00;0,0
14.11.2025 19:15;0,0
14.11.2025 19:30;0,0
14.11.2025 19:45;0,0
14.11.2025 20:00;0,0
14.11.2025 20:15;0,0
14.11.2025 20:30;0,0
14.11.2025 20:45;0,0
14.11.2025 21:00;0,0
14.11.2025 21:15;0,0
14.11.2025 21:30;0,0
14.11.2025 21:45;0,0
14.11.2025 22:00;0,0
14.11.2025 22:15;0,0
14.11.2025 22:30;0,0
14.11.2025 22:45;0,0
14.11.2025 23:00;0,0
14.11.2025 23:15;0,0
14.11.2025 23:30;0,0
14.11.2025 23:45;0,0
15.11.2025 00:00;0,0
15.11.2025 00:15;0,0
15.11.2025 00:30;0,0
15.11.2025 00:45;0,0
15.11.2025 01:00;0,0
15.11.2025 01:15;0,0
15.11.2025 01:30;0,0
15.11.2025 01:45;0,0
15.11.2025 02:00;0,0
15.11.2025 02:15;0,0
15.11.2025 02:30;0,0
15.11.2025 02:45;0,0
15.11.2025 03:00;0,0
15.11.2025 03:15;0,0
15.11.2025 03:30;0,0
15.11.2025 03:45;0,0
15.11.2025 04:00;0,0
15.11.2025 04:15;0,0
15.11.2025 04:30;0,0
15.11.2025 04:45;0,0
15.11.2025 05:00;0,0
15.11.2025 05:15;0,0
15.11.2025 05:30;0,0
15.11.2025 05:45;0,0
15.11.2025 06:00;0,0
15.11.2025 06:15;0,010710666666666667
15.11.2025 06:30;0,021421333333333334
15.11.2025 06:45;0,032132
15.11.2025 07:00;0,04284266666666667
15.11.2025 07:15;0,07175333333333334
15.11.2025 07:30;0,10066399999999999
15.11.2025 07:45;0,12957466666666664
15.11.2025 08:00;0,1584853333333333
15.11.2025 08:15;0,17599691666666664
15.11.2025 08:30;0,19350849999999997
15.11.2025 08:45;0,21102008333333333
15.11.2025 09:00;0,22853166666666666
15.11.2025 09:15;0,25299008333333334
15.11.2025 09:30;0,2774485
15.11.2025 09:45;0,3019069166666667
15.11.2025 10:00;0,32636533333333334
15.11.2025 10:15;0,33000725
15.11.2025 10:30;0,33364916666666666
15.11.2025 10:45;0,33729108333333335
15.11.2025 11:00;0,340933
15.11.2025 11:15;0,34136175
15.11.2025 11:30;0,3417905
15.11.2025 11:45;0,34221925
15.11.2025 12:00;0,342648
15.11.2025 12:15;0,33951825
15.11.2025 12:30;0,3363885
15.11.2025 12:45;0,33325875
15.11.2025 13:00;0,330129
15.11.2025 13:15;0,3031891666666667
15.11.2025 13:30;0,27624933333333335
15.11.2025 13:45;0,2493095
15.11.2025 14:00;0,22236966666666666
15.11.2025 14:15;0,18483941666666664
15.11.2025 14:30;0,14730916666666666
15.11.2025 14:45;0,10977891666666666
15.11.2025 15:00;0,07224866666666667
15.11.2025 15:15;0,0541865
15.11.2025 15:30;0,036124333333333335
15.11.2025 15:45;0,018062166666666664
15.11.2025 16:00;0,0
15.11.2025 16:15;0,0
15.11.2025 16:30;0,0
15.11.2025 16:45;0,0
15.11.2025 17:00;0,0
15.11.2025 17:15;0,0
15.11.2025 17:30;0,0
15.11.2025 17:45;0,0
15.11.2025 18:00;0,0
15.11.2025 18:15;0,0
15.11.2025 18:30;0,0
15.11.2025 18:45;0,0
15.11.2025 19:00;0,0
15.11.2025 19:15;0,0
15.11.2025 19:30;0,0
15.11.2025 19:45;0,0
15.11.2025 20:00;0,0
15.11.2025 20:15;0,0
15.11.2025 20:30;0,0
15.11.2025 20:45;0,0
15.11.2025 21:00;0,0
15.11.2025 21:15;0,0
15.11.2025 21:30;0,0
15.11.2025 21:45;0,0
15.11.2025 22:00;0,0
15.11.2025 22:15;0,0
15.11.2025 22:30;0,0
15.11.2025 22:45;0,0
15.11.2025 23:00;0,0
15.11.2025 23:15;0,0
15.11.2025 23:30;0,0
15.11.2025 23:45;0,0
16.11.2025 00:00;0,0
16.11.2025 00:15;0,0
16.11.2025 00:30;0,0
16.11.2025 00:45;0,0
16.11.2025 01:00;0,0
16.11.2025 01:15;0,0
16.11.2025 01:30;0,0
16.11.2025 01:45;0,0
16.11.2025 02:00;0,0
16.11.2025 02:15;0,0
16.11.2025 02:30;0,0
16.11.2025 02:45;0,0
16.11.2025 03:00;0,0
16.11.2025 03:15;0,0
16.11.2025 03:30;0,0
16.11.2025 03:45;0,0
16.11.2025 04:00;0,0
16.11.2025 04:15;0,0
16.11.2025 04:30;0,0
16.11.2025 04:45;0,0
16.11.2025 05:00;0,0
16.11.2025 05:15;0,0
16.11.2025 05:30;0,0
16.11.2025 05:45;0,0
16.11.2025 06:00;0,0
16.11.2025 06:15;0,007978916666666667
16.11.2025 06:30;0,015957833333333334
16.11.2025 06:45;0,02393675
16.11.2025 07:00;0,03191566666666667
16.11.2025 07:15;0,05069183333333333
16.11.2025 07:30;0,069468
16.11.2025 07:45;0,08824416666666665
16.11.2025 08:00;0,10702033333333333
16.11.2025 08:15;0,12324541666666666
16.11.2025 08:30;0,1394705
16.11.2025 08:45;0,15569558333333333
16.11.2025 09:00;0,17192066666666667
16.11.2025 09:15;0,17833466666666667
16.11.2025 09:30;0,18474866666666667
16.11.2025 09:45;0,19116266666666665
16.11.2025 10:00;0,19757666666666665
16.11.2025 10:15;0,20823316666666666
16.11.2025 10:30;0,21888966666666665
16.11.2025 10:45;0,22954616666666666
16.11.2025 11:00;0,24020266666666668
16.11.2025 11:15;0,23944008333333333
16.11.2025 11:30;0,23867750000000001
16.11.2025 11:45;0,2379149166666667
16.11.2025 12:00;0,23715233333333335
16.11.2025 12:15;0,2263716666666667
16.11.2025 12:30;0,21559100000000003
16.11.2025 12:45;0,20481033333333334
16.11.2025 13:00;0,19402966666666668
16.11.2025 13:15;0,179291
16.11.2025 13:30;0,16455233333333333
16.11.2025 13:45;0,14981366666666668
16.11.2025 14:00;0,135075
16.11.2025 14:15;0,11256341666666667
16.11.2025 14:30;0,09005183333333333
16.11.2025 14:45;0,06754025
16.11.2025 15:00;0,04502866666666667
16.11.2025 15:15;0,0337715
16.11.2025 15:30;0,022514333333333334
16.11.2025 15:45;0,011257166666666665
16.11.2025 16:00;0,0
16.11.2025 16:15;0,0
16.11.2025 16:30;0,0
16.11.2025 16:45;0,0
16.11.2025 17:00;0,0
16.11.2025 17:15;0,0
16.11.2025 17:30;0,0
16.11.2025 17:45;0,0
16.11.2025 18:00;0,0
16.11.2025 18:15;0,0
16.11.2025 18:30;0,0
16.11.2025 18:45;0,0
16.11.2025 19:00;0,0
16.11.2025 19:15;0,0
16.11.2025 19:30;0,0
16.11.2025 19:45;0,0
16.11.2025 20:00;0,0
16.11.2025 20:15;0,0
16.11.2025 20:30;0,0
16.11.2025 20:45;0,0
16.11.2025 21:00;0,0
16.11.2025 21:15;0,0
16.11.2025 21:30;0,0
16.11.2025 21:45;0,0
16.11.2025 22:00;0,0
16.11.2025 22:15;0,0
16.11.2025 22:30;0,0
16.11.2025 22:45;0,0
16.11.2025 23:00;0,0
16.11.2025 23:15;0,0
16.11.2025 23:30;0,0
16.11.2025 23:45;0,0
17.11.2025 00:00;0,0
17.11.2025 00:15;0,0
17.11.2025 00:30;0,0
17.11.2025 00:45;0,0
17.11.2025 01:00;0,0
17.11.2025 01:15;0,0
17.11.2025 01:30;0,0
17.11.2025 01:45;0,0
17.11.2025 02:00;0,0
17.11.2025 02:15;0,0
17.11.2025 02:30;0,0
17.11.2025 02:45;0,0
17.11.2025 03:00;0,0
17.11.2025 03:15;0,0
17.11.2025 03:30;0,0
17.11.2025 03:45;0,0
17.11.2025 04:00;0,0
17.11.2025 04:15;0,0
17.11.2025 04:30;0,0
17.11.2025 04:45;0,0
17.11.2025 05:00;0,0
17.11.2025 05:15;0,0
17.11.2025 05:30;0,0
17.11.2025 05:45;0,0
17.11.2025 06:00;0,0
17.11.2025 06:15;0,008329
17.11.2025 06:30;0,016658
17.11.2025 06:45;0,024987
17.11.2025 07:00;0,033316
17.11.2025 07:15;0,056544750000000005
17.11.2025 07:30;0,0797735
17.11.2025 07:45;0,10300225000000002
17.11.2025 08:00;0,126231
17.11.2025 08:15;0,14092258333333335
17.11.2025 08:30;0,1556141666666667
17.11.2025 08:45;0,17030575
17.11.2025 09:00;0,18499733333333335
17.11.2025 09:15;0,19590116666666668
17.11.2025 09:30;0,20680500000000002
17.11.2025 09:45;0,21770883333333335
17.11.2025 10:00;0,2286126666666667
17.11.2025 10:15;0,23996725000000002
17.11.2025 10:30;0,25132183333333336
17.11.2025 10:45;0,26267641666666663
17.11.2025 11:00;0,27403099999999997
17.11.2025 11:15;0,28164999999999996
17.11.2025 11:30;0,289269
17.11.2025 11:45;0,29688800000000004
17.11.2025 12:00;0,304507
17.11.2025 12:15;0,3051000833333334
17.11.2025 12:30;0,3056931666666667
17.11.2025 12:45;0,30628625
17.11.2025 13:00;0,30687933333333334
17.11.2025 13:15;0,28083816666666667
17.11.2025 13:30;0,254797
17.11.2025 13:45;0,22875583333333332
17.11.2025 14:00;0,20271466666666665
17.11.2025 14:15;0,16462866666666665
17.11.2025 14:30;0,12654266666666666
17.11.2025 14:45;0,08845666666666667
17.11.2025 15:00;0,05037066666666667
17.11.2025 15:15;0,037778
17.11.2025 15:30;0,025185333333333334
17.11.2025 15:45;0,012592666666666669
17.11.2025 16:00;0,0
17.11.2025 16:15;0,0
17.11.2025 16:30;0,0
17.11.2025 16:45;0,0
17.11.2025 17:00;0,0
17.11.2025 17:15;0,0
17.11.2025 17:30;0,0
17.11.2025 17:45;0,0
17.11.2025 18:00;0,0
17.11.2025 18:15;0,0
17.11.2025 18:30;0,0
17.11.2025 18:45;0,0
17.11.2025 19:00;0,0
17.11.2025 19:15;0,0
17.11.2025 19:30;0,0
17.11.2025 19:45;0,0
17.11.2025 20:00;0,0
17.11.2025 20:15;0,0
17.11.2025 20:30;0,0
17.11.2025 20:45;0,0
17.11.2025 21:00;0,0
17.11.2025 21:15;0,0
17.11.2025 21:30;0,0
17.11.2025 21:45;0,0
17.11.2025 22:00;0,0
17.11.2025 22:15;0,0
17.11.2025 22:30;0,0
17.11.2025 22:45;0,0
17.11.2025 23:00;0,0
17.11.2025 23:15;0,0
17.11.2025 23:30;0,0
17.11.2025 23:45;0,0
18.11.2025 00:00;0,0
18.11.2025 00:15;0,0
18.11.2025 00:30;0,0
18.11.2025 00:45;0,0
18.11.2025 01:00;0,0
18.11.2025 01:15;0,0
18.11.2025 01:30;0,0
18.11.2025 01:45;0,0
18.11.2025 02:00;0,0
18.11.2025 02:15;0,0
18.11.2025 02:30;0,0
18.11.2025 02:45;0,0
18.11.2025 03:00;0,0
18.11.2025 03:15;0,0
18.11.2025 03:30;0,0
18.11.2025 03:45;0,0
18.11.2025 04:00;0,0
18.11.2025 04:15;0,0
18.11.2025 04:30;0,0
18.11.2025 04:45;0,0
18.11.2025 05:00;0,0
18.11.2025 05:15;0,0
18.11.2025 05:30;0,0
18.11.2025 05:45;0,0
18.11.2025 06:00;0,0
18.11.2025 06:15;0,006085833333333333
18.11.2025 06:30;0,012171666666666666
18.11.2025 06:45;0,018257499999999996
18.11.2025 07:00;0,02434333333333333
18.11.2025 07:15;0,0440735
18.11.2025 07:30;0,06380366666666668
18.11.2025 07:45;0,08353383333333335
18.11.2025 08:00;0,10326400000000001
18.11.2025 08:15;0,11362850000000001
18.11.2025 08:30;0,12399299999999999
18.11.2025 08:45;0,1343575
18.11.2025 09:00;0,144722
18.11.2025 09:15;0,14459466666666665
18.11.2025 09:30;0,14446733333333334
18.11.2025 09:45;0,14434000000000002
18.11.2025 10:00;0,14421266666666668
18.11.2025 10:15;0,15051858333333334
18.11.2025 10:30;0,15682450000000003
18.11.2025 10:45;0,1631304166666667
18.11.2025 11:00;0,16943633333333336
18.11.2025 11:15;0,1777785
18.11.2025 11:30;0,18612066666666668
18.11.2025 11:45;0,19446283333333336
18.11.2025 12:00;0,202805
18.11.2025 12:15;0,19961341666666668
18.11.2025 12:30;0,19642183333333335
18.11.2025 12:45;0,19323025
18.11.2025 13:00;0,19003866666666666
18.11.2025 13:15;0,18080433333333334
18.11.2025 13:30;0,17157
18.11.2025 13:45;0,16233566666666666
18.11.2025 14:00;0,15310133333333334
18.11.2025 14:15;0,12595800000000001
18.11.2025 14:30;0,09881466666666668
18.11.2025 14:45;0,07167133333333334
18.11.2025 15:00;0,044528
18.11.2025 15:15;0,033395999999999995
18.11.2025 15:30;0,022264
18.11.2025 15:45;0,011132000000000003
18.11.2025 16:00;0,0
18.11.2025 16:15;0,0
18.11.2025 16:30;0,0
18.11.2025 16:45;0,0
18.11.2025 17:00;0,0
18.11.2025 17:15;0,0
18.11.2025 17:30;0,0
18.11.2025 17:45;0,0
18.11.2025 18:00;0,0
18.11.2025 18:15;0,0
18.11.2025 18:30;0,0
18.11.2025 18:45;0,0
18.11.2025 19:00;0,0
18.11.2025 19:15;0,0
18.11.2025 19:30;0,0
18.11.2025 19:45;0,0
18.11.2025 20:00;0,0
18.11.2025 20:15;0,0
18.11.2025 20:30;0,0
18.11.2025 20:45;0,0
18.11.2025 21:00;0,0
18.11.2025 21:15;0,0
18.11.2025 21:30;0,0
18.11.2025 21:45;0,0
18.11.2025 22:00;0,0
18.11.2025 22:15;0,0
18.11.2025 22:30;0,0
18.11.2025 22:45;0,0
18.11.2025 23:00;0,0
18.11.2025 23:15;0,0
18.11.2025 23:30;0,0
18.11.2025 23:45;0,0
19.11.2025 00:00;0,0
19.11.2025 00:15;0,0
19.11.2025 00:30;0,0
19.11.2025 00:45;0,0
19.11.2025 01:00;0,0
19.11.2025 01:15;0,0
19.11.2025 01:30;0,0
19.11.2025 01:45;0,0
19.11.2025 02:00;0,0
19.11.2025 02:15;0,0
19.11.2025 02:30;0,0
19.11.2025 02:45;0,0
19.11.2025 03:00;0,0
19.11.2025 03:15;0,0
19.11.2025 03:30;0,0
19.11.2025 03:45;0,0
19.11.2025 04:00;0,0
19.11.2025 04:15;0,0
19.11.2025 04:30;0,0
19.11.2025 04:45;0,0
19.11.2025 05:00;0,0
19.11.2025 05:15;0,0
19.11.2025 05:30;0,0
19.11.2025 05:45;0,0
19.11.2025 06:00;0,0
19.11.2025 06:15;0,01248725
19.11.2025 06:30;0,0249745
19.11.2025 06:45;0,03746175
19.11.2025 07:00;0,049949
19.11.2025 07:15;0,06705241666666667
19.11.2025 07:30;0,08415583333333332
19.11.2025 07:45;0,10125925
19.11.2025 08:00;0,11836266666666666
19.11.2025 08:15;0,11308983333333333
19.11.2025 08:30;0,107817
19.11.2025 08:45;0,10254416666666666
19.11.2025 09:00;0,09727133333333333
19.11.2025 09:15;0,1034045
19.11.2025 09:30;0,10953766666666667
19.11.2025 09:45;0,11567083333333333
19.11.2025 10:00;0,121804
19.11.2025 10:15;0,12428866666666666
19.11.2025 10:30;0,12677333333333335
19.11.2025 10:45;0,129258
19.11.2025 11:00;0,13174266666666667
19.11.2025 11:15;0,13608591666666667
19.11.2025 11:30;0,14042916666666666
19.11.2025 11:45;0,14477241666666668
19.11.2025 12:00;0,14911566666666667
19.11.2025 12:15;0,15230491666666668
19.11.2025 12:30;0,15549416666666666
19.11.2025 12:45;0,15868341666666666
19.11.2025 13:00;0,16187266666666666
19.11.2025 13:15;0,15915941666666666
19.11.2025 13:30;0,15644616666666666
19.11.2025 13:45;0,15373291666666666
19.11.2025 14:00;0,15101966666666666
19.11.2025 14:15;0,12450691666666666
19.11.2025 14:30;0,09799416666666666
19.11.2025 14:45;0,07148141666666666
19.11.2025 15:00;0,044968666666666664
19.11.2025 15:15;0,0337265
19.11.2025 15:30;0,022484333333333332
19.11.2025 15:45;0,011242166666666664
19.11.2025 16:00;0,0
19.11.2025 16:15;0,0
19.11.2025 16:30;0,0
19.11.2025 16:45;0,0
19.11.2025 17:00;0,0
19.11.2025 17:15;0,0
19.11.2025 17:30;0,0
19.11.2025 17:45;0,0
19.11.2025 18:00;0,0
19.11.2025 18:15;0,0
19.11.2025 18:30;0,0
19.11.2025 18:45;0,0
19.11.2025 19:00;0,0
19.11.2025 19:15;0,0
19.11.2025 19:30;0,0
19.11.2025 19:45;0,0
19.11.2025 20:00;0,0
19.11.2025 20:15;0,0
19.11.2025 20:30;0,0
19.11.2025 20:45;0,0
19.11.2025 21:00;0,0
19.11.2025 21:15;0,0
19.11.2025 21:30;0,0
19.11.2025 21:45;0,0
19.11.2025 22:00;0,0
19.11.2025 22:15;0,0
19.11.2025 22:30;0,0
19.11.2025 22:45;0,0
19.11.2025 23:00;0,0
19.11.2025 23:15;0,0
19.11.2025 23:30;0,0
19.11.2025 23:45;0,0
20.11.2025 00:00;0,0
20.11.2025 00:15;0,0
20.11.2025 00:30;0,0
20.11.2025 00:45;0,0
20.11.2025 01:00;0,0
20.11.2025 01:15;0,0
20.11.2025 01:30;0,0
20.11.2025 01:45;0,0
20.11.2025 02:00;0,0
20.11.2025 02:15;0,0
20.11.2025 02:30;0,0
20.11.2025 02:45;0,0
20.11.2025 03:00;0,0
20.11.2025 03:15;0,0
20.11.2025 03:30;0,0
20.11.2025 03:45;0,0
20.11.2025 04:00;0,0
20.11.2025 04:15;0,0
20.11.2025 04:30;0,0
20.11.2025 04:45;0,0
20.11.2025 05:00;0,0
20.11.2025 05:15;0,0
20.11.2025 05:30;0,0
20.11.2025 05:45;0,0
20.11.2025 06:00;0,0
20.11.2025 06:15;0,005019833333333334
20.11.2025 06:30;0,010039666666666667
20.11.2025 06:45;0,0150595
20.11.2025 07:00;0,020079333333333334
20.11.2025 07:15;0,045512333333333335
20.11.2025 07:30;0,07094533333333333
20.11.2025 07:45;0,09637833333333333
20.11.2025 08:00;0,12181133333333333
20.11.2025 08:15;0,12907675
20.11.2025 08:30;0,13634216666666665
20.11.2025 08:45;0,14360758333333332
20.11.2025 09:00;0,15087299999999998
20.11.2025 09:15;0,17088708333333333
20.11.2025 09:30;0,19090116666666668
20.11.2025 09:45;0,21091525
20.11.2025 10:00;0,23092933333333335
20.11.2025 10:15;0,2398364166666667
20.11.2025 10:30;0,2487435
20.11.2025 10:45;0,25765058333333335
20.11.2025 11:00;0,2665576666666667
20.11.2025 11:15;0,2612946666666667
20.11.2025 11:30;0,25603166666666666
20.11.2025 11:45;0,2507686666666667
20.11.2025 12:00;0,24550566666666668
20.11.2025 12:15;0,23039783333333333
20.11.2025 12:30;0,21528999999999998
20.11.2025 12:45;0,20018216666666666
20.11.2025 13:00;0,1850743333333333
20.11.2025 13:15;0,16842391666666665
20.11.2025 13:30;0,1517735
20.11.2025 13:45;0,13512308333333334
20.11.2025 14:00;0,11847266666666667
20.11.2025 14:15;0,09852816666666667
20.11.2025 14:30;0,07858366666666666
20.11.2025 14:45;0,05863916666666667
20.11.2025 15:00;0,03869466666666667
20.11.2025 15:15;0,029021
20.11.2025 15:30;0,019347333333333334
20.11.2025 15:45;0,00967366666666667
20.11.2025 16:00;0,0
20.11.2025 16:15;0,0
20.11.2025 16:30;0,0
20.11.2025 16:45;0,0
20.11.2025 17:00;0,0
20.11.2025 17:15;0,0
20.11.2025 17:30;0,0
20.11.2025 17:45;0,0
20.11.2025 18:00;0,0
20.11.2025 18:15;0,0
20.11.2025 18:30;0,0
20.11.2025 18:45;0,0
20.11.2025 19:00;0,0
20.11.2025 19:15;0,0
20.11.2025 19:30;0,0
20.11.2025 19:45;0,0
20.11.2025 20:00;0,0
20.11.2025 20:15;0,0
20.11.2025 20:30;0,0
20.11.2025 20:45;0,0
20.11.2025 21:00;0,0
20.11.2025 21:15;0,0
20.11.2025 21:30;0,0
20.11.2025 21:45;0,0
20.11.2025 22:00;0,0
20.11.2025 22:15;0,0
20.11.2025 22:30;0,0
20.11.2025 22:45;0,0
20.11.2025 23:00;0,0
20.11.2025 23:15;0,0
20.11.2025 23:30;0,0
20.11.2025 23:45;0,0
21.11.2025 00:00;0,0
21.11.2025 00:15;0,0
21.11.2025 00:30;0,0
21.11.2025 00:45;0,0
21.11.2025 01:00;0,0
21.11.2025 01:15;0,0
21.11.2025 01:30;0,0
21.11.2025 01:45;0,0
21.11.2025 02:00;0,0
21.11.2025 02:15;0,0
21.11.2025 02:30;0,0
21.11.2025 02:45;0,0
21.11.2025 03:00;0,0
21.11.2025 03:15;0,0
21.11.2025 03:30;0,0
21.11.2025 03:45;0,0
21.11.2025 04:00;0,0
21.11.2025 04:15;0,0
21.11.2025 04:30;0,0
21.11.2025 04:45;0,0
21.11.2025 05:00;0,0
21.11.2025 05:15;0,0
21.11.2025 05:30;0,0
21.11.2025 05:45;0,0
21.11.2025 06:00;0,0
21.11.2025 06:15;0,005074166666666667
21.11.2025 06:30;0,010148333333333334
21.11.2025 06:45;0,015222500000000002
21.11.2025 07:00;0,020296666666666668
21.11.2025 07:15;0,047959833333333333
21.11.2025 07:30;0,075623
21.11.2025 07:45;0,10328616666666667
21.11.2025 08:00;0,13094933333333333
21.11.2025 08:15;0,13674341666666667
21.11.2025 08:30;0,1425375
21.11.2025 08:45;0,14833158333333335
21.11.2025 09:00;0,1541256666666667
21.11.2025 09:15;0,15931716666666668
21.11.2025 09:30;0,16450866666666666
21.11.2025 09:45;0,16970016666666665
21.11.2025 10:00;0,17489166666666664
21.11.2025 10:15;0,19244475
21.11.2025 10:30;0,20999783333333333
21.11.2025 10:45;0,22755091666666666
21.11.2025 11:00;0,24510400000000002
21.11.2025 11:15;0,25081775
21.11.2025 11:30;0,2565315
21.11.2025 11:45;0,26224525
21.11.2025 12:00;0,267959
21.11.2025 12:15;0,25308200000000003
21.11.2025 12:30;0,238205
21.11.2025 12:45;0,223328
21.11.2025 13:00;0,208451
21.11.2025 13:15;0,19896
21.11.2025 13:30;0,189469
21.11.2025 13:45;0,179978
21.11.2025 14:00;0,170487
21.11.2025 14:15;0,13560891666666666
21.11.2025 14:30;0,10073083333333334
21.11.2025 14:45;0,06585275000000002
21.11.2025 15:00;0,030974666666666668
21.11.2025 15:15;0,023231
21.11.2025 15:30;0,015487333333333334
21.11.2025 15:45;0,007743666666666666
21.11.2025 16:00;0,0
21.11.2025 16:15;0,0
21.11.2025 16:30;0,0
21.11.2025 16:45;0,0
21.11.2025 17:00;0,0
21.11.2025 17:15;0,0
21.11.2025 17:30;0,0
21.11.2025 17:45;0,0
21.11.2025 18:00;0,0
21.11.2025 18:15;0,0
21.11.2025 18:30;0,0
21.11.2025 18:45;0,0
21.11.2025 19:00;0,0
21.11.2025 19:15;0,0
21.11.2025 19:30;0,0
21.11.2025 19:45;0,0
21.11.2025 20:00;0,0
21.11.2025 20:15;0,0
21.11.2025 20:30;0,0
21.11.2025 20:45;0,0
21.11.2025 21:00;0,0
21.11.2025 21:15;0,0
21.11.2025 21:30;0,0
21.11.2025 21:45;0,0
21.11.2025 22:00;0,0
21.11.2025 22:15;0,0
21.11.2025 22:30;0,0
21.11.2025 22:45;0,0
21.11.2025 23:00;0,0
21.11.2025 23:15;0,0
21.11.2025 23:30;0,0
21.11.2025 23:45;0,0
22.11.2025 00:00;0,0
22.11.2025 00:15;0,0
22.11.2025 00:30;0,0
22.11.2025 00:45;0,0
22.11.2025 01:00;0,0
22.11.2025 01:15;0,0
22.11.2025 01:30;0,0
22.11.2025 01:45;0,0
22.11.2025 02:00;0,0
22.11.2025 02:15;0,0
22.11.2025 02:30;0,0
22.11.2025 02:45;0,0
22.11.2025 03:00;0,0
22.11.2025 03:15;0,0
22.11.2025 03:30;0,0
22.11.2025 03:45;0,0
22.11.2025 04:00;0,0
22.11.2025 04:15;0,0
22.11.2025 04:30;0,0
22.11.2025 04:45;0,0
22.11.2025 05:00;0,0
22.11.2025 05:15;0,0
22.11.2025 05:30;0,0
22.11.2025 05:45;0,0
22.11.2025 06:00;0,0
22.11.2025 06:15;0,007416333333333334
22.11.2025 06:30;0,014832666666666668
22.11.2025 06:45;0,022249
22.11.2025 07:00;0,029665333333333332
22.11.2025 07:15;0,0717735
22.11.2025 07:30;0,11388166666666667
22.11.2025 07:45;0,15598983333333333
22.11.2025 08:00;0,198098
22.11.2025 08:15;0,21783691666666666
22.11.2025 08:30;0,23757583333333332
22.11.2025 08:45;0,25731475
22.11.2025 09:00;0,27705366666666664
22.11.2025 09:15;0,2946479166666667
22.11.2025 09:30;0,31224216666666665
22.11.2025 09:45;0,32983641666666663
22.11.2025 10:00;0,34743066666666667
22.11.2025 10:15;0,362909
22.11.2025 10:30;0,3783873333333333
22.11.2025 10:45;0,39386566666666667
22.11.2025 11:00;0,409344
22.11.2025 11:15;0,40835725
22.11.2025 11:30;0,40737049999999997
22.11.2025 11:45;0,40638375
22.11.2025 12:00;0,405397
22.11.2025 12:15;0,39151958333333337
22.11.2025 12:30;0,37764216666666667
22.11.2025 12:45;0,36376474999999997
22.11.2025 13:00;0,34988733333333333
22.11.2025 13:15;0,31796491666666665
22.11.2025 13:30;0,2860425
22.11.2025 13:45;0,25412008333333336
22.11.2025 14:00;0,22219766666666665
22.11.2025 14:15;0,17989475
22.11.2025 14:30;0,13759183333333333
22.11.2025 14:45;0,09528891666666667
22.11.2025 15:00;0,052986
22.11.2025 15:15;0,0397395
22.11.2025 15:30;0,026493
22.11.2025 15:45;0,013246500000000001
22.11.2025 16:00;0,0
22.11.2025 16:15;0,0
22.11.2025 16:30;0,0
22.11.2025 16:45;0,0
22.11.2025 17:00;0,0
22.11.2025 17:15;0,0
22.11.2025 17:30;0,0
22.11.2025 17:45;0,0
22.11.2025 18:00;0,0
22.11.2025 18:15;0,0
22.11.2025 18:30;0,0
22.11.2025 18:45;0,0
22.11.2025 19:00;0,0
22.11.2025 19:15;0,0
22.11.2025 19:30;0,0
22.11.2025 19:45;0,0
22.11.2025 20:00;0,0
22.11.2025 20:15;0,0
22.11.2025 20:30;0,0
22.11.2025 20:45;0,0
22.11.2025 21:00;0,0
22.11.2025 21:15;0,0
22.11.2025 21:30;0,0
22.11.2025 21:45;0,0
22.11.2025 22:00;0,0
22.11.2025 22:15;0,0
22.11.2025 22:30;0,0
22.11.2025 22:45;0,0
22.11.2025 23:00;0,0
22.11.2025 23:15;0,0
22.11.2025 23:30;0,0
22.11.2025 23:45;0,0
23.11.2025 00:00;0,0
23.11.2025 00:15;0,0
23.11.2025 00:30;0,0
23.11.2025 00:45;0,0
23.11.2025 01:00;0,0
23.11.2025 01:15;0,0
23.11.2025 01:30;0,0
23.11.2025 01:45;0,0
23.11.2025 02:00;0,0
23.11.2025 02:15;0,0
23.11.2025 02:30;0,0
23.11.2025 02:45;0,0
23.11.2025 03:00;0,0
23.11.2025 03:15;0,0
23.11.2025 03:30;0,0
23.11.2025 03:45;0,0
23.11.2025 04:00;0,0
23.11.2025 04:15;0,0
23.11.2025 04:30;0,0
23.11.2025 04:45;0,0
23.11.2025 05:00;0,0
23.11.2025 05:15;0,0
23.11.2025 05:30;0,0
23.11.2025 05:45;0,0
23.11.2025 06:00;0,0
23.11.2025 06:15;0,0020465
23.11.2025 06:30;0,004093
23.11.2025 06:45;0,0061395
23.11.2025 07:00;0,008186
23.11.2025 07:15;0,03295466666666667
23.11.2025 07:30;0,057723333333333335
23.11.2025 07:45;0,08249200000000001
23.11.2025 08:00;0,10726066666666667
23.11.2025 08:15;0,13187875
23.11.2025 08:30;0,15649683333333334
23.11.2025 08:45;0,18111491666666668
23.11.2025 09:00;0,205733
23.11.2025 09:15;0,21332608333333333
23.11.2025 09:30;0,22091916666666667
23.11.2025 09:45;0,22851225
23.11.2025 10:00;0,23610533333333333
23.11.2025 10:15;0,23798816666666667
23.11.2025 10:30;0,239871
23.11.2025 10:45;0,24175383333333333
23.11.2025 11:00;0,24363666666666667
23.11.2025 11:15;0,24299933333333334
23.11.2025 11:30;0,242362
23.11.2025 11:45;0,24172466666666664
23.11.2025 12:00;0,24108733333333332
23.11.2025 12:15;0,22506641666666666
23.11.2025 12:30;0,2090455
23.11.2025 12:45;0,19302458333333333
23.11.2025 13:00;0,17700366666666667
23.11.2025 13:15;0,16046666666666667
23.11.2025 13:30;0,14392966666666668
23.11.2025 13:45;0,12739266666666668
23.11.2025 14:00;0,11085566666666667
23.11.2025 14:15;0,09038333333333334
23.11.2025 14:30;0,069911
23.11.2025 14:45;0,049438666666666665
23.11.2025 15:00;0,02896633333333333
23.11.2025 15:15;0,021724749999999998
23.11.2025 15:30;0,014483166666666665
23.11.2025 15:45;0,0072415833333333325
23.11.2025 16:00;0,0
23.11.2025 16:15;0,0
23.11.2025 16:30;0,0
23.11.2025 16:45;0,0
23.11.2025 17:00;0,0
23.11.2025 17:15;0,0
23.11.2025 17:30;0,0
23.11.2025 17:45;0,0
23.11.2025 18:00;0,0
23.11.2025 18:15;0,0
23.11.2025 18:30;0,0
23.11.2025 18:45;0,0
23.11.2025 19:00;0,0
23.11.2025 19:15;0,0
23.11.2025 19:30;0,0
23.11.2025 19:45;0,0
23.11.2025 20:00;0,0
23.11.2025 20:15;0,0
23.11.2025 20:30;0,0
23.11.2025 20:45;0,0
23.11.2025 21:00;0,0
23.11.2025 21:15;0,0
23.11.2025 21:30;0,0
23.11.2025 21:45;0,0
23.11.2025 22:00;0,0
23.11.2025 22:15;0,0
23.11.2025 22:30;0,0
23.11.2025 22:45;0,0
23.11.2025 23:00;0,0
23.11.2025 23:15;0,0
23.11.2025 23:30;0,0
23.11.2025 23:45;0,0
24.11.2025 00:00;0,0
24.11.2025 00:15;0,0
24.11.2025 00:30;0,0
24.11.2025 00:45;0,0
24.11.2025 01:00;0,0
24.11.2025 01:15;0,0
24.11.2025 01:30;0,0
24.11.2025 01:45;0,0
24.11.2025 02:00;0,0
24.11.2025 02:15;0,0
24.11.2025 02:30;0,0
24.11.2025 02:45;0,0
24.11.2025 03:00;0,0
24.11.2025 03:15;0,0
24.11.2025 03:30;0,0
24.11.2025 03:45;0,0
24.11.2025 04:00;0,0
24.11.2025 04:15;0,0
24.11.2025 04:30;0,0
24.11.2025 04:45;0,0
24.11.2025 05:00;0,0
24.11.2025 05:15;0,0
24.11.2025 05:30;0,0
24.11.2025 05:45;0,0
24.11.2025 06:00;0,0
24.11.2025 06:15;0,0021616666666666668
24.11.2025 06:30;0,0043233333333333335
24.11.2025 06:45;0,006485
24.11.2025 07:00;0,008646666666666667
24.11.2025 07:15;0,04514516666666667
24.11.2025 07:30;0,08164366666666667
24.11.2025 07:45;0,11814216666666667
24.11.2025 08:00;0,15464066666666668
24.11.2025 08:15;0,17227091666666666
24.11.2025 08:30;0,18990116666666668
24.11.2025 08:45;0,20753141666666663
24.11.2025 09:00;0,22516166666666665
24.11.2025 09:15;0,2335415833333333
24.11.2025 09:30;0,24192149999999998
24.11.2025 09:45;0,25030141666666667
24.11.2025 10:00;0,2586813333333333
24.11.2025 10:15;0,2713425
24.11.2025 10:30;0,28400366666666665
24.11.2025 10:45;0,2966648333333334
24.11.2025 11:00;0,30932600000000005
24.11.2025 11:15;0,3074594166666667
24.11.2025 11:30;0,30559283333333337
24.11.2025 11:45;0,30372625000000003
24.11.2025 12:00;0,3018596666666667
24.11.2025 12:15;0,2804838333333334
24.11.2025 12:30;0,259108
24.11.2025 12:45;0,23773216666666666
24.11.2025 13:00;0,21635633333333332
24.11.2025 13:15;0,19764208333333333
24.11.2025 13:30;0,17892783333333334
24.11.2025 13:45;0,16021358333333333
24.11.2025 14:00;0,14149933333333334
24.11.2025 14:15;0,1125695
24.11.2025 14:30;0,08363966666666667
24.11.2025 14:45;0,05470983333333333
24.11.2025 15:00;0,02578
24.11.2025 15:15;0,019335
24.11.2025 15:30;0,01289
24.11.2025 15:45;0,006444999999999999
24.11.2025 16:00;0,0
24.11.2025 16:15;0,0
24.11.2025 16:30;0,0
24.11.2025 16:45;0,0
24.11.2025 17:00;0,0
24.11.2025 17:15;0,0
24.11.2025 17:30;0,0
24.11.2025 17:45;0,0
24.11.2025 18:00;0,0
24.11.2025 18:15;0,0
24.11.2025 18:30;0,0
24.11.2025 18:45;0,0
24.11.2025 19:00;0,0
24.11.2025 19:15;0,0
24.11.2025 19:30;0,0
24.11.2025 19:45;0,0
24.11.2025 20:00;0,0
24.11.2025 20:15;0,0
24.11.2025 20:30;0,0
24.11.2025 20:45;0,0
24.11.2025 21:00;0,0
24.11.2025 21:15;0,0
24.11.2025 21:30;0,0
24.11.2025 21:45;0,0
24.11.2025 22:00;0,0
24.11.2025 22:15;0,0
24.11.2025 22:30;0,0
24.11.2025 22:45;0,0
24.11.2025 23:00;0,0
24.11.2025 23:15;0,0
24.11.2025 23:30;0,0
24.11.2025 23:45;0,0
25.11.2025 00:00;0,0
25.11.2025 00:15;0,0
25.11.2025 00:30;0,0
25.11.2025 00:45;0,0
25.11.2025 01:00;0,0
25.11.2025 01:15;0,0
25.11.2025 01:30;0,0
25.11.2025 01:45;0,0
25.11.2025 02:00;0,0
25.11.2025 02:15;0,0
25.11.2025 02:30;0,0
25.11.2025 02:45;0,0
25.11.2025 03:00;0,0
25.11.2025 03:15;0,0
25.11.2025 03:30;0,0
25.11.2025 03:45;0,0
25.11.2025 04:00;0,0
25.11.2025 04:15;0,0
25.11.2025 04:30;0,0
25.11.2025 04:45;0,0
25.11.2025 05:00;0,0
25.11.2025 05:15;0,0
25.11.2025 05:30;0,0
25.11.2025 05:45;0,0
25.11.2025 06:00;0,0
25.11.2025 06:15;0,0015527499999999999
25.11.2025 06:30;0,0031054999999999998
25.11.2025 06:45;0,00465825
25.11.2025 07:00;0,0062109999999999995
25.11.2025 07:15;0,02481791666666667
25.11.2025 07:30;0,043424833333333336
25.11.2025 07:45;0,062031750000000004
25.11.2025 08:00;0,08063866666666666
25.11.2025 08:15;0,08571616666666666
25.11.2025 08:30;0,09079366666666666
25.11.2025 08:45;0,09587116666666666
25.11.2025 09:00;0,10094866666666666
25.11.2025 09:15;0,10422274999999999
25.11.2025 09:30;0,10749683333333332
25.11.2025 09:45;0,11077091666666666
25.11.2025 10:00;0,114045
25.11.2025 10:15;0,11508625
25.11.2025 10:30;0,1161275
25.11.2025 10:45;0,11716874999999999
25.11.2025 11:00;0,11821
25.11.2025 11:15;0,12120675
25.11.2025 11:30;0,1242035
25.11.2025 11:45;0,12720025000000001
25.11.2025 12:00;0,130197
25.11.2025 12:15;0,12321875
25.11.2025 12:30;0,1162405
25.11.2025 12:45;0,10926225
25.11.2025 13:00;0,102284
25.11.2025 13:15;0,09585491666666666
25.11.2025 13:30;0,08942583333333333
25.11.2025 13:45;0,08299675
25.11.2025 14:00;0,07656766666666666
25.11.2025 14:15;0,06152983333333333
25.11.2025 14:30;0,046492000000000006
25.11.2025 14:45;0,03145416666666667
25.11.2025 15:00;0,016416333333333335
25.11.2025 15:15;0,01231225
25.11.2025 15:30;0,008208166666666667
25.11.2025 15:45;0,004104083333333335
25.11.2025 16:00;0,0
25.11.2025 16:15;0,0
25.11.2025 16:30;0,0
25.11.2025 16:45;0,0
25.11.2025 17:00;0,0
25.11.2025 17:15;0,0
25.11.2025 17:30;0,0
25.11.2025 17:45;0,0
25.11.2025 18:00;0,0
25.11.2025 18:15;0,0
25.11.2025 18:30;0,0
25.11.2025 18:45;0,0
25.11.2025 19:00;0,0
25.11.2025 19:15;0,0
25.11.2025 19:30;0,0
25.11.2025 19:45;0,0
25.11.2025 20:00;0,0
25.11.2025 20:15;0,0
25.11.2025 20:30;0,0
25.11.2025 20:45;0,0
25.11.2025 21:00;0,0
25.11.2025 21:15;0,0
25.11.2025 21:30;0,0
25.11.2025 21:45;0,0
25.11.2025 22:00;0,0
25.11.2025 22:15;0,0
25.11.2025 22:30;0,0
25.11.2025 22:45;0,0
25.11.2025 23:00;0,0
25.11.2025 23:15;0,0
25.11.2025 23:30;0,0
25.11.2025 23:45;0,0
26.11.2025 00:00;0,0
26.11.2025 00:15;0,0
26.11.2025 00:30;0,0
26.11.2025 00:45;0,0
26.11.2025 01:00;0,0
26.11.2025 01:15;0,0
26.11.2025 01:30;0,0
26.11.2025 01:45;0,0
26.11.2025 02:00;0,0
26.11.2025 02:15;0,0
26.11.2025 02:30;0,0
26.11.2025 02:45;0,0
26.11.2025 03:00;0,0
26.11.2025 03:15;0,0
26.11.2025 03:30;0,0
26.11.2025 03:45;0,0
26.11.2025 04:00;0,0
26.11.2025 04:15;0,0
26.11.2025 04:30;0,0
26.11.2025 04:45;0,0
26.11.2025 05:00;0,0
26.11.2025 05:15;0,0
26.11.2025 05:30;0,0
26.11.2025 05:45;0,0
26.11.2025 06:00;0,0
26.11.2025 06:15;0,0003874166666666667
26.11.2025 06:30;0,0007748333333333334
26.11.2025 06:45;0,00116225
26.11.2025 07:00;0,0015496666666666669
26.11.2025 07:15;0,02708716666666667
26.11.2025 07:30;0,05262466666666667
26.11.2025 07:45;0,07816216666666667
26.11.2025 08:00;0,10369966666666668
26.11.2025 08:15;0,10605341666666668
26.11.2025 08:30;0,10840716666666667
26.11.2025 08:45;0,11076091666666667
26.11.2025 09:00;0,11311466666666667
26.11.2025 09:15;0,11391033333333334
26.11.2025 09:30;0,114706
26.11.2025 09:45;0,11550166666666666
26.11.2025 10:00;0,11629733333333332
26.11.2025 10:15;0,12255683333333332
26.11.2025 10:30;0,1288163333333333
26.11.2025 10:45;0,1350758333333333
26.11.2025 11:00;0,1413353333333333
26.11.2025 11:15;0,14875149999999998
26.11.2025 11:30;0,15616766666666665
26.11.2025 11:45;0,16358383333333332
26.11.2025 12:00;0,17099999999999999
26.11.2025 12:15;0,16170641666666666
26.11.2025 12:30;0,15241283333333333
26.11.2025 12:45;0,14311924999999998
26.11.2025 13:00;0,13382566666666665
26.11.2025 13:15;0,12790416666666665
26.11.2025 13:30;0,12198266666666666
26.11.2025 13:45;0,11606116666666667
26.11.2025 14:00;0,11013966666666668
26.11.2025 14:15;0,08632300000000001
26.11.2025 14:30;0,06250633333333333
26.11.2025 14:45;0,038689666666666664
26.11.2025 15:00;0,014873
26.11.2025 15:15;0,011154750000000001
26.11.2025 15:30;0,0074365
26.11.2025 15:45;0,0037182499999999993
26.11.2025 16:00;0,0
26.11.2025 16:15;0,0
26.11.2025 16:30;0,0
26.11.2025 16:45;0,0
26.11.2025 17:00;0,0
26.11.2025 17:15;0,0
26.11.2025 17:30;0,0
26.11.2025 17:45;0,0
26.11.2025 18:00;0,0
26.11.2025 18:15;0,0
26.11.2025 18:30;0,0
26.11.2025 18:45;0,0
26.11.2025 19:00;0,0
26.11.2025 19:15;0,0
26.11.2025 19:30;0,0
26.11.2025 19:45;0,0
26.11.2025 20:00;0,0
26.11.2025 20:15;0,0
26.11.2025 20:30;0,0
26.11.2025 20:45;0,0
26.11.2025 21:00;0,0
26.11.2025 21:15;0,0
26.11.2025 21:30;0,0
26.11.2025 21:45;0,0
26.11.2025 22:00;0,0
26.11.2025 22:15;0,0
26.11.2025 22:30;0,0
26.11.2025 22:45;0,0
26.11.2025 23:00;0,0
26.11.2025 23:15;0,0
26.11.2025 23:30;0,0
26.11.2025 23:45;0,0
27.11.2025 00:00;0,0
27.11.2025 00:15;0,0
27.11.2025 00:30;0,0
27.11.2025 00:45;0,0
27.11.2025 01:00;0,0
27.11.2025 01:15;0,0
27.11.2025 01:30;0,0
27.11.2025 01:45;0,0
27.11.2025 02:00;0,0
27.11.2025 02:15;0,0
27.11.2025 02:30;0,0
27.11.2025 02:45;0,0
27.11.2025 03:00;0,0
27.11.2025 03:15;0,0
27.11.2025 03:30;0,0
27.11.2025 03:45;0,0
27.11.2025 04:00;0,0
27.11.2025 04:15;0,0
27.11.2025 04:30;0,0
27.11.2025 04:45;0,0
27.11.2025 05:00;0,0
27.11.2025 05:15;0,0
27.11.2025 05:30;0,0
27.11.2025 05:45;0,0
27.11.2025 06:00;0,0
27.11.2025 06:15;0,0001385
27.11.2025 06:30;0,000277
27.11.2025 06:45;0,00041549999999999996
27.11.2025 07:00;0,000554
27.11.2025 07:15;0,027468333333333338
27.11.2025 07:30;0,054382666666666676
27.11.2025 07:45;0,08129700000000001
27.11.2025 08:00;0,10821133333333334
27.11.2025 08:15;0,11953075
27.11.2025 08:30;0,13085016666666666
27.11.2025 08:45;0,14216958333333332
27.11.2025 09:00;0,153489
27.11.2025 09:15;0,167826
27.11.2025 09:30;0,18216300000000002
27.11.2025 09:45;0,1965
27.11.2025 10:00;0,21083700000000002
27.11.2025 10:15;0,223976
27.11.2025 10:30;0,23711500000000002
27.11.2025 10:45;0,250254
27.11.2025 11:00;0,263393
27.11.2025 11:15;0,2588181666666667
27.11.2025 11:30;0,2542433333333333
27.11.2025 11:45;0,2496685
27.11.2025 12:00;0,24509366666666665
27.11.2025 12:15;0,23386658333333332
27.11.2025 12:30;0,2226395
27.11.2025 12:45;0,21141241666666666
27.11.2025 13:00;0,20018533333333333
27.11.2025 13:15;0,18002041666666665
27.11.2025 13:30;0,15985549999999998
27.11.2025 13:45;0,13969058333333334
27.11.2025 14:00;0,11952566666666667
27.11.2025 14:15;0,09428600000000001
27.11.2025 14:30;0,06904633333333333
27.11.2025 14:45;0,04380666666666666
27.11.2025 15:00;0,018567
27.11.2025 15:15;0,01392525
27.11.2025 15:30;0,0092835
27.11.2025 15:45;0,00464175
27.11.2025 16:00;0,0
27.11.2025 16:15;0,0
27.11.2025 16:30;0,0
27.11.2025 16:45;0,0
27.11.2025 17:00;0,0
27.11.2025 17:15;0,0
27.11.2025 17:30;0,0
27.11.2025 17:45;0,0
27.11.2025 18:00;0,0
27.11.2025 18:15;0,0
27.11.2025 18:30;0,0
27.11.2025 18:45;0,0
27.11.2025 19:00;0,0
27.11.2025 19:15;0,0
27.11.2025 19:30;0,0
27.11.2025 19:45;0,0
27.11.2025 20:00;0,0
27.11.2025 20:15;0,0
27.11.2025 20:30;0,0
27.11.2025 20:45;0,0
27.11.2025 21:00;0,0
27.11.2025 21:15;0,0
27.11.2025 21:30;0,0
27.11.2025 21:45;0,0
27.11.2025 22:00;0,0
27.11.2025 22:15;0,0
27.11.2025 22:30;0,0
27.11.2025 22:45;0,0
27.11.2025 23:00;0,0
27.11.2025 23:15;0,0
27.11.2025 23:30;0,0
27.11.2025 23:45;0,0
28.11.2025 00:00;0,0
28.11.2025 00:15;0,0
28.11.2025 00:30;0,0
28.11.2025 00:45;0,0
28.11.2025 01:00;0,0
28.11.2025 01:15;0,0
28.11.2025 01:30;0,0
28.11.2025 01:45;0,0
28.11.2025 02:00;0,0
28.11.2025 02:15;0,0
28.11.2025 02:30;0,0
28.11.2025 02:45;0,0
28.11.2025 03:00;0,0
28.11.2025 03:15;0,0
28.11.2025 03:30;0,0
28.11.2025 03:45;0,0
28.11.2025 04:00;0,0
28.11.2025 04:15;0,0
28.11.2025 04:30;0,0
28.11.2025 04:45;0,0
28.11.2025 05:00;0,0
28.11.2025 05:15;0,0
28.11.2025 05:30;0,0
28.11.2025 05:45;0,0
28.11.2025 06:00;0,0
28.11.2025 06:15;6,666666666666667e-05
28.11.2025 06:30;0,00013333333333333334
28.11.2025 06:45;0,0002
28.11.2025 07:00;0,0002666666666666667
28.11.2025 07:15;0,025010416666666667
28.11.2025 07:30;0,04975416666666667
28.11.2025 07:45;0,07449791666666666
28.11.2025 08:00;0,09924166666666667
28.11.2025 08:15;0,11166766666666667
28.11.2025 08:30;0,12409366666666667
28.11.2025 08:45;0,13651966666666668
28.11.2025 09:00;0,14894566666666667
28.11.2025 09:15;0,151307
28.11.2025 09:30;0,15366833333333335
28.11.2025 09:45;0,15602966666666668
28.11.2025 10:00;0,158391
28.11.2025 10:15;0,17111425
28.11.2025 10:30;0,1838375
28.11.2025 10:45;0,19656075
28.11.2025 11:00;0,209284
28.11.2025 11:15;0,20587575
28.11.2025 11:30;0,2024675
28.11.2025 11:45;0,19905925
28.11.2025 12:00;0,195651
28.11.2025 12:15;0,18648516666666665
28.11.2025 12:30;0,17731933333333333
28.11.2025 12:45;0,1681535
28.11.2025 13:00;0,15898766666666667
28.11.2025 13:15;0,14561575
28.11.2025 13:30;0,13224383333333334
28.11.2025 13:45;0,11887191666666666
28.11.2025 14:00;0,1055
28.11.2025 14:15;0,08319316666666667
28.11.2025 14:30;0,060886333333333334
28.11.2025 14:45;0,0385795
28.11.2025 15:00;0,016272666666666664
28.11.2025 15:15;0,012204499999999998
28.11.2025 15:30;0,008136333333333332
28.11.2025 15:45;0,004068166666666666
28.11.2025 16:00;0,0
28.11.2025 16:15;0,0
28.11.2025 16:30;0,0
28.11.2025 16:45;0,0
28.11.2025 17:00;0,0
28.11.2025 17:15;0,0
28.11.2025 17:30;0,0
28.11.2025 17:45;0,0
28.11.2025 18:00;0,0
28.11.2025 18:15;0,0
28.11.2025 18:30;0,0
28.11.2025 18:45;0,0
28.11.2025 19:00;0,0
28.11.2025 19:15;0,0
28.11.2025 19:30;0,0
28.11.2025 19:45;0,0
28.11.2025 20:00;0,0
28.11.2025 20:15;0,0
28.11.2025 20:30;0,0
28.11.2025 20:45;0,0
28.11.2025 21:00;0,0
28.11.2025 21:15;0,0
28.11.2025 21:30;0,0
28.11.2025 21:45;0,0
28.11.2025 22:00;0,0
28.11.2025 22:15;0,0
28.11.2025 22:30;0,0
28.11.2025 22:45;0,0
28.11.2025 23:00;0,0
28.11.2025 23:15;0,0
28.11.2025 23:30;0,0
28.11.2025 23:45;0,0
29.11.2025 00:00;0,0
29.11.2025 00:15;0,0
29.11.2025 00:30;0,0
29.11.2025 00:45;0,0
29.11.2025 01:00;0,0
29.11.2025 01:15;0,0
29.11.2025 01:30;0,0
29.11.2025 01:45;0,0
29.11.2025 02:00;0,0
29.11.2025 02:15;0,0
29.11.2025 02:30;0,0
29.11.2025 02:45;0,0
29.11.2025 03:00;0,0
29.11.2025 03:15;0,0
29.11.2025 03:30;0,0
29.11.2025 03:45;0,0
29.11.2025 04:00;0,0
29.11.2025 04:15;0,0
29.11.2025 04:30;0,0
29.11.2025 04:45;0,0
29.11.2025 05:00;0,0
29.11.2025 05:15;0,0
29.11.2025 05:30;0,0
29.11.2025 05:45;0,0
29.11.2025 06:00;0,0
29.11.2025 06:15;6,433333333333333e-05
29.11.2025 06:30;0,00012866666666666666
29.11.2025 06:45;0,00019299999999999997
29.11.2025 07:00;0,0002573333333333333
29.11.2025 07:15;0,0164775
29.11.2025 07:30;0,03269766666666667
29.11.2025 07:45;0,048917833333333334
29.11.2025 08:00;0,065138
29.11.2025 08:15;0,0713615
29.11.2025 08:30;0,07758499999999999
29.11.2025 08:45;0,0838085
29.11.2025 09:00;0,09003199999999999
29.11.2025 09:15;0,09734758333333332
29.11.2025 09:30;0,10466316666666667
29.11.2025 09:45;0,11197875
29.11.2025 10:00;0,11929433333333334
29.11.2025 10:15;0,11900308333333333
29.11.2025 10:30;0,11871183333333332
29.11.2025 10:45;0,11842058333333333
29.11.2025 11:00;0,11812933333333332
29.11.2025 11:15;0,12197608333333332
29.11.2025 11:30;0,12582283333333333
29.11.2025 11:45;0,1296695833333333
29.11.2025 12:00;0,13351633333333332
29.11.2025 12:15;0,13411974999999998
29.11.2025 12:30;0,13472316666666667
29.11.2025 12:45;0,13532658333333333
29.11.2025 13:00;0,13593
29.11.2025 13:15;0,12510666666666667
29.11.2025 13:30;0,11428333333333333
29.11.2025 13:45;0,10346
29.11.2025 14:00;0,09263666666666667
29.11.2025 14:15;0,0741425
29.11.2025 14:30;0,055648333333333334
29.11.2025 14:45;0,03715416666666666
29.11.2025 15:00;0,01866
29.11.2025 15:15;0,013995
29.11.2025 15:30;0,00933
29.11.2025 15:45;0,004664999999999999
29.11.2025 16:00;0,0
29.11.2025 16:15;0,0
29.11.2025 16:30;0,0
29.11.2025 16:45;0,0
29.11.2025 17:00;0,0
29.11.2025 17:15;0,0
29.11.2025 17:30;0,0
29.11.2025 17:45;0,0
29.11.2025 18:00;0,0
29.11.2025 18:15;0,0
29.11.2025 18:30;0,0
29.11.2025 18:45;0,0
29.11.2025 19:00;0,0
29.11.2025 19:15;0,0
29.11.2025 19:30;0,0
29.11.2025 19:45;0,0
29.11.2025 20:00;0,0
29.11.2025 20:15;0,0
29.11.2025 20:30;0,0
29.11.2025 20:45;0,0
29.11.2025 21:00;0,0
29.11.2025 21:15;0,0
29.11.2025 21:30;0,0
29.11.2025 21:45;0,0
29.11.2025 22:00;0,0
29.11.2025 22:15;0,0
29.11.2025 22:30;0,0
29.11.2025 22:45;0,0
29.11.2025 23:00;0,0
29.11.2025 23:15;0,0
29.11.2025 23:30;0,0
29.11.2025 23:45;0,0
30.11.2025 00:00;0,0
30.11.2025 00:15;0,0
30.11.2025 00:30;0,0
30.11.2025 00:45;0,0
30.11.2025 01:00;0,0
30.11.2025 01:15;0,0
30.11.2025 01:30;0,0
30.11.2025 01:45;0,0
30.11.2025 02:00;0,0
30.11.2025 02:15;0,0
30.11.2025 02:30;0,0
30.11.2025 02:45;0,0
30.11.2025 03:00;0,0
30.11.2025 03:15;0,0
30.11.2025 03:30;0,0
30.11.2025 03:45;0,0
30.11.2025 04:00;0,0
30.11.2025 04:15;0,0
30.11.2025 04:30;0,0
30.11.2025 04:45;0,0
30.11.2025 05:00;0,0
30.11.2025 05:15;0,0
30.11.2025 05:30;0,0
30.11.2025 05:45;0,0
30.11.2025 06:00;0,0
30.11.2025 06:15;1,8916666666666668e-05
30.11.2025 06:30;3,7833333333333336e-05
30.11.2025 06:45;5,6750000000000004e-05
30.11.2025 07:00;7,566666666666667e-05
30.11.2025 07:15;0,019490583333333332
30.11.2025 07:30;0,038905499999999996
30.11.2025 07:45;0,05832041666666666
30.11.2025 08:00;0,07773533333333332
30.11.2025 08:15;0,09282616666666665
30.11.2025 08:30;0,107917
30.11.2025 08:45;0,12300783333333334
30.11.2025 09:00;0,13809866666666668
30.11.2025 09:15;0,15013325
30.11.2025 09:30;0,16216783333333334
30.11.2025 09:45;0,1742024166666667
30.11.2025 10:00;0,186237
30.11.2025 10:15;0,19149433333333335
30.11.2025 10:30;0,19675166666666669
30.11.2025 10:45;0,20200900000000002
30.11.2025 11:00;0,20726633333333336
30.11.2025 11:15;0,19946525
30.11.2025 11:30;0,1916641666666667
30.11.2025 11:45;0,18386308333333334
30.11.2025 12:00;0,176062
30.11.2025 12:15;0,1735135
30.11.2025 12:30;0,170965
30.11.2025 12:45;0,16841650000000002
30.11.2025 13:00;0,16586800000000002
30.11.2025 13:15;0,15537325000000002
30.11.2025 13:30;0,14487850000000002
30.11.2025 13:45;0,13438375
30.11.2025 14:00;0,123889
30.11.2025 14:15;0,09765466666666667
30.11.2025 14:30;0,07142033333333334
30.11.2025 14:45;0,04518600000000002
30.11.2025 15:00;0,018951666666666665
30.11.2025 15:15;0,014213749999999999
30.11.2025 15:30;0,009475833333333333
30.11.2025 15:45;0,004737916666666668
30.11.2025 16:00;0,0
30.11.2025 16:15;0,0
30.11.2025 16:30;0,0
30.11.2025 16:45;0,0
30.11.2025 17:00;0,0
30.11.2025 17:15;0,0
30.11.2025 17:30;0,0
30.11.2025 17:45;0,0
30.11.2025 18:00;0,0
30.11.2025 18:15;0,0
30.11.2025 18:30;0,0
30.11.2025 18:45;0,0
30.11.2025 19:00;0,0
30.11.2025 19:15;0,0
30.11.2025 19:30;0,0
30.11.2025 19:45;0,0
30.11.2025 20:00;0,0
30.11.2025 20:15;0,0
30.11.2025 20:30;0,0
30.11.2025 20:45;0,0
30.11.2025 21:00;0,0
30.11.2025 21:15;0,0
30.11.2025 21:30;0,0
30.11.2025 21:45;0,0
30.11.2025 22:00;0,0
30.11.2025 22:15;0,0
30.11.2025 22:30;0,0
30.11.2025 22:45;0,0
30.11.2025 23:00;0,0
30.11.2025 23:15;0,0
30.11.2025 23:30;0,0
30.11.2025 23:45;0,0
01.12.2025 00:00;0,0
01.12.2025 00:15;0,0
01.12.2025 00:30;0,0
01.12.2025 00:45;0,0
01.12.2025 01:00;0,0
01.12.2025 01:15;0,0
01.12.2025 01:30;0,0
01.12.2025 01:45;0,0
01.12.2025 02:00;0,0
01.12.2025 02:15;0,0
01.12.2025 02:30;0,0
01.12.2025 02:45;0,0
01.12.2025 03:00;0,0
01.12.2025 03:15;0,0
01.12.2025 03:30;0,0
01.12.2025 03:45;0,0
01.12.2025 04:00;0,0
01.12.2025 04:15;0,0
01.12.2025 04:30;0,0
01.12.2025 04:45;0,0
01.12.2025 05:00;0,0
01.12.2025 05:15;0,0
01.12.2025 05:30;0,0
01.12.2025 05:45;0,0
01.12.2025 06:00;0,0
01.12.2025 06:15;8,833333333333332e-06
01.12.2025 06:30;1,7666666666666665e-05
01.12.2025 06:45;2,6499999999999997e-05
01.12.2025 07:00;3,533333333333333e-05
01.12.2025 07:15;0,025180333333333332
01.12.2025 07:30;0,05032533333333333
01.12.2025 07:45;0,07547033333333333
01.12.2025 08:00;0,10061533333333333
01.12.2025 08:15;0,10891916666666668
01.12.2025 08:30;0,11722300000000001
01.12.2025 08:45;0,12552683333333334
01.12.2025 09:00;0,13383066666666668
01.12.2025 09:15;0,14766008333333336
01.12.2025 09:30;0,1614895
01.12.2025 09:45;0,17531891666666666
01.12.2025 10:00;0,18914833333333333
01.12.2025 10:15;0,21127491666666667
01.12.2025 10:30;0,23340149999999998
01.12.2025 10:45;0,2555280833333333
01.12.2025 11:00;0,27765466666666666
01.12.2025 11:15;0,27732866666666667
01.12.2025 11:30;0,2770026666666666
01.12.2025 11:45;0,2766766666666666
01.12.2025 12:00;0,27635066666666663
01.12.2025 12:15;0,26911016666666665
01.12.2025 12:30;0,26186966666666667
01.12.2025 12:45;0,2546291666666667
01.12.2025 13:00;0,24738866666666667
01.12.2025 13:15;0,22341708333333332
01.12.2025 13:30;0,1994455
01.12.2025 13:45;0,17547391666666667
01.12.2025 14:00;0,15150233333333332
01.12.2025 14:15;0,11915933333333333
01.12.2025 14:30;0,08681633333333333
01.12.2025 14:45;0,05447333333333333
01.12.2025 15:00;0,02213033333333333
01.12.2025 15:15;0,016597749999999998
01.12.2025 15:30;0,011065166666666666
01.12.2025 15:45;0,005532583333333334
01.12.2025 16:00;0,0
01.12.2025 16:15;0,0
01.12.2025 16:30;0,0
01.12.2025 16:45;0,0
01.12.2025 17:00;0,0
01.12.2025 17:15;0,0
01.12.2025 17:30;0,0
01.12.2025 17:45;0,0
01.12.2025 18:00;0,0
01.12.2025 18:15;0,0
01.12.2025 18:30;0,0
01.12.2025 18:45;0,0
01.12.2025 19:00;0,0
01.12.2025 19:15;0,0
01.12.2025 19:30;0,0
01.12.2025 19:45;0,0
01.12.2025 20:00;0,0
01.12.2025 20:15;0,0
01.12.2025 20:30;0,0
01.12.2025 20:45;0,0
01.12.2025 21:00;0,0
01.12.2025 21:15;0,0
01.12.2025 21:30;0,0
01.12.2025 21:45;0,0
01.12.2025 22:00;0,0
01.12.2025 22:15;0,0
01.12.2025 22:30;0,0
01.12.2025 22:45;0,0
01.12.2025 23:00;0,0
01.12.2025 23:15;0,0
01.12.2025 23:30;0,0
01.12.2025 23:45;0,0
02.12.2025 00:00;0,0
02.12.2025 00:15;0,0
02.12.2025 00:30;0,0
02.12.2025 00:45;0,0
02.12.2025 01:00;0,0
02.12.2025 01:15;0,0
02.12.2025 01:30;0,0
02.12.2025 01:45;0,0
02.12.2025 02:00;0,0
02.12.2025 02:15;0,0
02.12.2025 02:30;0,0
02.12.2025 02:45;0,0
02.12.2025 03:00;0,0
02.12.2025 03:15;0,0
02.12.2025 03:30;0,0
02.12.2025 03:45;0,0
02.12.2025 04:00;0,0
02.12.2025 04:15;0,0
02.12.2025 04:30;0,0
02.12.2025 04:45;0,0
02.12.2025 05:00;0,0
02.12.2025 05:15;0,0
02.12.2025 05:30;0,0
02.12.2025 05:45;0,0
02.12.2025 06:00;0,0
02.12.2025 06:15;2,666666666666667e-06
02.12.2025 06:30;5,333333333333334e-06
02.12.2025 06:45;8,000000000000001e-06
02.12.2025 07:00;1,0666666666666667e-05
02.12.2025 07:15;0,028287
02.12.2025 07:30;0,056563333333333334
02.12.2025 07:45;0,08483966666666667
02.12.2025 08:00;0,113116
02.12.2025 08:15;0,12694766666666665
02.12.2025 08:30;0,1407793333333333
02.12.2025 08:45;0,154611
02.12.2025 09:00;0,16844266666666666
02.12.2025 09:15;0,17260324999999999
02.12.2025 09:30;0,17676383333333334
02.12.2025 09:45;0,18092441666666667
02.12.2025 10:00;0,185085
02.12.2025 10:15;0,19199625
02.12.2025 10:30;0,19890750000000001
02.12.2025 10:45;0,20581875
02.12.2025 11:00;0,21273
02.12.2025 11:15;0,2130875
02.12.2025 11:30;0,213445
02.12.2025 11:45;0,2138025
02.12.2025 12:00;0,21416000000000002
02.12.2025 12:15;0,20399458333333334
02.12.2025 12:30;0,19382916666666666
02.12.2025 12:45;0,18366375000000001
02.12.2025 13:00;0,17349833333333334
02.12.2025 13:15;0,16266741666666668
02.12.2025 13:30;0,15183649999999999
02.12.2025 13:45;0,14100558333333332
02.12.2025 14:00;0,13017466666666666
02.12.2025 14:15;0,10308008333333334
02.12.2025 14:30;0,07598550000000001
02.12.2025 14:45;0,04889091666666667
02.12.2025 15:00;0,02179633333333333
02.12.2025 15:15;0,016347249999999997
02.12.2025 15:30;0,010898166666666665
02.12.2025 15:45;0,0054490833333333336
02.12.2025 16:00;0,0
02.12.2025 16:15;0,0
02.12.2025 16:30;0,0
02.12.2025 16:45;0,0
02.12.2025 17:00;0,0
02.12.2025 17:15;0,0
02.12.2025 17:30;0,0
02.12.2025 17:45;0,0
02.12.2025 18:00;0,0
02.12.2025 18:15;0,0
02.12.2025 18:30;0,0
02.12.2025 18:45;0,0
02.12.2025 19:00;0,0
02.12.2025 19:15;0,0
02.12.2025 19:30;0,0
02.12.2025 19:45;0,0
02.12.2025 20:00;0,0
02.12.2025 20:15;0,0
02.12.2025 20:30;0,0
02.12.2025 20:45;0,0
02.12.2025 21:00;0,0
02.12.2025 21:15;0,0
02.12.2025 21:30;0,0
02.12.2025 21:45;0,0
02.12.2025 22:00;0,0
02.12.2025 22:15;0,0
02.12.2025 22:30;0,0
02.12.2025 22:45;0,0
02.12.2025 23:00;0,0
02.12.2025 23:15;0,0
02.12.2025 23:30;0,0
02.12.2025 23:45;0,0
03.12.2025 00:00;0,0
03.12.2025 00:15;0,0
03.12.2025 00:30;0,0
03.12.2025 00:45;0,0
03.12.2025 01:00;0,0
03.12.2025 01:15;0,0
03.12.2025 01:30;0,0
03.12.2025 01:45;0,0
03.12.2025 02:00;0,0
03.12.2025 02:15;0,0
03.12.2025 02:30;0,0
03.12.2025 02:45;0,0
03.12.2025 03:00;0,0
03.12.2025 03:15;0,0
03.12.2025 03:30;0,0
03.12.2025 03:45;0,0
03.12.2025 04:00;0,0
03.12.2025 04:15;0,0
03.12.2025 04:30;0,0
03.12.2025 04:45;0,0
03.12.2025 05:00;0,0
03.12.2025 05:15;0,0
03.12.2025 05:30;0,0
03.12.2025 05:45;0,0
03.12.2025 06:00;0,0
03.12.2025 06:15;0,0
03.12.2025 06:30;0,0
03.12.2025 06:45;0,0
03.12.2025 07:00;0,0
03.12.2025 07:15;0,036180833333333336
03.12.2025 07:30;0,07236166666666667
03.12.2025 07:45;0,10854250000000001
03.12.2025 08:00;0,14472333333333334
03.12.2025 08:15;0,1689089166666667
03.12.2025 08:30;0,1930945
03.12.2025 08:45;0,21728008333333332
03.12.2025 09:00;0,24146566666666666
03.12.2025 09:15;0,25280433333333335
03.12.2025 09:30;0,264143
03.12.2025 09:45;0,2754816666666667
03.12.2025 10:00;0,28682033333333334
03.12.2025 10:15;0,28963791666666666
03.12.2025 10:30;0,2924555
03.12.2025 10:45;0,29527308333333335
03.12.2025 11:00;0,29809066666666667
03.12.2025 11:15;0,3007215833333333
03.12.2025 11:30;0,3033525
03.12.2025 11:45;0,30598341666666673
03.12.2025 12:00;0,3086143333333334
03.12.2025 12:15;0,2833944166666667
03.12.2025 12:30;0,25817450000000003
03.12.2025 12:45;0,23295458333333333
03.12.2025 13:00;0,20773466666666665
03.12.2025 13:15;0,20304833333333333
03.12.2025 13:30;0,19836199999999998
03.12.2025 13:45;0,19367566666666663
03.12.2025 14:00;0,18898933333333331
03.12.2025 14:15;0,15064808333333332
03.12.2025 14:30;0,11230683333333333
03.12.2025 14:45;0,07396558333333333
03.12.2025 15:00;0,035624333333333334
03.12.2025 15:15;0,02671825
03.12.2025 15:30;0,017812166666666667
03.12.2025 15:45;0,008906083333333332
03.12.2025 16:00;0,0
03.12.2025 16:15;0,0
03.12.2025 16:30;0,0
03.12.2025 16:45;0,0
03.12.2025 17:00;0,0
03.12.2025 17:15;0,0
03.12.2025 17:30;0,0
03.12.2025 17:45;0,0
03.12.2025 18:00;0,0
03.12.2025 18:15;0,0
03.12.2025 18:30;0,0
03.12.2025 18:45;0,0
03.12.2025 19:00;0,0
03.12.2025 19:15;0,0
03.12.2025 19:30;0,0
03.12.2025 19:45;0,0
03.12.2025 20:00;0,0
03.12.2025 20:15;0,0
03.12.2025 20:30;0,0
03.12.2025 20:45;0,0
03.12.2025 21:00;0,0
03.12.2025 21:15;0,0
03.12.2025 21:30;0,0
03.12.2025 21:45;0,0
03.12.2025 22:00;0,0
03.12.2025 22:15;0,0
03.12.2025 22:30;0,0
03.12.2025 22:45;0,0
03.12.2025 23:00;0,0
03.12.2025 23:15;0,0
03.12.2025 23:30;0,0
03.12.2025 23:45;0,0
04.12.2025 00:00;0,0
04.12.2025 00:15;0,0
04.12.2025 00:30;0,0
04.12.2025 00:45;0,0
04.12.2025 01:00;0,0
04.12.2025 01:15;0,0
04.12.2025 01:30;0,0
04.12.2025 01:45;0,0
04.12.2025 02:00;0,0
04.12.2025 02:15;0,0
04.12.2025 02:30;0,0
04.12.2025 02:45;0,0
04.12.2025 03:00;0,0
04.12.2025 03:15;0,0
04.12.2025 03:30;0,0
04.12.2025 03:45;0,0
04.12.2025 04:00;0,0
04.12.2025 04:15;0,0
04.12.2025 04:30;0,0
04.12.2025 04:45;0,0
04.12.2025 05:00;0,0
04.12.2025 05:15;0,0
04.12.2025 05:30;0,0
04.12.2025 05:45;0,0
04.12.2025 06:00;0,0
04.12.2025 06:15;0,0
04.12.2025 06:30;0,0
04.12.2025 06:45;0,0
04.12.2025 07:00;0,0
04.12.2025 07:15;0,022251666666666666
04.12.2025 07:30;0,04450333333333333
04.12.2025 07:45;0,066755
04.12.2025 08:00;0,08900666666666666
04.12.2025 08:15;0,09520775000000001
04.12.2025 08:30;0,10140883333333334
04.12.2025 08:45;0,10760991666666667
04.12.2025 09:00;0,11381100000000001
04.12.2025 09:15;0,12114408333333333
04.12.2025 09:30;0,12847716666666667
04.12.2025 09:45;0,13581025
04.12.2025 10:00;0,14314333333333332
04.12.2025 10:15;0,15296825
04.12.2025 10:30;0,16279316666666666
04.12.2025 10:45;0,17261808333333334
04.12.2025 11:00;0,18244300000000002
04.12.2025 11:15;0,18419225
04.12.2025 11:30;0,1859415
04.12.2025 11:45;0,18769075000000002
04.12.2025 12:00;0,18944
04.12.2025 12:15;0,19250241666666668
04.12.2025 12:30;0,19556483333333335
04.12.2025 12:45;0,19862725
04.12.2025 13:00;0,20168966666666668
04.12.2025 13:15;0,1863109166666667
04.12.2025 13:30;0,17093216666666666
04.12.2025 13:45;0,15555341666666667
04.12.2025 14:00;0,14017466666666667
04.12.2025 14:15;0,11284875
04.12.2025 14:30;0,08552283333333334
04.12.2025 14:45;0,05819691666666667
04.12.2025 15:00;0,030871
04.12.2025 15:15;0,02315325
04.12.2025 15:30;0,0154355
04.12.2025 15:45;0,007717749999999999
04.12.2025 16:00;0,0
04.12.2025 16:15;0,0
04.12.2025 16:30;0,0
04.12.2025 16:45;0,0
04.12.2025 17:00;0,0
04.12.2025 17:15;0,0
04.12.2025 17:30;0,0
04.12.2025 17:45;0,0
04.12.2025 18:00;0,0
04.12.2025 18:15;0,0
04.12.2025 18:30;0,0
04.12.2025 18:45;0,0
04.12.2025 19:00;0,0
04.12.2025 19:15;0,0
04.12.2025 19:30;0,0
04.12.2025 19:45;0,0
04.12.2025 20:00;0,0
04.12.2025 20:15;0,0
04.12.2025 20:30;0,0
04.12.2025 20:45;0,0
04.12.2025 21:00;0,0
04.12.2025 21:15;0,0
04.12.2025 21:30;0,0
04.12.2025 21:45;0,0
04.12.2025 22:00;0,0
04.12.2025 22:15;0,0
04.12.2025 22:30;0,0
04.12.2025 22:45;0,0
04.12.2025 23:00;0,0
04.12.2025 23:15;0,0
04.12.2025 23:30;0,0
04.12.2025 23:45;0,0
05.12.2025 00:00;0,0
05.12.2025 00:15;0,0
05.12.2025 00:30;0,0
05.12.2025 00:45;0,0
05.12.2025 01:00;0,0
05.12.2025 01:15;0,0
05.12.2025 01:30;0,0
05.12.2025 01:45;0,0
05.12.2025 02:00;0,0
05.12.2025 02:15;0,0
05.12.2025 02:30;0,0
05.12.2025 02:45;0,0
05.12.2025 03:00;0,0
05.12.2025 03:15;0,0
05.12.2025 03:30;0,0
05.12.2025 03:45;0,0
05.12.2025 04:00;0,0
05.12.2025 04:15;0,0
05.12.2025 04:30;0,0
05.12.2025 04:45;0,0
05.12.2025 05:00;0,0
05.12.2025 05:15;0,0
05.12.2025 05:30;0,0
05.12.2025 05:45;0,0
05.12.2025 06:00;0,0
05.12.2025 06:15;0,0
05.12.2025 06:30;0,0
05.12.2025 06:45;0,0
05.12.2025 07:00;0,0
05.12.2025 07:15;0,035452583333333336
05.12.2025 07:30;0,07090516666666667
05.12.2025 07:45;0,10635775000000001
05.12.2025 08:00;0,14181033333333334
05.12.2025 08:15;0,153541
05.12.2025 08:30;0,16527166666666665
05.12.2025 08:45;0,17700233333333332
05.12.2025 09:00;0,18873299999999998
05.12.2025 09:15;0,20219108333333333
05.12.2025 09:30;0,21564916666666667
05.12.2025 09:45;0,22910724999999998
05.12.2025 10:00;0,24256533333333333
05.12.2025 10:15;0,23990683333333332
05.12.2025 10:30;0,23724833333333334
05.12.2025 10:45;0,23458983333333333
05.12.2025 11:00;0,23193133333333332
05.12.2025 11:15;0,24356725
05.12.2025 11:30;0,25520316666666665
05.12.2025 11:45;0,26683908333333334
05.12.2025 12:00;0,27847500000000003
05.12.2025 12:15;0,26837533333333335
05.12.2025 12:30;0,2582756666666667
05.12.2025 12:45;0,248176
05.12.2025 13:00;0,23807633333333333
05.12.2025 13:15;0,21590341666666668
05.12.2025 13:30;0,1937305
05.12.2025 13:45;0,17155758333333332
05.12.2025 14:00;0,14938466666666667
05.12.2025 14:15;0,11980958333333333
05.12.2025 14:30;0,0902345
05.12.2025 14:45;0,06065941666666666
05.12.2025 15:00;0,031084333333333335
05.12.2025 15:15;0,02331325
05.12.2025 15:30;0,015542166666666666
05.12.2025 15:45;0,007771083333333331
05.12.2025 16:00;0,0
05.12.2025 16:15;0,0
05.12.2025 16:30;0,0
05.12.2025 16:45;0,0
05.12.2025 17:00;0,0
05.12.2025 17:15;0,0
05.12.2025 17:30;0,0
05.12.2025 17:45;0,0
05.12.2025 18:00;0,0
05.12.2025 18:15;0,0
05.12.2025 18:30;0,0
05.12.2025 18:45;0,0
05.12.2025 19:00;0,0
05.12.2025 19:15;0,0
05.12.2025 19:30;0,0
05.12.2025 19:45;0,0
05.12.2025 20:00;0,0
05.12.2025 20:15;0,0
05.12.2025 20:30;0,0
05.12.2025 20:45;0,0
05.12.2025 21:00;0,0
05.12.2025 21:15;0,0
05.12.2025 21:30;0,0
05.12.2025 21:45;0,0
05.12.2025 22:00;0,0
05.12.2025 22:15;0,0
05.12.2025 22:30;0,0
05.12.2025 22:45;0,0
05.12.2025 23:00;0,0
05.12.2025 23:15;0,0
05.12.2025 23:30;0,0
05.12.2025 23:45;0,0
06.12.2025 00:00;0,0
06.12.2025 00:15;0,0
06.12.2025 00:30;0,0
06.12.2025 00:45;0,0
06.12.2025 01:00;0,0
06.12.2025 01:15;0,0
06.12.2025 01:30;0,0
06.12.2025 01:45;0,0
06.12.2025 02:00;0,0
06.12.2025 02:15;0,0
06.12.2025 02:30;0,0
06.12.2025 02:45;0,0
06.12.2025 03:00;0,0
06.12.2025 03:15;0,0
06.12.2025 03:30;0,0
06.12.2025 03:45;0,0
06.12.2025 04:00;0,0
06.12.2025 04:15;0,0
06.12.2025 04:30;0,0
06.12.2025 04:45;0,0
06.12.2025 05:00;0,0
06.12.2025 05:15;0,0
06.12.2025 05:30;0,0
06.12.2025 05:45;0,0
06.12.2025 06:00;0,0
06.12.2025 06:15;0,0
06.12.2025 06:30;0,0
06.12.2025 06:45;0,0
06.12.2025 07:00;0,0
06.12.2025 07:15;0,035820583333333336
06.12.2025 07:30;0,07164116666666667
06.12.2025 07:45;0,10746175000000001
06.12.2025 08:00;0,14328233333333334
06.12.2025 08:15;0,16015616666666668
06.12.2025 08:30;0,17703000000000002
06.12.2025 08:45;0,19390383333333333
06.12.2025 09:00;0,21077766666666667
06.12.2025 09:15;0,22462566666666667
06.12.2025 09:30;0,2384736666666667
06.12.2025 09:45;0,25232166666666667
06.12.2025 10:00;0,2661696666666667
06.12.2025 10:15;0,27564933333333336
06.12.2025 10:30;0,285129
06.12.2025 10:45;0,2946086666666667
06.12.2025 11:00;0,30408833333333335
06.12.2025 11:15;0,3049880833333333
06.12.2025 11:30;0,3058878333333333
06.12.2025 11:45;0,30678758333333334
06.12.2025 12:00;0,3076873333333333
06.12.2025 12:15;0,29936816666666666
06.12.2025 12:30;0,291049
06.12.2025 12:45;0,2827298333333333
06.12.2025 13:00;0,27441066666666664
06.12.2025 13:15;0,2562683333333333
06.12.2025 13:30;0,238126
06.12.2025 13:45;0,21998366666666666
06.12.2025 14:00;0,20184133333333334
06.12.2025 14:15;0,15878783333333335
06.12.2025 14:30;0,11573433333333334
06.12.2025 14:45;0,07268083333333333
06.12.2025 15:00;0,029627333333333332
06.12.2025 15:15;0,022220499999999997
06.12.2025 15:30;0,014813666666666666
06.12.2025 15:45;0,007406833333333331
06.12.2025 16:00;0,0
06.12.2025 16:15;0,0
06.12.2025 16:30;0,0
06.12.2025 16:45;0,0
06.12.2025 17:00;0,0
06.12.2025 17:15;0,0
06.12.2025 17:30;0,0
06.12.2025 17:45;0,0
06.12.2025 18:00;0,0
06.12.2025 18:15;0,0
06.12.2025 18:30;0,0
06.12.2025 18:45;0,0
06.12.2025 19:00;0,0
06.12.2025 19:15;0,0
06.12.2025 19:30;0,0
06.12.2025 19:45;0,0
06.12.2025 20:00;0,0
06.12.2025 20:15;0,0
06.12.2025 20:30;0,0
06.12.2025 20:45;0,0
06.12.2025 21:00;0,0
06.12.2025 21:15;0,0
06.12.2025 21:30;0,0
06.12.2025 21:45;0,0
06.12.2025 22:00;0,0
06.12.2025 22:15;0,0
06.12.2025 22:30;0,0
06.12.2025 22:45;0,0
06.12.2025 23:00;0,0
06.12.2025 23:15;0,0
06.12.2025 23:30;0,0
06.12.2025 23:45;0,0
07.12.2025 00:00;0,0
07.12.2025 00:15;0,0
07.12.2025 00:30;0,0
07.12.2025 00:45;0,0
07.12.2025 01:00;0,0
07.12.2025 01:15;0,0
07.12.2025 01:30;0,0
07.12.2025 01:45;0,0
07.12.2025 02:00;0,0
07.12.2025 02:15;0,0
07.12.2025 02:30;0,0
07.12.2025 02:45;0,0
07.12.2025 03:00;0,0
07.12.2025 03:15;0,0
07.12.2025 03:30;0,0
07.12.2025 03:45;0,0
07.12.2025 04:00;0,0
07.12.2025 04:15;0,0
07.12.2025 04:30;0,0
07.12.2025 04:45;0,0
07.12.2025 05:00;0,0
07.12.2025 05:15;0,0
07.12.2025 05:30;0,0
07.12.2025 05:45;0,0
07.12.2025 06:00;0,0
07.12.2025 06:15;0,0
07.12.2025 06:30;0,0
07.12.2025 06:45;0,0
07.12.2025 07:00;0,0
07.12.2025 07:15;0,023378333333333334
07.12.2025 07:30;0,04675666666666667
07.12.2025 07:45;0,070135
07.12.2025 08:00;0,09351333333333334
07.12.2025 08:15;0,11204066666666666
07.12.2025 08:30;0,130568
07.12.2025 08:45;0,1490953333333333
07.12.2025 09:00;0,16762266666666664
07.12.2025 09:15;0,18477991666666665
07.12.2025 09:30;0,20193716666666667
07.12.2025 09:45;0,21909441666666665
07.12.2025 10:00;0,23625166666666667
07.12.2025 10:15;0,2541204166666667
07.12.2025 10:30;0,27198916666666667
07.12.2025 10:45;0,28985791666666666
07.12.2025 11:00;0,30772666666666665
07.12.2025 11:15;0,3011260833333333
07.12.2025 11:30;0,2945255
07.12.2025 11:45;0,28792491666666664
07.12.2025 12:00;0,2813243333333333
07.12.2025 12:15;0,2677440833333333
07.12.2025 12:30;0,2541638333333333
07.12.2025 12:45;0,24058358333333332
07.12.2025 13:00;0,22700333333333333
07.12.2025 13:15;0,21389716666666667
07.12.2025 13:30;0,200791
07.12.2025 13:45;0,18768483333333333
07.12.2025 14:00;0,17457866666666666
07.12.2025 14:15;0,13923391666666668
07.12.2025 14:30;0,10388916666666667
07.12.2025 14:45;0,06854441666666669
07.12.2025 15:00;0,03319966666666667
07.12.2025 15:15;0,024899750000000002
07.12.2025 15:30;0,016599833333333334
07.12.2025 15:45;0,008299916666666667
07.12.2025 16:00;0,0
07.12.2025 16:15;0,0
07.12.2025 16:30;0,0
07.12.2025 16:45;0,0
07.12.2025 17:00;0,0
07.12.2025 17:15;0,0
07.12.2025 17:30;0,0
07.12.2025 17:45;0,0
07.12.2025 18:00;0,0
07.12.2025 18:15;0,0
07.12.2025 18:30;0,0
07.12.2025 18:45;0,0
07.12.2025 19:00;0,0
07.12.2025 19:15;0,0
07.12.2025 19:30;0,0
07.12.2025 19:45;0,0
07.12.2025 20:00;0,0
07.12.2025 20:15;0,0
07.12.2025 20:30;0,0
07.12.2025 20:45;0,0
07.12.2025 21:00;0,0
07.12.2025 21:15;0,0
07.12.2025 21:30;0,0
07.12.2025 21:45;0,0
07.12.2025 22:00;0,0
07.12.2025 22:15;0,0
07.12.2025 22:30;0,0
07.12.2025 22:45;0,0
07.12.2025 23:00;0,0
07.12.2025 23:15;0,0
07.12.2025 23:30;0,0
07.12.2025 23:45;0,0
08.12.2025 00:00;0,0
08.12.2025 00:15;0,0
08.12.2025 00:30;0,0
08.12.2025 00:45;0,0
08.12.2025 01:00;0,0
08.12.2025 01:15;0,0
08.12.2025 01:30;0,0
08.12.2025 01:45;0,0
08.12.2025 02:00;0,0
08.12.2025 02:15;0,0
08.12.2025 02:30;0,0
08.12.2025 02:45;0,0
08.12.2025 03:00;0,0
08.12.2025 03:15;0,0
08.12.2025 03:30;0,0
08.12.2025 03:45;0,0
08.12.2025 04:00;0,0
08.12.2025 04:15;0,0
08.12.2025 04:30;0,0
08.12.2025 04:45;0,0
08.12.2025 05:00;0,0
08.12.2025 05:15;0,0
08.12.2025 05:30;0,0
08.12.2025 05:45;0,0
08.12.2025 06:00;0,0
08.12.2025 06:15;0,0
08.12.2025 06:30;0,0
08.12.2025 06:45;0,0
08.12.2025 07:00;0,0
08.12.2025 07:15;0,044666
08.12.2025 07:30;0,089332
08.12.2025 07:45;0,13399799999999998
08.12.2025 08:00;0,178664
08.12.2025 08:15;0,18760283333333333
08.12.2025 08:30;0,19654166666666667
08.12.2025 08:45;0,20548049999999998
08.12.2025 09:00;0,21441933333333332
08.12.2025 09:15;0,21743791666666668
08.12.2025 09:30;0,2204565
08.12.2025 09:45;0,22347508333333332
08.12.2025 10:00;0,22649366666666668
08.12.2025 10:15;0,23408625
08.12.2025 10:30;0,24167883333333334
08.12.2025 10:45;0,24927141666666666
08.12.2025 11:00;0,256864
08.12.2025 11:15;0,26233074999999995
08.12.2025 11:30;0,26779749999999997
08.12.2025 11:45;0,27326425
08.12.2025 12:00;0,27873099999999995
08.12.2025 12:15;0,2669260833333333
08.12.2025 12:30;0,2551211666666666
08.12.2025 12:45;0,24331624999999998
08.12.2025 13:00;0,23151133333333332
08.12.2025 13:15;0,20583849999999998
08.12.2025 13:30;0,18016566666666667
08.12.2025 13:45;0,15449283333333336
08.12.2025 14:00;0,12882000000000002
08.12.2025 14:15;0,09858316666666668
08.12.2025 14:30;0,06834633333333334
08.12.2025 14:45;0,038109500000000004
08.12.2025 15:00;0,007872666666666667
08.12.2025 15:15;0,0059045
08.12.2025 15:30;0,003936333333333333
08.12.2025 15:45;0,0019681666666666667
08.12.2025 16:00;0,0
08.12.2025 16:15;0,0
08.12.2025 16:30;0,0
08.12.2025 16:45;0,0
08.12.2025 17:00;0,0
08.12.2025 17:15;0,0
08.12.2025 17:30;0,0
08.12.2025 17:45;0,0
08.12.2025 18:00;0,0
08.12.2025 18:15;0,0
08.12.2025 18:30;0,0
08.12.2025 18:45;0,0
08.12.2025 19:00;0,0
08.12.2025 19:15;0,0
08.12.2025 19:30;0,0
08.12.2025 19:45;0,0
08.12.2025 20:00;0,0
08.12.2025 20:15;0,0
08.12.2025 20:30;0,0
08.12.2025 20:45;0,0
08.12.2025 21:00;0,0
08.12.2025 21:15;0,0
08.12.2025 21:30;0,0
08.12.2025 21:45;0,0
08.12.2025 22:00;0,0
08.12.2025 22:15;0,0
08.12.2025 22:30;0,0
08.12.2025 22:45;0,0
08.12.2025 23:00;0,0
08.12.2025 23:15;0,0
08.12.2025 23:30;0,0
08.12.2025 23:45;0,0
09.12.2025 00:00;0,0
09.12.2025 00:15;0,0
09.12.2025 00:30;0,0
09.12.2025 00:45;0,0
09.12.2025 01:00;0,0
09.12.2025 01:15;0,0
09.12.2025 01:30;0,0
09.12.2025 01:45;0,0
09.12.2025 02:00;0,0
09.12.2025 02:15;0,0
09.12.2025 02:30;0,0
09.12.2025 02:45;0,0
09.12.2025 03:00;0,0
09.12.2025 03:15;0,0
09.12.2025 03:30;0,0
09.12.2025 03:45;0,0
09.12.2025 04:00;0,0
09.12.2025 04:15;0,0
09.12.2025 04:30;0,0
09.12.2025 04:45;0,0
09.12.2025 05:00;0,0
09.12.2025 05:15;0,0
09.12.2025 05:30;0,0
09.12.2025 05:45;0,0
09.12.2025 06:00;0,0
09.12.2025 06:15;0,0
09.12.2025 06:30;0,0
09.12.2025 06:45;0,0
09.12.2025 07:00;0,0
09.12.2025 07:15;0,03092733333333333
09.12.2025 07:30;0,06185466666666666
09.12.2025 07:45;0,09278199999999999
09.12.2025 08:00;0,12370933333333332
09.12.2025 08:15;0,13313658333333334
09.12.2025 08:30;0,14256383333333333
09.12.2025 08:45;0,15199108333333333
09.12.2025 09:00;0,16141833333333333
09.12.2025 09:15;0,16951075
09.12.2025 09:30;0,17760316666666665
09.12.2025 09:45;0,18569558333333333
09.12.2025 10:00;0,193788
09.12.2025 10:15;0,18754941666666666
09.12.2025 10:30;0,1813108333333333
09.12.2025 10:45;0,17507224999999998
09.12.2025 11:00;0,16883366666666666
09.12.2025 11:15;0,17349900000000001
09.12.2025 11:30;0,17816433333333334
09.12.2025 11:45;0,18282966666666667
09.12.2025 12:00;0,18749500000000002
09.12.2025 12:15;0,18465283333333335
09.12.2025 12:30;0,18181066666666668
09.12.2025 12:45;0,1789685
09.12.2025 13:00;0,17612633333333333
09.12.2025 13:15;0,15354241666666665
09.12.2025 13:30;0,1309585
09.12.2025 13:45;0,10837458333333333
09.12.2025 14:00;0,08579066666666667
09.12.2025 14:15;0,06664016666666667
09.12.2025 14:30;0,047489666666666666
09.12.2025 14:45;0,028339166666666665
09.12.2025 15:00;0,009188666666666666
09.12.2025 15:15;0,0068915
09.12.2025 15:30;0,004594333333333333
09.12.2025 15:45;0,002297166666666666
09.12.2025 16:00;0,0
09.12.2025 16:15;0,0
09.12.2025 16:30;0,0
09.12.2025 16:45;0,0
09.12.2025 17:00;0,0
09.12.2025 17:15;0,0
09.12.2025 17:30;0,0
09.12.2025 17:45;0,0
09.12.2025 18:00;0,0
09.12.2025 18:15;0,0
09.12.2025 18:30;0,0
09.12.2025 18:45;0,0
09.12.2025 19:00;0,0
09.12.2025 19:15;0,0
09.12.2025 19:30;0,0
09.12.2025 19:45;0,0
09.12.2025 20:00;0,0
09.12.2025 20:15;0,0
09.12.2025 20:30;0,0
09.12.2025 20:45;0,0
09.12.2025 21:00;0,0
09.12.2025 21:15;0,0
09.12.2025 21:30;0,0
09.12.2025 21:45;0,0
09.12.2025 22:00;0,0
09.12.2025 22:15;0,0
09.12.2025 22:30;0,0
09.12.2025 22:45;0,0
09.12.2025 23:00;0,0
09.12.2025 23:15;0,0
09.12.2025 23:30;0,0
09.12.2025 23:45;0,0
10.12.2025 00:00;0,0
10.12.2025 00:15;0,0
10.12.2025 00:30;0,0
10.12.2025 00:45;0,0
10.12.2025 01:00;0,0
10.12.2025 01:15;0,0
10.12.2025 01:30;0,0
10.12.2025 01:45;0,0
10.12.2025 02:00;0,0
10.12.2025 02:15;0,0
10.12.2025 02:30;0,0
10.12.2025 02:45;0,0
10.12.2025 03:00;0,0
10.12.2025 03:15;0,0
10.12.2025 03:30;0,0
10.12.2025 03:45;0,0
10.12.2025 04:00;0,0
10.12.2025 04:15;0,0
10.12.2025 04:30;0,0
10.12.2025 04:45;0,0
10.12.2025 05:00;0,0
10.12.2025 05:15;0,0
10.12.2025 05:30;0,0
10.12.2025 05:45;0,0
10.12.2025 06:00;0,0
10.12.2025 06:15;0,0
10.12.2025 06:30;0,0
10.12.2025 06:45;0,0
10.12.2025 07:00;0,0
10.12.2025 07:15;0,027995
10.12.2025 07:30;0,05599
10.12.2025 07:45;0,083985
10.12.2025 08:00;0,11198
10.12.2025 08:15;0,13210791666666666
10.12.2025 08:30;0,15223583333333335
10.12.2025 08:45;0,17236375
10.12.2025 09:00;0,19249166666666667
10.12.2025 09:15;0,20361341666666669
10.12.2025 09:30;0,2147351666666667
10.12.2025 09:45;0,22585691666666668
10.12.2025 10:00;0,2369786666666667
10.12.2025 10:15;0,2435315
10.12.2025 10:30;0,25008433333333335
10.12.2025 10:45;0,25663716666666664
10.12.2025 11:00;0,26319
10.12.2025 11:15;0,2603965833333333
10.12.2025 11:30;0,25760316666666666
10.12.2025 11:45;0,25480975
10.12.2025 12:00;0,25201633333333334
10.12.2025 12:15;0,24771108333333333
10.12.2025 12:30;0,24340583333333332
10.12.2025 12:45;0,23910058333333334
10.12.2025 13:00;0,23479533333333333
10.12.2025 13:15;0,21920866666666666
10.12.2025 13:30;0,203622
10.12.2025 13:45;0,18803533333333333
10.12.2025 14:00;0,17244866666666667
10.12.2025 14:15;0,13239458333333334
10.12.2025 14:30;0,0923405
10.12.2025 14:45;0,05228641666666667
10.12.2025 15:00;0,012232333333333335
10.12.2025 15:15;0,009174250000000002
10.12.2025 15:30;0,006116166666666667
10.12.2025 15:45;0,003058083333333333
10.12.2025 16:00;0,0
10.12.2025 16:15;0,0
10.12.2025 16:30;0,0
10.12.2025 16:45;0,0
10.12.2025 17:00;0,0
10.12.2025 17:15;0,0
10.12.2025 17:30;0,0
10.12.2025 17:45;0,0
10.12.2025 18:00;0,0
10.12.2025 18:15;0,0
10.12.2025 18:30;0,0
10.12.2025 18:45;0,0
10.12.2025 19:00;0,0
10.12.2025 19:15;0,0
10.12.2025 19:30;0,0
10.12.2025 19:45;0,0
10.12.2025 20:00;0,0
10.12.2025 20:15;0,0
10.12.2025 20:30;0,0
10.12.2025 20:45;0,0
10.12.2025 21:00;0,0
10.12.2025 21:15;0,0
10.12.2025 21:30;0,0
10.12.2025 21:45;0,0
10.12.2025 22:00;0,0
10.12.2025 22:15;0,0
10.12.2025 22:30;0,0
10.12.2025 22:45;0,0
10.12.2025 23:00;0,0
10.12.2025 23:15;0,0
10.12.2025 23:30;0,0
10.12.2025 23:45;0,0
11.12.2025 00:00;0,0
11.12.2025 00:15;0,0
11.12.2025 00:30;0,0
11.12.2025 00:45;0,0
11.12.2025 01:00;0,0
11.12.2025 01:15;0,0
11.12.2025 01:30;0,0
11.12.2025 01:45;0,0
11.12.2025 02:00;0,0
11.12.2025 02:15;0,0
11.12.2025 02:30;0,0
11.12.2025 02:45;0,0
11.12.2025 03:00;0,0
11.12.2025 03:15;0,0
11.12.2025 03:30;0,0
11.12.2025 03:45;0,0
11.12.2025 04:00;0,0
11.12.2025 04:15;0,0
11.12.2025 04:30;0,0
11.12.2025 04:45;0,0
11.12.2025 05:00;0,0
11.12.2025 05:15;0,0
11.12.2025 05:30;0,0
11.12.2025 05:45;0,0
11.12.2025 06:00;0,0
11.12.2025 06:15;0,0
11.12.2025 06:30;0,0
11.12.2025 06:45;0,0
11.12.2025 07:00;0,0
11.12.2025 07:15;0,03311175
11.12.2025 07:30;0,0662235
11.12.2025 07:45;0,09933525
11.12.2025 08:00;0,132447
11.12.2025 08:15;0,15249633333333334
11.12.2025 08:30;0,17254566666666668
11.12.2025 08:45;0,19259500000000002
11.12.2025 09:00;0,21264433333333335
11.12.2025 09:15;0,21299258333333335
11.12.2025 09:30;0,21334083333333334
11.12.2025 09:45;0,21368908333333334
11.12.2025 10:00;0,21403733333333333
11.12.2025 10:15;0,20910866666666666
11.12.2025 10:30;0,20418
11.12.2025 10:45;0,19925133333333334
11.12.2025 11:00;0,19432266666666667
11.12.2025 11:15;0,17588225
11.12.2025 11:30;0,15744183333333334
11.12.2025 11:45;0,13900141666666666
11.12.2025 12:00;0,12056099999999999
11.12.2025 12:15;0,12042633333333333
11.12.2025 12:30;0,12029166666666666
11.12.2025 12:45;0,12015699999999999
11.12.2025 13:00;0,12002233333333333
11.12.2025 13:15;0,10871066666666666
11.12.2025 13:30;0,09739899999999999
11.12.2025 13:45;0,08608733333333332
11.12.2025 14:00;0,07477566666666666
11.12.2025 14:15;0,05863116666666666
11.12.2025 14:30;0,04248666666666666
11.12.2025 14:45;0,02634216666666666
11.12.2025 15:00;0,010197666666666666
11.12.2025 15:15;0,007648249999999999
11.12.2025 15:30;0,005098833333333333
11.12.2025 15:45;0,002549416666666666
11.12.2025 16:00;0,0
11.12.2025 16:15;0,0
11.12.2025 16:30;0,0
11.12.2025 16:45;0,0
11.12.2025 17:00;0,0
11.12.2025 17:15;0,0
11.12.2025 17:30;0,0
11.12.2025 17:45;0,0
11.12.2025 18:00;0,0
11.12.2025 18:15;0,0
11.12.2025 18:30;0,0
11.12.2025 18:45;0,0
11.12.2025 19:00;0,0
11.12.2025 19:15;0,0
11.12.2025 19:30;0,0
11.12.2025 19:45;0,0
11.12.2025 20:00;0,0
11.12.2025 20:15;0,0
11.12.2025 20:30;0,0
11.12.2025 20:45;0,0
11.12.2025 21:00;0,0
11.12.2025 21:15;0,0
11.12.2025 21:30;0,0
11.12.2025 21:45;0,0
11.12.2025 22:00;0,0
11.12.2025 22:15;0,0
11.12.2025 22:30;0,0
11.12.2025 22:45;0,0
11.12.2025 23:00;0,0
11.12.2025 23:15;0,0
11.12.2025 23:30;0,0
11.12.2025 23:45;0,0
12.12.2025 00:00;0,0
12.12.2025 00:15;0,0
12.12.2025 00:30;0,0
12.12.2025 00:45;0,0
12.12.2025 01:00;0,0
12.12.2025 01:15;0,0
12.12.2025 01:30;0,0
12.12.2025 01:45;0,0
12.12.2025 02:00;0,0
12.12.2025 02:15;0,0
12.12.2025 02:30;0,0
12.12.2025 02:45;0,0
12.12.2025 03:00;0,0
12.12.2025 03:15;0,0
12.12.2025 03:30;0,0
12.12.2025 03:45;0,0
12.12.2025 04:00;0,0
12.12.2025 04:15;0,0
12.12.2025 04:30;0,0
12.12.2025 04:45;0,0
12.12.2025 05:00;0,0
12.12.2025 05:15;0,0
12.12.2025 05:30;0,0
12.12.2025 05:45;0,0
12.12.2025 06:00;0,0
12.12.2025 06:15;0,0
12.12.2025 06:30;0,0
12.12.2025 06:45;0,0
12.12.2025 07:00;0,0
12.12.2025 07:15;0,040149083333333335
12.12.2025 07:30;0,08029816666666667
12.12.2025 07:45;0,12044725
12.12.2025 08:00;0,16059633333333334
12.12.2025 08:15;0,18135666666666667
12.12.2025 08:30;0,202117
12.12.2025 08:45;0,22287733333333332
12.12.2025 09:00;0,24363766666666667
12.12.2025 09:15;0,26420625
12.12.2025 09:30;0,2847748333333333
12.12.2025 09:45;0,30534341666666664
12.12.2025 10:00;0,325912
12.12.2025 10:15;0,33320675
12.12.2025 10:30;0,3405015
12.12.2025 10:45;0,34779625
12.12.2025 11:00;0,355091
12.12.2025 11:15;0,3628250833333333
12.12.2025 11:30;0,37055916666666666
12.12.2025 11:45;0,37829325
12.12.2025 12:00;0,38602733333333333
12.12.2025 12:15;0,369477
12.12.2025 12:30;0,35292666666666667
12.12.2025 12:45;0,33637633333333333
12.12.2025 13:00;0,319826
12.12.2025 13:15;0,2935745
12.12.2025 13:30;0,267323
12.12.2025 13:45;0,2410715
12.12.2025 14:00;0,21482
12.12.2025 14:15;0,16789125
12.12.2025 14:30;0,1209625
12.12.2025 14:45;0,07403375000000001
12.12.2025 15:00;0,027105
12.12.2025 15:15;0,02032875
12.12.2025 15:30;0,013552499999999999
12.12.2025 15:45;0,0067762499999999976
12.12.2025 16:00;0,0
12.12.2025 16:15;0,0
12.12.2025 16:30;0,0
12.12.2025 16:45;0,0
12.12.2025 17:00;0,0
12.12.2025 17:15;0,0
12.12.2025 17:30;0,0
12.12.2025 17:45;0,0
12.12.2025 18:00;0,0
12.12.2025 18:15;0,0
12.12.2025 18:30;0,0
12.12.2025 18:45;0,0
12.12.2025 19:00;0,0
12.12.2025 19:15;0,0
12.12.2025 19:30;0,0
12.12.2025 19:45;0,0
12.12.2025 20:00;0,0
12.12.2025 20:15;0,0
12.12.2025 20:30;0,0
12.12.2025 20:45;0,0
12.12.2025 21:00;0,0
12.12.2025 21:15;0,0
12.12.2025 21:30;0,0
12.12.2025 21:45;0,0
12.12.2025 22:00;0,0
12.12.2025 22:15;0,0
12.12.2025 22:30;0,0
12.12.2025 22:45;0,0
12.12.2025 23:00;0,0
12.12.2025 23:15;0,0
12.12.2025 23:30;0,0
12.12.2025 23:45;0,0
13.12.2025 00:00;0,0
13.12.2025 00:15;0,0
13.12.2025 00:30;0,0
13.12.2025 00:45;0,0
13.12.2025 01:00;0,0
13.12.2025 01:15;0,0
13.12.2025 01:30;0,0
13.12.2025 01:45;0,0
13.12.2025 02:00;0,0
13.12.2025 02:15;0,0
13.12.2025 02:30;0,0
13.12.2025 02:45;0,0
13.12.2025 03:00;0,0
13.12.2025 03:15;0,0
13.12.2025 03:30;0,0
13.12.2025 03:45;0,0
13.12.2025 04:00;0,0
13.12.2025 04:15;0,0
13.12.2025 04:30;0,0
13.12.2025 04:45;0,0
13.12.2025 05:00;0,0
13.12.2025 05:15;0,0
13.12.2025 05:30;0,0
13.12.2025 05:45;0,0
13.12.2025 06:00;0,0
13.12.2025 06:15;0,0
13.12.2025 06:30;0,0
13.12.2025 06:45;0,0
13.12.2025 07:00;0,0
13.12.2025 07:15;0,036892416666666664
13.12.2025 07:30;0,07378483333333333
13.12.2025 07:45;0,11067724999999999
13.12.2025 08:00;0,14756966666666665
13.12.2025 08:15;0,17214825
13.12.2025 08:30;0,19672683333333335
13.12.2025 08:45;0,22130541666666667
13.12.2025 09:00;0,24588400000000002
13.12.2025 09:15;0,26957225
13.12.2025 09:30;0,29326050000000004
13.12.2025 09:45;0,31694875
13.12.2025 10:00;0,340637
13.12.2025 10:15;0,34443033333333334
13.12.2025 10:30;0,3482236666666667
13.12.2025 10:45;0,352017
13.12.2025 11:00;0,35581033333333334
13.12.2025 11:15;0,3399314166666667
13.12.2025 11:30;0,3240525
13.12.2025 11:45;0,30817358333333333
13.12.2025 12:00;0,2922946666666667
13.12.2025 12:15;0,2675129166666667
13.12.2025 12:30;0,24273116666666666
13.12.2025 12:45;0,21794941666666667
13.12.2025 13:00;0,19316766666666665
13.12.2025 13:15;0,16709558333333333
13.12.2025 13:30;0,1410235
13.12.2025 13:45;0,11495141666666667
13.12.2025 14:00;0,08887933333333334
13.12.2025 14:15;0,06880616666666667
13.12.2025 14:30;0,048733
13.12.2025 14:45;0,02865983333333333
13.12.2025 15:00;0,008586666666666666
13.12.2025 15:15;0,0064399999999999995
13.12.2025 15:30;0,004293333333333333
13.12.2025 15:45;0,0021466666666666665
13.12.2025 16:00;0,0
13.12.2025 16:15;0,0
13.12.2025 16:30;0,0
13.12.2025 16:45;0,0
13.12.2025 17:00;0,0
13.12.2025 17:15;0,0
13.12.2025 17:30;0,0
13.12.2025 17:45;0,0
13.12.2025 18:00;0,0
13.12.2025 18:15;0,0
13.12.2025 18:30;0,0
13.12.2025 18:45;0,0
13.12.2025 19:00;0,0
13.12.2025 19:15;0,0
13.12.2025 19:30;0,0
13.12.2025 19:45;0,0
13.12.2025 20:00;0,0
13.12.2025 20:15;0,0
13.12.2025 20:30;0,0
13.12.2025 20:45;0,0
13.12.2025 21:00;0,0
13.12.2025 21:15;0,0
13.12.2025 21:30;0,0
13.12.2025 21:45;0,0
13.12.2025 22:00;0,0
13.12.2025 22:15;0,0
13.12.2025 22:30;0,0
13.12.2025 22:45;0,0
13.12.2025 23:00;0,0
13.12.2025 23:15;0,0
13.12.2025 23:30;0,0
13.12.2025 23:45;0,0
14.12.2025 00:00;0,0
14.12.2025 00:15;0,0
14.12.2025 00:30;0,0
14.12.2025 00:45;0,0
14.12.2025 01:00;0,0
14.12.2025 01:15;0,0
14.12.2025 01:30;0,0
14.12.2025 01:45;0,0
14.12.2025 02:00;0,0
14.12.2025 02:15;0,0
14.12.2025 02:30;0,0
14.12.2025 02:45;0,0
14.12.2025 03:00;0,0
14.12.2025 03:15;0,0
14.12.2025 03:30;0,0
14.12.2025 03:45;0,0
14.12.2025 04:00;0,0
14.12.2025 04:15;0,0
14.12.2025 04:30;0,0
14.12.2025 04:45;0,0
14.12.2025 05:00;0,0
14.12.2025 05:15;0,0
14.12.2025 05:30;0,0
14.12.2025 05:45;0,0
14.12.2025 06:00;0,0
14.12.2025 06:15;0,0
14.12.2025 06:30;0,0
14.12.2025 06:45;0,0
14.12.2025 07:00;0,0
14.12.2025 07:15;0,029276583333333335
14.12.2025 07:30;0,05855316666666667
14.12.2025 07:45;0,08782975
14.12.2025 08:00;0,11710633333333334
14.12.2025 08:15;0,1338805
14.12.2025 08:30;0,15065466666666666
14.12.2025 08:45;0,16742883333333333
14.12.2025 09:00;0,184203
14.12.2025 09:15;0,19099075000000001
14.12.2025 09:30;0,19777850000000002
14.12.2025 09:45;0,20456625
14.12.2025 10:00;0,21135400000000001
14.12.2025 10:15;0,22165683333333333
14.12.2025 10:30;0,23195966666666668
14.12.2025 10:45;0,2422625
14.12.2025 11:00;0,2525653333333333
14.12.2025 11:15;0,2668730833333333
14.12.2025 11:30;0,2811808333333333
14.12.2025 11:45;0,2954885833333333
14.12.2025 12:00;0,3097963333333333
14.12.2025 12:15;0,28747225
14.12.2025 12:30;0,26514816666666663
14.12.2025 12:45;0,24282408333333333
14.12.2025 13:00;0,2205
14.12.2025 13:15;0,19811075
14.12.2025 13:30;0,1757215
14.12.2025 13:45;0,15333225
14.12.2025 14:00;0,130943
14.12.2025 14:15;0,10046250000000001
14.12.2025 14:30;0,06998200000000002
14.12.2025 14:45;0,03950150000000001
14.12.2025 15:00;0,009021
14.12.2025 15:15;0,006765749999999999
14.12.2025 15:30;0,0045105
14.12.2025 15:45;0,0022552499999999994
14.12.2025 16:00;0,0
14.12.2025 16:15;0,0
14.12.2025 16:30;0,0
14.12.2025 16:45;0,0
14.12.2025 17:00;0,0
14.12.2025 17:15;0,0
14.12.2025 17:30;0,0
14.12.2025 17:45;0,0
14.12.2025 18:00;0,0
14.12.2025 18:15;0,0
14.12.2025 18:30;0,0
14.12.2025 18:45;0,0
14.12.2025 19:00;0,0
14.12.2025 19:15;0,0
14.12.2025 19:30;0,0
14.12.2025 19:45;0,0
14.12.2025 20:00;0,0
14.12.2025 20:15;0,0
14.12.2025 20:30;0,0
14.12.2025 20:45;0,0
14.12.2025 21:00;0,0
14.12.2025 21:15;0,0
14.12.2025 21:30;0,0
14.12.2025 21:45;0,0
14.12.2025 22:00;0,0
14.12.2025 22:15;0,0
14.12.2025 22:30;0,0
14.12.2025 22:45;0,0
14.12.2025 23:00;0,0
14.12.2025 23:15;0,0
14.12.2025 23:30;0,0
14.12.2025 23:45;0,0
15.12.2025 00:00;0,0
15.12.2025 00:15;0,0
15.12.2025 00:30;0,0
15.12.2025 00:45;0,0
15.12.2025 01:00;0,0
15.12.2025 01:15;0,0
15.12.2025 01:30;0,0
15.12.2025 01:45;0,0
15.12.2025 02:00;0,0
15.12.2025 02:15;0,0
15.12.2025 02:30;0,0
15.12.2025 02:45;0,0
15.12.2025 03:00;0,0
15.12.2025 03:15;0,0
15.12.2025 03:30;0,0
15.12.2025 03:45;0,0
15.12.2025 04:00;0,0
15.12.2025 04:15;0,0
15.12.2025 04:30;0,0
15.12.2025 04:45;0,0
15.12.2025 05:00;0,0
15.12.2025 05:15;0,0
15.12.2025 05:30;0,0
15.12.2025 05:45;0,0
15.12.2025 06:00;0,0
15.12.2025 06:15;0,0
15.12.2025 06:30;0,0
15.12.2025 06:45;0,0
15.12.2025 07:00;0,0
15.12.2025 07:15;0,032125916666666664
15.12.2025 07:30;0,06425183333333333
15.12.2025 07:45;0,09637774999999998
15.12.2025 08:00;0,12850366666666665
15.12.2025 08:15;0,13539574999999998
15.12.2025 08:30;0,14228783333333334
15.12.2025 08:45;0,14917991666666666
15.12.2025 09:00;0,156072
15.12.2025 09:15;0,16952108333333332
15.12.2025 09:30;0,18297016666666666
15.12.2025 09:45;0,19641925000000002
15.12.2025 10:00;0,20986833333333335
15.12.2025 10:15;0,21831475
15.12.2025 10:30;0,22676116666666668
15.12.2025 10:45;0,23520758333333333
15.12.2025 11:00;0,24365399999999998
15.12.2025 11:15;0,24691458333333333
15.12.2025 11:30;0,25017516666666667
15.12.2025 11:45;0,25343575
15.12.2025 12:00;0,25669633333333336
15.12.2025 12:15;0,24061308333333337
15.12.2025 12:30;0,22452983333333335
15.12.2025 12:45;0,20844658333333332
15.12.2025 13:00;0,19236333333333333
15.12.2025 13:15;0,17308825
15.12.2025 13:30;0,15381316666666667
15.12.2025 13:45;0,13453808333333334
15.12.2025 14:00;0,11526299999999999
15.12.2025 14:15;0,08912075
15.12.2025 14:30;0,06297849999999999
15.12.2025 14:45;0,03683625
15.12.2025 15:00;0,010694
15.12.2025 15:15;0,0080205
15.12.2025 15:30;0,005347
15.12.2025 15:45;0,0026735000000000005
15.12.2025 16:00;0,0
15.12.2025 16:15;0,0
15.12.2025 16:30;0,0
15.12.2025 16:45;0,0
15.12.2025 17:00;0,0
15.12.2025 17:15;0,0
15.12.2025 17:30;0,0
15.12.2025 17:45;0,0
15.12.2025 18:00;0,0
15.12.2025 18:15;0,0
15.12.2025 18:30;0,0
15.12.2025 18:45;0,0
15.12.2025 19:00;0,0
15.12.2025 19:15;0,0
15.12.2025 19:30;0,0
15.12.2025 19:45;0,0
15.12.2025 20:00;0,0
15.12.2025 20:15;0,0
15.12.2025 20:30;0,0
15.12.2025 20:45;0,0
15.12.2025 21:00;0,0
15.12.2025 21:15;0,0
15.12.2025 21:30;0,0
15.12.2025 21:45;0,0
15.12.2025 22:00;0,0
15.12.2025 22:15;0,0
15.12.2025 22:30;0,0
15.12.2025 22:45;0,0
15.12.2025 23:00;0,0
15.12.2025 23:15;0,0
15.12.2025 23:30;0,0
15.12.2025 23:45;0,0
16.12.2025 00:00;0,0
16.12.2025 00:15;0,0
16.12.2025 00:30;0,0
16.12.2025 00:45;0,0
16.12.2025 01:00;0,0
16.12.2025 01:15;0,0
16.12.2025 01:30;0,0
16.12.2025 01:45;0,0
16.12.2025 02:00;0,0
16.12.2025 02:15;0,0
16.12.2025 02:30;0,0
16.12.2025 02:45;0,0
16.12.2025 03:00;0,0
16.12.2025 03:15;0,0
16.12.2025 03:30;0,0
16.12.2025 03:45;0,0
16.12.2025 04:00;0,0
16.12.2025 04:15;0,0
16.12.2025 04:30;0,0
16.12.2025 04:45;0,0
16.12.2025 05:00;0,0
16.12.2025 05:15;0,0
16.12.2025 05:30;0,0
16.12.2025 05:45;0,0
16.12.2025 06:00;0,0
16.12.2025 06:15;0,0
16.12.2025 06:30;0,0
16.12.2025 06:45;0,0
16.12.2025 07:00;0,0
16.12.2025 07:15;0,016907833333333334
16.12.2025 07:30;0,03381566666666667
16.12.2025 07:45;0,050723500000000005
16.12.2025 08:00;0,06763133333333333
16.12.2025 08:15;0,08521191666666666
16.12.2025 08:30;0,10279250000000001
16.12.2025 08:45;0,12037308333333332
16.12.2025 09:00;0,13795366666666667
16.12.2025 09:15;0,14992483333333334
16.12.2025 09:30;0,16189599999999998
16.12.2025 09:45;0,17386716666666666
16.12.2025 10:00;0,18583833333333333
16.12.2025 10:15;0,17631333333333332
16.12.2025 10:30;0,16678833333333332
16.12.2025 10:45;0,15726333333333334
16.12.2025 11:00;0,14773833333333333
16.12.2025 11:15;0,14490799999999998
16.12.2025 11:30;0,14207766666666666
16.12.2025 11:45;0,13924733333333333
16.12.2025 12:00;0,13641699999999998
16.12.2025 12:15;0,13910091666666666
16.12.2025 12:30;0,1417848333333333
16.12.2025 12:45;0,14446874999999998
16.12.2025 13:00;0,14715266666666665
16.12.2025 13:15;0,14107016666666666
16.12.2025 13:30;0,13498766666666667
16.12.2025 13:45;0,12890516666666665
16.12.2025 14:00;0,12282266666666666
16.12.2025 14:15;0,09861816666666667
16.12.2025 14:30;0,07441366666666667
16.12.2025 14:45;0,050209166666666666
16.12.2025 15:00;0,02600466666666667
16.12.2025 15:15;0,0195035
16.12.2025 15:30;0,013002333333333334
16.12.2025 15:45;0,0065011666666666655
16.12.2025 16:00;0,0
16.12.2025 16:15;0,0
16.12.2025 16:30;0,0
16.12.2025 16:45;0,0
16.12.2025 17:00;0,0
16.12.2025 17:15;0,0
16.12.2025 17:30;0,0
16.12.2025 17:45;0,0
16.12.2025 18:00;0,0
16.12.2025 18:15;0,0
16.12.2025 18:30;0,0
16.12.2025 18:45;0,0
16.12.2025 19:00;0,0
16.12.2025 19:15;0,0
16.12.2025 19:30;0,0
16.12.2025 19:45;0,0
16.12.2025 20:00;0,0
16.12.2025 20:15;0,0
16.12.2025 20:30;0,0
16.12.2025 20:45;0,0
16.12.2025 21:00;0,0
16.12.2025 21:15;0,0
16.12.2025 21:30;0,0
16.12.2025 21:45;0,0
16.12.2025 22:00;0,0
16.12.2025 22:15;0,0
16.12.2025 22:30;0,0
16.12.2025 22:45;0,0
16.12.2025 23:00;0,0
16.12.2025 23:15;0,0
16.12.2025 23:30;0,0
16.12.2025 23:45;0,0
17.12.2025 00:00;0,0
17.12.2025 00:15;0,0
17.12.2025 00:30;0,0
17.12.2025 00:45;0,0
17.12.2025 01:00;0,0
17.12.2025 01:15;0,0
17.12.2025 01:30;0,0
17.12.2025 01:45;0,0
17.12.2025 02:00;0,0
17.12.2025 02:15;0,0
17.12.2025 02:30;0,0
17.12.2025 02:45;0,0
17.12.2025 03:00;0,0
17.12.2025 03:15;0,0
17.12.2025 03:30;0,0
17.12.2025 03:45;0,0
17.12.2025 04:00;0,0
17.12.2025 04:15;0,0
17.12.2025 04:30;0,0
17.12.2025 04:45;0,0
17.12.2025 05:00;0,0
17.12.2025 05:15;0,0
17.12.2025 05:30;0,0
17.12.2025 05:45;0,0
17.12.2025 06:00;0,0
17.12.2025 06:15;0,0
17.12.2025 06:30;0,0
17.12.2025 06:45;0,0
17.12.2025 07:00;0,0
17.12.2025 07:15;0,019946000000000002
17.12.2025 07:30;0,039892000000000004
17.12.2025 07:45;0,059838
17.12.2025 08:00;0,07978400000000001
17.12.2025 08:15;0,08945600000000001
17.12.2025 08:30;0,099128
17.12.2025 08:45;0,1088
17.12.2025 09:00;0,118472
17.12.2025 09:15;0,1313745
17.12.2025 09:30;0,144277
17.12.2025 09:45;0,15717949999999997
17.12.2025 10:00;0,17008199999999998
17.12.2025 10:15;0,16684816666666666
17.12.2025 10:30;0,16361433333333333
17.12.2025 10:45;0,1603805
17.12.2025 11:00;0,15714666666666668
17.12.2025 11:15;0,16145425000000002
17.12.2025 11:30;0,16576183333333333
17.12.2025 11:45;0,17006941666666664
17.12.2025 12:00;0,17437699999999998
17.12.2025 12:15;0,17809008333333332
17.12.2025 12:30;0,18180316666666665
17.12.2025 12:45;0,18551625
17.12.2025 13:00;0,18922933333333333
17.12.2025 13:15;0,1746845
17.12.2025 13:30;0,16013966666666668
17.12.2025 13:45;0,14559483333333334
17.12.2025 14:00;0,13105
17.12.2025 14:15;0,10391733333333333
17.12.2025 14:30;0,07678466666666667
17.12.2025 14:45;0,049652
17.12.2025 15:00;0,022519333333333332
17.12.2025 15:15;0,016889499999999998
17.12.2025 15:30;0,011259666666666666
17.12.2025 15:45;0,005629833333333334
17.12.2025 16:00;0,0
17.12.2025 16:15;0,0
17.12.2025 16:30;0,0
17.12.2025 16:45;0,0
17.12.2025 17:00;0,0
17.12.2025 17:15;0,0
17.12.2025 17:30;0,0
17.12.2025 17:45;0,0
17.12.2025 18:00;0,0
17.12.2025 18:15;0,0
17.12.2025 18:30;0,0
17.12.2025 18:45;0,0
17.12.2025 19:00;0,0
17.12.2025 19:15;0,0
17.12.2025 19:30;0,0
17.12.2025 19:45;0,0
17.12.2025 20:00;0,0
17.12.2025 20:15;0,0
17.12.2025 20:30;0,0
17.12.2025 20:45;0,0
17.12.2025 21:00;0,0
17.12.2025 21:15;0,0
17.12.2025 21:30;0,0
17.12.2025 21:45;0,0
17.12.2025 22:00;0,0
17.12.2025 22:15;0,0
17.12.2025 22:30;0,0
17.12.2025 22:45;0,0
17.12.2025 23:00;0,0
17.12.2025 23:15;0,0
17.12.2025 23:30;0,0
17.12.2025 23:45;0,0
18.12.2025 00:00;0,0
18.12.2025 00:15;0,0
18.12.2025 00:30;0,0
18.12.2025 00:45;0,0
18.12.2025 01:00;0,0
18.12.2025 01:15;0,0
18.12.2025 01:30;0,0
18.12.2025 01:45;0,0
18.12.2025 02:00;0,0
18.12.2025 02:15;0,0
18.12.2025 02:30;0,0
18.12.2025 02:45;0,0
18.12.2025 03:00;0,0
18.12.2025 03:15;0,0
18.12.2025 03:30;0,0
18.12.2025 03:45;0,0
18.12.2025 04:00;0,0
18.12.2025 04:15;0,0
18.12.2025 04:30;0,0
18.12.2025 04:45;0,0
18.12.2025 05:00;0,0
18.12.2025 05:15;0,0
18.12.2025 05:30;0,0
18.12.2025 05:45;0,0
18.12.2025 06:00;0,0
18.12.2025 06:15;0,0
18.12.2025 06:30;0,0
18.12.2025 06:45;0,0
18.12.2025 07:00;0,0
18.12.2025 07:15;0,027478666666666665
18.12.2025 07:30;0,05495733333333333
18.12.2025 07:45;0,082436
18.12.2025 08:00;0,10991466666666666
18.12.2025 08:15;0,13325808333333333
18.12.2025 08:30;0,1566015
18.12.2025 08:45;0,17994491666666668
18.12.2025 09:00;0,20328833333333335
18.12.2025 09:15;0,20940133333333333
18.12.2025 09:30;0,21551433333333334
18.12.2025 09:45;0,22162733333333334
18.12.2025 10:00;0,22774033333333332
18.12.2025 10:15;0,23315133333333332
18.12.2025 10:30;0,23856233333333332
18.12.2025 10:45;0,24397333333333335
18.12.2025 11:00;0,24938433333333335
18.12.2025 11:15;0,25606741666666666
18.12.2025 11:30;0,2627505
18.12.2025 11:45;0,26943358333333334
18.12.2025 12:00;0,2761166666666667
18.12.2025 12:15;0,280156
18.12.2025 12:30;0,28419533333333336
18.12.2025 12:45;0,28823466666666664
18.12.2025 13:00;0,292274
18.12.2025 13:15;0,26810475
18.12.2025 13:30;0,24393549999999997
18.12.2025 13:45;0,21976625
18.12.2025 14:00;0,195597
18.12.2025 14:15;0,155805
18.12.2025 14:30;0,116013
18.12.2025 14:45;0,07622100000000001
18.12.2025 15:00;0,036429
18.12.2025 15:15;0,027321750000000002
18.12.2025 15:30;0,0182145
18.12.2025 15:45;0,009107250000000004
18.12.2025 16:00;0,0
18.12.2025 16:15;0,0
18.12.2025 16:30;0,0
18.12.2025 16:45;0,0
18.12.2025 17:00;0,0
18.12.2025 17:15;0,0
18.12.2025 17:30;0,0
18.12.2025 17:45;0,0
18.12.2025 18:00;0,0
18.12.2025 18:15;0,0
18.12.2025 18:30;0,0
18.12.2025 18:45;0,0
18.12.2025 19:00;0,0
18.12.2025 19:15;0,0
18.12.2025 19:30;0,0
18.12.2025 19:45;0,0
18.12.2025 20:00;0,0
18.12.2025 20:15;0,0
18.12.2025 20:30;0,0
18.12.2025 20:45;0,0
18.12.2025 21:00;0,0
18.12.2025 21:15;0,0
18.12.2025 21:30;0,0
18.12.2025 21:45;0,0
18.12.2025 22:00;0,0
18.12.2025 22:15;0,0
18.12.2025 22:30;0,0
18.12.2025 22:45;0,0
18.12.2025 23:00;0,0
18.12.2025 23:15;0,0
18.12.2025 23:30;0,0
18.12.2025 23:45;0,0
19.12.2025 00:00;0,0
19.12.2025 00:15;0,0
19.12.2025 00:30;0,0
19.12.2025 00:45;0,0
19.12.2025 01:00;0,0
19.12.2025 01:15;0,0
19.12.2025 01:30;0,0
19.12.2025 01:45;0,0
19.12.2025 02:00;0,0
19.12.2025 02:15;0,0
19.12.2025 02:30;0,0
19.12.2025 02:45;0,0
19.12.2025 03:00;0,0
19.12.2025 03:15;0,0
19.12.2025 03:30;0,0
19.12.2025 03:45;0,0
19.12.2025 04:00;0,0
19.12.2025 04:15;0,0
19.12.2025 04:30;0,0
19.12.2025 04:45;0,0
19.12.2025 05:00;0,0
19.12.2025 05:15;0,0
19.12.2025 05:30;0,0
19.12.2025 05:45;0,0
19.12.2025 06:00;0,0
19.12.2025 06:15;0,0
19.12.2025 06:30;0,0
19.12.2025 06:45;0,0
19.12.2025 07:00;0,0
19.12.2025 07:15;0,022750333333333334
19.12.2025 07:30;0,04550066666666667
19.12.2025 07:45;0,068251
19.12.2025 08:00;0,09100133333333334
19.12.2025 08:15;0,11348075
19.12.2025 08:30;0,13596016666666666
19.12.2025 08:45;0,15843958333333333
19.12.2025 09:00;0,180919
19.12.2025 09:15;0,18295941666666665
19.12.2025 09:30;0,1849998333333333
19.12.2025 09:45;0,18704025
19.12.2025 10:00;0,18908066666666665
19.12.2025 10:15;0,19465566666666667
19.12.2025 10:30;0,20023066666666667
19.12.2025 10:45;0,20580566666666666
19.12.2025 11:00;0,2113806666666667
19.12.2025 11:15;0,21478833333333336
19.12.2025 11:30;0,218196
19.12.2025 11:45;0,22160366666666667
19.12.2025 12:00;0,22501133333333334
19.12.2025 12:15;0,2169761666666667
19.12.2025 12:30;0,20894100000000002
19.12.2025 12:45;0,20090583333333337
19.12.2025 13:00;0,1928706666666667
19.12.2025 13:15;0,17729925000000002
19.12.2025 13:30;0,16172783333333335
19.12.2025 13:45;0,14615641666666668
19.12.2025 14:00;0,130585
19.12.2025 14:15;0,10301825
19.12.2025 14:30;0,0754515
19.12.2025 14:45;0,047884750000000004
19.12.2025 15:00;0,020318
19.12.2025 15:15;0,015238499999999999
19.12.2025 15:30;0,010159
19.12.2025 15:45;0,005079500000000001
19.12.2025 16:00;0,0
19.12.2025 16:15;0,0
19.12.2025 16:30;0,0
19.12.2025 16:45;0,0
19.12.2025 17:00;0,0
19.12.2025 17:15;0,0
19.12.2025 17:30;0,0
19.12.2025 17:45;0,0
19.12.2025 18:00;0,0
19.12.2025 18:15;0,0
19.12.2025 18:30;0,0
19.12.2025 18:45;0,0
19.12.2025 19:00;0,0
19.12.2025 19:15;0,0
19.12.2025 19:30;0,0
19.12.2025 19:45;0,0
19.12.2025 20:00;0,0
19.12.2025 20:15;0,0
19.12.2025 20:30;0,0
19.12.2025 20:45;0,0
19.12.2025 21:00;0,0
19.12.2025 21:15;0,0
19.12.2025 21:30;0,0
19.12.2025 21:45;0,0
19.12.2025 22:00;0,0
19.12.2025 22:15;0,0
19.12.2025 22:30;0,0
19.12.2025 22:45;0,0
19.12.2025 23:00;0,0
19.12.2025 23:15;0,0
19.12.2025 23:30;0,0
19.12.2025 23:45;0,0
20.12.2025 00:00;0,0
20.12.2025 00:15;0,0
20.12.2025 00:30;0,0
20.12.2025 00:45;0,0
20.12.2025 01:00;0,0
20.12.2025 01:15;0,0
20.12.2025 01:30;0,0
20.12.2025 01:45;0,0
20.12.2025 02:00;0,0
20.12.2025 02:15;0,0
20.12.2025 02:30;0,0
20.12.2025 02:45;0,0
20.12.2025 03:00;0,0
20.12.2025 03:15;0,0
20.12.2025 03:30;0,0
20.12.2025 03:45;0,0
20.12.2025 04:00;0,0
20.12.2025 04:15;0,0
20.12.2025 04:30;0,0
20.12.2025 04:45;0,0
20.12.2025 05:00;0,0
20.12.2025 05:15;0,0
20.12.2025 05:30;0,0
20.12.2025 05:45;0,0
20.12.2025 06:00;0,0
20.12.2025 06:15;0,0
20.12.2025 06:30;0,0
20.12.2025 06:45;0,0
20.12.2025 07:00;0,0
20.12.2025 07:15;0,020836833333333336
20.12.2025 07:30;0,04167366666666667
20.12.2025 07:45;0,06251050000000001
20.12.2025 08:00;0,08334733333333334
20.12.2025 08:15;0,09815291666666667
20.12.2025 08:30;0,11295850000000002
20.12.2025 08:45;0,12776408333333333
20.12.2025 09:00;0,14256966666666668
20.12.2025 09:15;0,14932425000000002
20.12.2025 09:30;0,15607883333333333
20.12.2025 09:45;0,16283341666666667
20.12.2025 10:00;0,16958800000000002
20.12.2025 10:15;0,17255583333333335
20.12.2025 10:30;0,1755236666666667
20.12.2025 10:45;0,1784915
20.12.2025 11:00;0,18145933333333333
20.12.2025 11:15;0,19396283333333333
20.12.2025 11:30;0,20646633333333334
20.12.2025 11:45;0,21896983333333334
20.12.2025 12:00;0,23147333333333334
20.12.2025 12:15;0,21972841666666668
20.12.2025 12:30;0,2079835
20.12.2025 12:45;0,19623858333333333
20.12.2025 13:00;0,18449366666666667
20.12.2025 13:15;0,16531875000000001
20.12.2025 13:30;0,14614383333333333
20.12.2025 13:45;0,12696891666666665
20.12.2025 14:00;0,107794
20.12.2025 14:15;0,08464483333333334
20.12.2025 14:30;0,06149566666666667
20.12.2025 14:45;0,038346500000000006
20.12.2025 15:00;0,015197333333333334
20.12.2025 15:15;0,011398
20.12.2025 15:30;0,007598666666666666
20.12.2025 15:45;0,0037993333333333316
20.12.2025 16:00;0,0
20.12.2025 16:15;0,0
20.12.2025 16:30;0,0
20.12.2025 16:45;0,0
20.12.2025 17:00;0,0
20.12.2025 17:15;0,0
20.12.2025 17:30;0,0
20.12.2025 17:45;0,0
20.12.2025 18:00;0,0
20.12.2025 18:15;0,0
20.12.2025 18:30;0,0
20.12.2025 18:45;0,0
20.12.2025 19:00;0,0
20.12.2025 19:15;0,0
20.12.2025 19:30;0,0
20.12.2025 19:45;0,0
20.12.2025 20:00;0,0
20.12.2025 20:15;0,0
20.12.2025 20:30;0,0
20.12.2025 20:45;0,0
20.12.2025 21:00;0,0
20.12.2025 21:15;0,0
20.12.2025 21:30;0,0
20.12.2025 21:45;0,0
20.12.2025 22:00;0,0
20.12.2025 22:15;0,0
20.12.2025 22:30;0,0
20.12.2025 22:45;0,0
20.12.2025 23:00;0,0
20.12.2025 23:15;0,0
20.12.2025 23:30;0,0
20.12.2025 23:45;0,0
21.12.2025 00:00;0,0
21.12.2025 00:15;0,0
21.12.2025 00:30;0,0
21.12.2025 00:45;0,0
21.12.2025 01:00;0,0
21.12.2025 01:15;0,0
21.12.2025 01:30;0,0
21.12.2025 01:45;0,0
21.12.2025 02:00;0,0
21.12.2025 02:15;0,0
21.12.2025 02:30;0,0
21.12.2025 02:45;0,0
21.12.2025 03:00;0,0
21.12.2025 03:15;0,0
21.12.2025 03:30;0,0
21.12.2025 03:45;0,0
21.12.2025 04:00;0,0
21.12.2025 04:15;0,0
21.12.2025 04:30;0,0
21.12.2025 04:45;0,0
21.12.2025 05:00;0,0
21.12.2025 05:15;0,0
21.12.2025 05:30;0,0
21.12.2025 05:45;0,0
21.12.2025 06:00;0,0
21.12.2025 06:15;0,0
21.12.2025 06:30;0,0
21.12.2025 06:45;0,0
21.12.2025 07:00;0,0
21.12.2025 07:15;0,01451425
21.12.2025 07:30;0,0290285
21.12.2025 07:45;0,04354275
21.12.2025 08:00;0,058057
21.12.2025 08:15;0,07007516666666666
21.12.2025 08:30;0,08209333333333332
21.12.2025 08:45;0,0941115
21.12.2025 09:00;0,10612966666666666
21.12.2025 09:15;0,119631
21.12.2025 09:30;0,13313233333333332
21.12.2025 09:45;0,14663366666666666
21.12.2025 10:00;0,160135
21.12.2025 10:15;0,17062
21.12.2025 10:30;0,181105
21.12.2025 10:45;0,19158999999999998
21.12.2025 11:00;0,20207499999999998
21.12.2025 11:15;0,19918783333333331
21.12.2025 11:30;0,19630066666666665
21.12.2025 11:45;0,1934135
21.12.2025 12:00;0,19052633333333333
21.12.2025 12:15;0,18434999999999999
21.12.2025 12:30;0,17817366666666665
21.12.2025 12:45;0,1719973333333333
21.12.2025 13:00;0,16582099999999997
21.12.2025 13:15;0,14991524999999997
21.12.2025 13:30;0,13400949999999998
21.12.2025 13:45;0,11810374999999998
21.12.2025 14:00;0,102198
21.12.2025 14:15;0,08389241666666666
21.12.2025 14:30;0,06558683333333333
21.12.2025 14:45;0,04728125
21.12.2025 15:00;0,028975666666666667
21.12.2025 15:15;0,02173175
21.12.2025 15:30;0,014487833333333333
21.12.2025 15:45;0,007243916666666666
21.12.2025 16:00;0,0
21.12.2025 16:15;0,0
21.12.2025 16:30;0,0
21.12.2025 16:45;0,0
21.12.2025 17:00;0,0
21.12.2025 17:15;0,0
21.12.2025 17:30;0,0
21.12.2025 17:45;0,0
21.12.2025 18:00;0,0
21.12.2025 18:15;0,0
21.12.2025 18:30;0,0
21.12.2025 18:45;0,0
21.12.2025 19:00;0,0
21.12.2025 19:15;0,0
21.12.2025 19:30;0,0
21.12.2025 19:45;0,0
21.12.2025 20:00;0,0
21.12.2025 20:15;0,0
21.12.2025 20:30;0,0
21.12.2025 20:45;0,0
21.12.2025 21:00;0,0
21.12.2025 21:15;0,0
21.12.2025 21:30;0,0
21.12.2025 21:45;0,0
21.12.2025 22:00;0,0
21.12.2025 22:15;0,0
21.12.2025 22:30;0,0
21.12.2025 22:45;0,0
21.12.2025 23:00;0,0
21.12.2025 23:15;0,0
21.12.2025 23:30;0,0
21.12.2025 23:45;0,0
22.12.2025 00:00;0,0
22.12.2025 00:15;0,0
22.12.2025 00:30;0,0
22.12.2025 00:45;0,0
22.12.2025 01:00;0,0
22.12.2025 01:15;0,0
22.12.2025 01:30;0,0
22.12.2025 01:45;0,0
22.12.2025 02:00;0,0
22.12.2025 02:15;0,0
22.12.2025 02:30;0,0
22.12.2025 02:45;0,0
22.12.2025 03:00;0,0
22.12.2025 03:15;0,0
22.12.2025 03:30;0,0
22.12.2025 03:45;0,0
22.12.2025 04:00;0,0
22.12.2025 04:15;0,0
22.12.2025 04:30;0,0
22.12.2025 04:45;0,0
22.12.2025 05:00;0,0
22.12.2025 05:15;0,0
22.12.2025 05:30;0,0
22.12.2025 05:45;0,0
22.12.2025 06:00;0,0
22.12.2025 06:15;0,0
22.12.2025 06:30;0,0
22.12.2025 06:45;0,0
22.12.2025 07:00;0,0
22.12.2025 07:15;0,01549516666666667
22.12.2025 07:30;0,03099033333333334
22.12.2025 07:45;0,046485500000000006
22.12.2025 08:00;0,06198066666666667
22.12.2025 08:15;0,07438991666666667
22.12.2025 08:30;0,08679916666666668
22.12.2025 08:45;0,09920841666666666
22.12.2025 09:00;0,11161766666666667
22.12.2025 09:15;0,11448808333333334
22.12.2025 09:30;0,1173585
22.12.2025 09:45;0,12022891666666666
22.12.2025 10:00;0,12309933333333332
22.12.2025 10:15;0,12904166666666667
22.12.2025 10:30;0,134984
22.12.2025 10:45;0,14092633333333335
22.12.2025 11:00;0,14686866666666668
22.12.2025 11:15;0,14254850000000002
22.12.2025 11:30;0,13822833333333334
22.12.2025 11:45;0,1339081666666667
22.12.2025 12:00;0,129588
22.12.2025 12:15;0,12969891666666666
22.12.2025 12:30;0,12980983333333335
22.12.2025 12:45;0,12992075
22.12.2025 13:00;0,13003166666666666
22.12.2025 13:15;0,1167925
22.12.2025 13:30;0,10355333333333333
22.12.2025 13:45;0,09031416666666667
22.12.2025 14:00;0,077075
22.12.2025 14:15;0,0637105
22.12.2025 14:30;0,050346
22.12.2025 14:45;0,0369815
22.12.2025 15:00;0,023617
22.12.2025 15:15;0,01771275
22.12.2025 15:30;0,0118085
22.12.2025 15:45;0,00590425
22.12.2025 16:00;0,0
22.12.2025 16:15;0,0
22.12.2025 16:30;0,0
22.12.2025 16:45;0,0
22.12.2025 17:00;0,0
22.12.2025 17:15;0,0
22.12.2025 17:30;0,0
22.12.2025 17:45;0,0
22.12.2025 18:00;0,0
22.12.2025 18:15;0,0
22.12.2025 18:30;0,0
22.12.2025 18:45;0,0
22.12.2025 19:00;0,0
22.12.2025 19:15;0,0
22.12.2025 19:30;0,0
22.12.2025 19:45;0,0
22.12.2025 20:00;0,0
22.12.2025 20:15;0,0
22.12.2025 20:30;0,0
22.12.2025 20:45;0,0
22.12.2025 21:00;0,0
22.12.2025 21:15;0,0
22.12.2025 21:30;0,0
22.12.2025 21:45;0,0
22.12.2025 22:00;0,0
22.12.2025 22:15;0,0
22.12.2025 22:30;0,0
22.12.2025 22:45;0,0
22.12.2025 23:00;0,0
22.12.2025 23:15;0,0
22.12.2025 23:30;0,0
22.12.2025 23:45;0,0
23.12.2025 00:00;0,0
23.12.2025 00:15;0,0
23.12.2025 00:30;0,0
23.12.2025 00:45;0,0
23.12.2025 01:00;0,0
23.12.2025 01:15;0,0
23.12.2025 01:30;0,0
23.12.2025 01:45;0,0
23.12.2025 02:00;0,0
23.12.2025 02:15;0,0
23.12.2025 02:30;0,0
23.12.2025 02:45;0,0
23.12.2025 03:00;0,0
23.12.2025 03:15;0,0
23.12.2025 03:30;0,0
23.12.2025 03:45;0,0
23.12.2025 04:00;0,0
23.12.2025 04:15;0,0
23.12.2025 04:30;0,0
23.12.2025 04:45;0,0
23.12.2025 05:00;0,0
23.12.2025 05:15;0,0
23.12.2025 05:30;0,0
23.12.2025 05:45;0,0
23.12.2025 06:00;0,0
23.12.2025 06:15;0,0
23.12.2025 06:30;0,0
23.12.2025 06:45;0,0
23.12.2025 07:00;0,0
23.12.2025 07:15;0,019844166666666666
23.12.2025 07:30;0,03968833333333333
23.12.2025 07:45;0,0595325
23.12.2025 08:00;0,07937666666666666
23.12.2025 08:15;0,09186533333333333
23.12.2025 08:30;0,104354
23.12.2025 08:45;0,11684266666666666
23.12.2025 09:00;0,12933133333333333
23.12.2025 09:15;0,13351283333333333
23.12.2025 09:30;0,1376943333333333
23.12.2025 09:45;0,1418758333333333
23.12.2025 10:00;0,14605733333333332
23.12.2025 10:15;0,14199758333333332
23.12.2025 10:30;0,13793783333333332
23.12.2025 10:45;0,13387808333333331
23.12.2025 11:00;0,1298183333333333
23.12.2025 11:15;0,13212458333333332
23.12.2025 11:30;0,13443083333333333
23.12.2025 11:45;0,13673708333333334
23.12.2025 12:00;0,13904333333333335
23.12.2025 12:15;0,13022883333333335
23.12.2025 12:30;0,12141433333333335
23.12.2025 12:45;0,11259983333333334
23.12.2025 13:00;0,10378533333333334
23.12.2025 13:15;0,096516
23.12.2025 13:30;0,08924666666666667
23.12.2025 13:45;0,08197733333333333
23.12.2025 14:00;0,074708
23.12.2025 14:15;0,059616666666666665
23.12.2025 14:30;0,04452533333333333
23.12.2025 14:45;0,029434000000000002
23.12.2025 15:00;0,014342666666666667
23.12.2025 15:15;0,010757000000000001
23.12.2025 15:30;0,007171333333333334
23.12.2025 15:45;0,0035856666666666676
23.12.2025 16:00;0,0
23.12.2025 16:15;0,0
23.12.2025 16:30;0,0
23.12.2025 16:45;0,0
23.12.2025 17:00;0,0
23.12.2025 17:15;0,0
23.12.2025 17:30;0,0
23.12.2025 17:45;0,0
23.12.2025 18:00;0,0
23.12.2025 18:15;0,0
23.12.2025 18:30;0,0
23.12.2025 18:45;0,0
23.12.2025 19:00;0,0
23.12.2025 19:15;0,0
23.12.2025 19:30;0,0
23.12.2025 19:45;0,0
23.12.2025 20:00;0,0
23.12.2025 20:15;0,0
23.12.2025 20:30;0,0
23.12.2025 20:45;0,0
23.12.2025 21:00;0,0
23.12.2025 21:15;0,0
23.12.2025 21:30;0,0
23.12.2025 21:45;0,0
23.12.2025 22:00;0,0
23.12.2025 22:15;0,0
23.12.2025 22:30;0,0
23.12.2025 22:45;0,0
23.12.2025 23:00;0,0
23.12.2025 23:15;0,0
23.12.2025 23:30;0,0
23.12.2025 23:45;0,0
24.12.2025 00:00;0,0
24.12.2025 00:15;0,0
24.12.2025 00:30;0,0
24.12.2025 00:45;0,0
24.12.2025 01:00;0,0
24.12.2025 01:15;0,0
24.12.2025 01:30;0,0
24.12.2025 01:45;0,0
24.12.2025 02:00;0,0
24.12.2025 02:15;0,0
24.12.2025 02:30;0,0
24.12.2025 02:45;0,0
24.12.2025 03:00;0,0
24.12.2025 03:15;0,0
24.12.2025 03:30;0,0
24.12.2025 03:45;0,0
24.12.2025 04:00;0,0
24.12.2025 04:15;0,0
24.12.2025 04:30;0,0
24.12.2025 04:45;0,0
24.12.2025 05:00;0,0
24.12.2025 05:15;0,0
24.12.2025 05:30;0,0
24.12.2025 05:45;0,0
24.12.2025 06:00;0,0
24.12.2025 06:15;0,0
24.12.2025 06:30;0,0
24.12.2025 06:45;0,0
24.12.2025 07:00;0,0
24.12.2025 07:15;0,019574083333333332
24.12.2025 07:30;0,039148166666666664
24.12.2025 07:45;0,05872225
24.12.2025 08:00;0,07829633333333333
24.12.2025 08:15;0,09841924999999999
24.12.2025 08:30;0,11854216666666666
24.12.2025 08:45;0,13866508333333333
24.12.2025 09:00;0,15878799999999998
24.12.2025 09:15;0,15704558333333332
24.12.2025 09:30;0,15530316666666666
24.12.2025 09:45;0,15356075
24.12.2025 10:00;0,15181833333333333
24.12.2025 10:15;0,15390508333333333
24.12.2025 10:30;0,15599183333333333
24.12.2025 10:45;0,15807858333333333
24.12.2025 11:00;0,16016533333333333
24.12.2025 11:15;0,15470224999999999
24.12.2025 11:30;0,14923916666666667
24.12.2025 11:45;0,14377608333333336
24.12.2025 12:00;0,13831300000000002
24.12.2025 12:15;0,13292316666666668
24.12.2025 12:30;0,12753333333333333
24.12.2025 12:45;0,1221435
24.12.2025 13:00;0,11675366666666666
24.12.2025 13:15;0,11042391666666666
24.12.2025 13:30;0,10409416666666667
24.12.2025 13:45;0,09776441666666667
24.12.2025 14:00;0,09143466666666668
24.12.2025 14:15;0,07569341666666668
24.12.2025 14:30;0,059952166666666674
24.12.2025 14:45;0,04421091666666667
24.12.2025 15:00;0,028469666666666667
24.12.2025 15:15;0,02135225
24.12.2025 15:30;0,014234833333333334
24.12.2025 15:45;0,007117416666666668
24.12.2025 16:00;0,0
24.12.2025 16:15;0,0
24.12.2025 16:30;0,0
24.12.2025 16:45;0,0
24.12.2025 17:00;0,0
24.12.2025 17:15;0,0
24.12.2025 17:30;0,0
24.12.2025 17:45;0,0
24.12.2025 18:00;0,0
24.12.2025 18:15;0,0
24.12.2025 18:30;0,0
24.12.2025 18:45;0,0
24.12.2025 19:00;0,0
24.12.2025 19:15;0,0
24.12.2025 19:30;0,0
24.12.2025 19:45;0,0
24.12.2025 20:00;0,0
24.12.2025 20:15;0,0
24.12.2025 20:30;0,0
24.12.2025 20:45;0,0
24.12.2025 21:00;0,0
24.12.2025 21:15;0,0
24.12.2025 21:30;0,0
24.12.2025 21:45;0,0
24.12.2025 22:00;0,0
24.12.2025 22:15;0,0
24.12.2025 22:30;0,0
24.12.2025 22:45;0,0
24.12.2025 23:00;0,0
24.12.2025 23:15;0,0
24.12.2025 23:30;0,0
24.12.2025 23:45;0,0
25.12.2025 00:00;0,0
25.12.2025 00:15;0,0
25.12.2025 00:30;0,0
25.12.2025 00:45;0,0
25.12.2025 01:00;0,0
25.12.2025 01:15;0,0
25.12.2025 01:30;0,0
25.12.2025 01:45;0,0
25.12.2025 02:00;0,0
25.12.2025 02:15;0,0
25.12.2025 02:30;0,0
25.12.2025 02:45;0,0
25.12.2025 03:00;0,0
25.12.2025 03:15;0,0
25.12.2025 03:30;0,0
25.12.2025 03:45;0,0
25.12.2025 04:00;0,0
25.12.2025 04:15;0,0
25.12.2025 04:30;0,0
25.12.2025 04:45;0,0
25.12.2025 05:00;0,0
25.12.2025 05:15;0,0
25.12.2025 05:30;0,0
25.12.2025 05:45;0,0
25.12.2025 06:00;0,0
25.12.2025 06:15;0,0
25.12.2025 06:30;0,0
25.12.2025 06:45;0,0
25.12.2025 07:00;0,0
25.12.2025 07:15;0,026280416666666664
25.12.2025 07:30;0,05256083333333333
25.12.2025 07:45;0,07884124999999999
25.12.2025 08:00;0,10512166666666665
25.12.2025 08:15;0,12319524999999999
25.12.2025 08:30;0,14126883333333332
25.12.2025 08:45;0,15934241666666665
25.12.2025 09:00;0,177416
25.12.2025 09:15;0,17608158333333332
25.12.2025 09:30;0,17474716666666668
25.12.2025 09:45;0,17341275
25.12.2025 10:00;0,17207833333333333
25.12.2025 10:15;0,18856825
25.12.2025 10:30;0,20505816666666665
25.12.2025 10:45;0,22154808333333334
25.12.2025 11:00;0,238038
25.12.2025 11:15;0,23606091666666668
25.12.2025 11:30;0,23408383333333332
25.12.2025 11:45;0,23210674999999997
25.12.2025 12:00;0,23012966666666665
25.12.2025 12:15;0,22004091666666664
25.12.2025 12:30;0,20995216666666666
25.12.2025 12:45;0,19986341666666665
25.12.2025 13:00;0,18977466666666667
25.12.2025 13:15;0,17387675
25.12.2025 13:30;0,15797883333333335
25.12.2025 13:45;0,14208091666666667
25.12.2025 14:00;0,126183
25.12.2025 14:15;0,09978983333333333
25.12.2025 14:30;0,07339666666666667
25.12.2025 14:45;0,047003500000000004
25.12.2025 15:00;0,02061033333333333
25.12.2025 15:15;0,01545775
25.12.2025 15:30;0,010305166666666666
25.12.2025 15:45;0,005152583333333332
25.12.2025 16:00;0,0
25.12.2025 16:15;0,0
25.12.2025 16:30;0,0
25.12.2025 16:45;0,0
25.12.2025 17:00;0,0
25.12.2025 17:15;0,0
25.12.2025 17:30;0,0
25.12.2025 17:45;0,0
25.12.2025 18:00;0,0
25.12.2025 18:15;0,0
25.12.2025 18:30;0,0
25.12.2025 18:45;0,0
25.12.2025 19:00;0,0
25.12.2025 19:15;0,0
25.12.2025 19:30;0,0
25.12.2025 19:45;0,0
25.12.2025 20:00;0,0
25.12.2025 20:15;0,0
25.12.2025 20:30;0,0
25.12.2025 20:45;0,0
25.12.2025 21:00;0,0
25.12.2025 21:15;0,0
25.12.2025 21:30;0,0
25.12.2025 21:45;0,0
25.12.2025 22:00;0,0
25.12.2025 22:15;0,0
25.12.2025 22:30;0,0
25.12.2025 22:45;0,0
25.12.2025 23:00;0,0
25.12.2025 23:15;0,0
25.12.2025 23:30;0,0
25.12.2025 23:45;0,0
26.12.2025 00:00;0,0
26.12.2025 00:15;0,0
26.12.2025 00:30;0,0
26.12.2025 00:45;0,0
26.12.2025 01:00;0,0
26.12.2025 01:15;0,0
26.12.2025 01:30;0,0
26.12.2025 01:45;0,0
26.12.2025 02:00;0,0
26.12.2025 02:15;0,0
26.12.2025 02:30;0,0
26.12.2025 02:45;0,0
26.12.2025 03:00;0,0
26.12.2025 03:15;0,0
26.12.2025 03:30;0,0
26.12.2025 03:45;0,0
26.12.2025 04:00;0,0
26.12.2025 04:15;0,0
26.12.2025 04:30;0,0
26.12.2025 04:45;0,0
26.12.2025 05:00;0,0
26.12.2025 05:15;0,0
26.12.2025 05:30;0,0
26.12.2025 05:45;0,0
26.12.2025 06:00;0,0
26.12.2025 06:15;0,0
26.12.2025 06:30;0,0
26.12.2025 06:45;0,0
26.12.2025 07:00;0,0
26.12.2025 07:15;0,03236816666666667
26.12.2025 07:30;0,06473633333333334
26.12.2025 07:45;0,0971045
26.12.2025 08:00;0,12947266666666668
26.12.2025 08:15;0,15129616666666668
26.12.2025 08:30;0,17311966666666667
26.12.2025 08:45;0,19494316666666667
26.12.2025 09:00;0,21676666666666666
26.12.2025 09:15;0,2320333333333333
26.12.2025 09:30;0,2473
26.12.2025 09:45;0,26256666666666667
26.12.2025 10:00;0,2778333333333333
26.12.2025 10:15;0,29097941666666666
26.12.2025 10:30;0,3041255
26.12.2025 10:45;0,31727158333333333
26.12.2025 11:00;0,33041766666666667
26.12.2025 11:15;0,331421
26.12.2025 11:30;0,3324243333333333
26.12.2025 11:45;0,3334276666666667
26.12.2025 12:00;0,33443100000000003
26.12.2025 12:15;0,32112150000000006
26.12.2025 12:30;0,30781200000000003
26.12.2025 12:45;0,2945025
26.12.2025 13:00;0,281193
26.12.2025 13:15;0,25721325
26.12.2025 13:30;0,23323350000000004
26.12.2025 13:45;0,20925375000000002
26.12.2025 14:00;0,18527400000000002
26.12.2025 14:15;0,14862783333333335
26.12.2025 14:30;0,11198166666666667
26.12.2025 14:45;0,0753355
26.12.2025 15:00;0,03868933333333333
26.12.2025 15:15;0,029017
26.12.2025 15:30;0,019344666666666666
26.12.2025 15:45;0,009672333333333335
26.12.2025 16:00;0,0
26.12.2025 16:15;0,0
26.12.2025 16:30;0,0
26.12.2025 16:45;0,0
26.12.2025 17:00;0,0
26.12.2025 17:15;0,0
26.12.2025 17:30;0,0
26.12.2025 17:45;0,0
26.12.2025 18:00;0,0
26.12.2025 18:15;0,0
26.12.2025 18:30;0,0
26.12.2025 18:45;0,0
26.12.2025 19:00;0,0
26.12.2025 19:15;0,0
26.12.2025 19:30;0,0
26.12.2025 19:45;0,0
26.12.2025 20:00;0,0
26.12.2025 20:15;0,0
26.12.2025 20:30;0,0
26.12.2025 20:45;0,0
26.12.2025 21:00;0,0
26.12.2025 21:15;0,0
26.12.2025 21:30;0,0
26.12.2025 21:45;0,0
26.12.2025 22:00;0,0
26.12.2025 22:15;0,0
26.12.2025 22:30;0,0
26.12.2025 22:45;0,0
26.12.2025 23:00;0,0
26.12.2025 23:15;0,0
26.12.2025 23:30;0,0
26.12.2025 23:45;0,0
27.12.2025 00:00;0,0
27.12.2025 00:15;0,0
27.12.2025 00:30;0,0
27.12.2025 00:45;0,0
27.12.2025 01:00;0,0
27.12.2025 01:15;0,0
27.12.2025 01:30;0,0
27.12.2025 01:45;0,0
27.12.2025 02:00;0,0
27.12.2025 02:15;0,0
27.12.2025 02:30;0,0
27.12.2025 02:45;0,0
27.12.2025 03:00;0,0
27.12.2025 03:15;0,0
27.12.2025 03:30;0,0
27.12.2025 03:45;0,0
27.12.2025 04:00;0,0
27.12.2025 04:15;0,0
27.12.2025 04:30;0,0
27.12.2025 04:45;0,0
27.12.2025 05:00;0,0
27.12.2025 05:15;0,0
27.12.2025 05:30;0,0
27.12.2025 05:45;0,0
27.12.2025 06:00;0,0
27.12.2025 06:15;0,0
27.12.2025 06:30;0,0
27.12.2025 06:45;0,0
27.12.2025 07:00;0,0
27.12.2025 07:15;0,023965083333333335
27.12.2025 07:30;0,04793016666666667
27.12.2025 07:45;0,07189525000000001
27.12.2025 08:00;0,09586033333333334
27.12.2025 08:15;0,10883083333333333
27.12.2025 08:30;0,12180133333333334
27.12.2025 08:45;0,13477183333333334
27.12.2025 09:00;0,14774233333333334
27.12.2025 09:15;0,15624675
27.12.2025 09:30;0,16475116666666667
27.12.2025 09:45;0,17325558333333332
27.12.2025 10:00;0,18176
27.12.2025 10:15;0,18927941666666667
27.12.2025 10:30;0,19679883333333334
27.12.2025 10:45;0,20431825
27.12.2025 11:00;0,21183766666666667
27.12.2025 11:15;0,21911158333333333
27.12.2025 11:30;0,2263855
27.12.2025 11:45;0,23365941666666667
27.12.2025 12:00;0,24093333333333333
27.12.2025 12:15;0,23256616666666666
27.12.2025 12:30;0,22419899999999998
27.12.2025 12:45;0,21583183333333333
27.12.2025 13:00;0,20746466666666666
27.12.2025 13:15;0,1936655833333333
27.12.2025 13:30;0,17986649999999998
27.12.2025 13:45;0,16606741666666663
27.12.2025 14:00;0,1522683333333333
27.12.2025 14:15;0,12219974999999998
27.12.2025 14:30;0,09213116666666665
27.12.2025 14:45;0,062062583333333324
27.12.2025 15:00;0,031994
27.12.2025 15:15;0,023995500000000003
27.12.2025 15:30;0,015997
27.12.2025 15:45;0,007998500000000002
27.12.2025 16:00;0,0
27.12.2025 16:15;0,0
27.12.2025 16:30;0,0
27.12.2025 16:45;0,0
27.12.2025 17:00;0,0
27.12.2025 17:15;0,0
27.12.2025 17:30;0,0
27.12.2025 17:45;0,0
27.12.2025 18:00;0,0
27.12.2025 18:15;0,0
27.12.2025 18:30;0,0
27.12.2025 18:45;0,0
27.12.2025 19:00;0,0
27.12.2025 19:15;0,0
27.12.2025 19:30;0,0
27.12.2025 19:45;0,0
27.12.2025 20:00;0,0
27.12.2025 20:15;0,0
27.12.2025 20:30;0,0
27.12.2025 20:45;0,0
27.12.2025 21:00;0,0
27.12.2025 21:15;0,0
27.12.2025 21:30;0,0
27.12.2025 21:45;0,0
27.12.2025 22:00;0,0
27.12.2025 22:15;0,0
27.12.2025 22:30;0,0
27.12.2025 22:45;0,0
27.12.2025 23:00;0,0
27.12.2025 23:15;0,0
27.12.2025 23:30;0,0
27.12.2025 23:45;0,0
28.12.2025 00:00;0,0
28.12.2025 00:15;0,0
28.12.2025 00:30;0,0
28.12.2025 00:45;0,0
28.12.2025 01:00;0,0
28.12.2025 01:15;0,0
28.12.2025 01:30;0,0
28.12.2025 01:45;0,0
28.12.2025 02:00;0,0
28.12.2025 02:15;0,0
28.12.2025 02:30;0,0
28.12.2025 02:45;0,0
28.12.2025 03:00;0,0
28.12.2025 03:15;0,0
28.12.2025 03:30;0,0
28.12.2025 03:45;0,0
28.12.2025 04:00;0,0
28.12.2025 04:15;0,0
28.12.2025 04:30;0,0
28.12.2025 04:45;0,0
28.12.2025 05:00;0,0
28.12.2025 05:15;0,0
28.12.2025 05:30;0,0
28.12.2025 05:45;0,0
28.12.2025 06:00;0,0
28.12.2025 06:15;0,0
28.12.2025 06:30;0,0
28.12.2025 06:45;0,0
28.12.2025 07:00;0,0
28.12.2025 07:15;0,025768083333333334
28.12.2025 07:30;0,05153616666666667
28.12.2025 07:45;0,07730425
28.12.2025 08:00;0,10307233333333334
28.12.2025 08:15;0,12802033333333335
28.12.2025 08:30;0,15296833333333335
28.12.2025 08:45;0,17791633333333334
28.12.2025 09:00;0,20286433333333334
28.12.2025 09:15;0,21517858333333334
28.12.2025 09:30;0,22749283333333337
28.12.2025 09:45;0,23980708333333337
28.12.2025 10:00;0,25212133333333336
28.12.2025 10:15;0,26009425
28.12.2025 10:30;0,2680671666666667
28.12.2025 10:45;0,27604008333333335
28.12.2025 11:00;0,284013
28.12.2025 11:15;0,27494325000000003
28.12.2025 11:30;0,2658735
28.12.2025 11:45;0,25680375
28.12.2025 12:00;0,24773399999999998
28.12.2025 12:15;0,24127549999999998
28.12.2025 12:30;0,234817
28.12.2025 12:45;0,22835850000000002
28.12.2025 13:00;0,22190000000000001
28.12.2025 13:15;0,20709058333333336
28.12.2025 13:30;0,19228116666666667
28.12.2025 13:45;0,17747175
28.12.2025 14:00;0,16266233333333335
28.12.2025 14:15;0,13273900000000002
28.12.2025 14:30;0,10281566666666668
28.12.2025 14:45;0,07289233333333335
28.12.2025 15:00;0,042969
28.12.2025 15:15;0,03222675
28.12.2025 15:30;0,0214845
28.12.2025 15:45;0,010742250000000002
28.12.2025 16:00;0,0
28.12.2025 16:15;0,0
28.12.2025 16:30;0,0
28.12.2025 16:45;0,0
28.12.2025 17:00;0,0
28.12.2025 17:15;0,0
28.12.2025 17:30;0,0
28.12.2025 17:45;0,0
28.12.2025 18:00;0,0
28.12.2025 18:15;0,0
28.12.2025 18:30;0,0
28.12.2025 18:45;0,0
28.12.2025 19:00;0,0
28.12.2025 19:15;0,0
28.12.2025 19:30;0,0
28.12.2025 19:45;0,0
28.12.2025 20:00;0,0
28.12.2025 20:15;0,0
28.12.2025 20:30;0,0
28.12.2025 20:45;0,0
28.12.2025 21:00;0,0
28.12.2025 21:15;0,0
28.12.2025 21:30;0,0
28.12.2025 21:45;0,0
28.12.2025 22:00;0,0
28.12.2025 22:15;0,0
28.12.2025 22:30;0,0
28.12.2025 22:45;0,0
28.12.2025 23:00;0,0
28.12.2025 23:15;0,0
28.12.2025 23:30;0,0
28.12.2025 23:45;0,0
29.12.2025 00:00;0,0
29.12.2025 00:15;0,0
29.12.2025 00:30;0,0
29.12.2025 00:45;0,0
29.12.2025 01:00;0,0
29.12.2025 01:15;0,0
29.12.2025 01:30;0,0
29.12.2025 01:45;0,0
29.12.2025 02:00;0,0
29.12.2025 02:15;0,0
29.12.2025 02:30;0,0
29.12.2025 02:45;0,0
29.12.2025 03:00;0,0
29.12.2025 03:15;0,0
29.12.2025 03:30;0,0
29.12.2025 03:45;0,0
29.12.2025 04:00;0,0
29.12.2025 04:15;0,0
29.12.2025 04:30;0,0
29.12.2025 04:45;0,0
29.12.2025 05:00;0,0
29.12.2025 05:15;0,0
29.12.2025 05:30;0,0
29.12.2025 05:45;0,0
29.12.2025 06:00;0,0
29.12.2025 06:15;0,0
29.12.2025 06:30;0,0
29.12.2025 06:45;0,0
29.12.2025 07:00;0,0
29.12.2025 07:15;0,030195333333333338
29.12.2025 07:30;0,060390666666666676
29.12.2025 07:45;0,09058600000000001
29.12.2025 08:00;0,12078133333333334
29.12.2025 08:15;0,14125091666666667
29.12.2025 08:30;0,1617205
29.12.2025 08:45;0,1821900833333333
29.12.2025 09:00;0,20265966666666665
29.12.2025 09:15;0,2140905
29.12.2025 09:30;0,22552133333333332
29.12.2025 09:45;0,23695216666666666
29.12.2025 10:00;0,248383
29.12.2025 10:15;0,26178633333333334
29.12.2025 10:30;0,27518966666666667
29.12.2025 10:45;0,288593
29.12.2025 11:00;0,3019963333333333
29.12.2025 11:15;0,29465399999999997
29.12.2025 11:30;0,28731166666666663
29.12.2025 11:45;0,27996933333333335
29.12.2025 12:00;0,272627
29.12.2025 12:15;0,25604083333333333
29.12.2025 12:30;0,23945466666666665
29.12.2025 12:45;0,2228685
29.12.2025 13:00;0,20628233333333332
29.12.2025 13:15;0,1967785833333333
29.12.2025 13:30;0,18727483333333333
29.12.2025 13:45;0,17777108333333333
29.12.2025 14:00;0,16826733333333335
29.12.2025 14:15;0,13434416666666668
29.12.2025 14:30;0,10042100000000001
29.12.2025 14:45;0,06649783333333334
29.12.2025 15:00;0,03257466666666667
29.12.2025 15:15;0,024431
29.12.2025 15:30;0,016287333333333334
29.12.2025 15:45;0,008143666666666667
29.12.2025 16:00;0,0
29.12.2025 16:15;0,0
29.12.2025 16:30;0,0
29.12.2025 16:45;0,0
29.12.2025 17:00;0,0
29.12.2025 17:15;0,0
29.12.2025 17:30;0,0
29.12.2025 17:45;0,0
29.12.2025 18:00;0,0
29.12.2025 18:15;0,0
29.12.2025 18:30;0,0
29.12.2025 18:45;0,0
29.12.2025 19:00;0,0
29.12.2025 19:15;0,0
29.12.2025 19:30;0,0
29.12.2025 19:45;0,0
29.12.2025 20:00;0,0
29.12.2025 20:15;0,0
29.12.2025 20:30;0,0
29.12.2025 20:45;0,0
29.12.2025 21:00;0,0
29.12.2025 21:15;0,0
29.12.2025 21:30;0,0
29.12.2025 21:45;0,0
29.12.2025 22:00;0,0
29.12.2025 22:15;0,0
29.12.2025 22:30;0,0
29.12.2025 22:45;0,0
29.12.2025 23:00;0,0
29.12.2025 23:15;0,0
29.12.2025 23:30;0,0
29.12.2025 23:45;0,0
30.12.2025 00:00;0,0
30.12.2025 00:15;0,0
30.12.2025 00:30;0,0
30.12.2025 00:45;0,0
30.12.2025 01:00;0,0
30.12.2025 01:15;0,0
30.12.2025 01:30;0,0
30.12.2025 01:45;0,0
30.12.2025 02:00;0,0
30.12.2025 02:15;0,0
30.12.2025 02:30;0,0
30.12.2025 02:45;0,0
30.12.2025 03:00;0,0
30.12.2025 03:15;0,0
30.12.2025 03:30;0,0
30.12.2025 03:45;0,0
30.12.2025 04:00;0,0
30.12.2025 04:15;0,0
30.12.2025 04:30;0,0
30.12.2025 04:45;0,0
30.12.2025 05:00;0,0
30.12.2025 05:15;0,0
30.12.2025 05:30;0,0
30.12.2025 05:45;0,0
30.12.2025 06:00;0,0
30.12.2025 06:15;0,0
30.12.2025 06:30;0,0
30.12.2025 06:45;0,0
30.12.2025 07:00;0,0
30.12.2025 07:15;0,01943433333333333
30.12.2025 07:30;0,03886866666666666
30.12.2025 07:45;0,05830299999999999
30.12.2025 08:00;0,07773733333333332
30.12.2025 08:15;0,08407166666666666
30.12.2025 08:30;0,09040599999999999
30.12.2025 08:45;0,09674033333333333
30.12.2025 09:00;0,10307466666666666
30.12.2025 09:15;0,10665533333333334
30.12.2025 09:30;0,110236
30.12.2025 09:45;0,11381666666666668
30.12.2025 10:00;0,11739733333333334
30.12.2025 10:15;0,12315383333333334
30.12.2025 10:30;0,12891033333333332
30.12.2025 10:45;0,13466683333333332
30.12.2025 11:00;0,14042333333333332
30.12.2025 11:15;0,14699583333333333
30.12.2025 11:30;0,15356833333333333
30.12.2025 11:45;0,16014083333333334
30.12.2025 12:00;0,16671333333333335
30.12.2025 12:15;0,16145241666666668
30.12.2025 12:30;0,1561915
30.12.2025 12:45;0,15093058333333334
30.12.2025 13:00;0,14566966666666667
30.12.2025 13:15;0,13088983333333334
30.12.2025 13:30;0,11610999999999999
30.12.2025 13:45;0,10133016666666667
30.12.2025 14:00;0,08655033333333333
30.12.2025 14:15;0,07307541666666666
30.12.2025 14:30;0,0596005
30.12.2025 14:45;0,04612558333333333
30.12.2025 15:00;0,03265066666666667
30.12.2025 15:15;0,024488000000000003
30.12.2025 15:30;0,016325333333333334
30.12.2025 15:45;0,008162666666666665
30.12.2025 16:00;0,0
30.12.2025 16:15;0,0
30.12.2025 16:30;0,0
30.12.2025 16:45;0,0
30.12.2025 17:00;0,0
30.12.2025 17:15;0,0
30.12.2025 17:30;0,0
30.12.2025 17:45;0,0
30.12.2025 18:00;0,0
30.12.2025 18:15;0,0
30.12.2025 18:30;0,0
30.12.2025 18:45;0,0
30.12.2025 19:00;0,0
30.12.2025 19:15;0,0
30.12.2025 19:30;0,0
30.12.2025 19:45;0,0
30.12.2025 20:00;0,0
30.12.2025 20:15;0,0
30.12.2025 20:30;0,0
30.12.2025 20:45;0,0
30.12.2025 21:00;0,0
30.12.2025 21:15;0,0
30.12.2025 21:30;0,0
30.12.2025 21:45;0,0
30.12.2025 22:00;0,0
30.12.2025 22:15;0,0
30.12.2025 22:30;0,0
30.12.2025 22:45;0,0
30.12.2025 23:00;0,0
30.12.2025 23:15;0,0
30.12.2025 23:30;0,0
30.12.2025 23:45;0,0
31.12.2025 00:00;0,0
31.12.2025 00:15;0,0
31.12.2025 00:30;0,0
31.12.2025 00:45;0,0
31.12.2025 01:00;0,0
31.12.2025 01:15;0,0
31.12.2025 01:30;0,0
31.12.2025 01:45;0,0
31.12.2025 02:00;0,0
31.12.2025 02:15;0,0
31.12.2025 02:30;0,0
31.12.2025 02:45;0,0
31.12.2025 03:00;0,0
31.12.2025 03:15;0,0
31.12.2025 03:30;0,0
31.12.2025 03:45;0,0
31.12.2025 04:00;0,0
31.12.2025 04:15;0,0
31.12.2025 04:30;0,0
31.12.2025 04:45;0,0
31.12.2025 05:00;0,0
31.12.2025 05:15;0,0
31.12.2025 05:30;0,0
31.12.2025 05:45;0,0
31.12.2025 06:00;0,0
31.12.2025 06:15;0,0
31.12.2025 06:30;0,0
31.12.2025 06:45;0,0
31.12.2025 07:00;0,0
31.12.2025 07:15;0,02696641666666667
31.12.2025 07:30;0,05393283333333334
31.12.2025 07:45;0,08089925
31.12.2025 08:00;0,10786566666666667
31.12.2025 08:15;0,12584725
31.12.2025 08:30;0,14382883333333335
31.12.2025 08:45;0,16181041666666668
31.12.2025 09:00;0,179792
31.12.2025 09:15;0,2004476666666667
31.12.2025 09:30;0,22110333333333335
31.12.2025 09:45;0,241759
31.12.2025 10:00;0,2624146666666667
31.12.2025 10:15;0,27007083333333337
31.12.2025 10:30;0,277727
31.12.2025 10:45;0,28538316666666663
31.12.2025 11:00;0,2930393333333333
31.12.2025 11:15;0,28649741666666667
31.12.2025 11:30;0,2799555
31.12.2025 11:45;0,2734135833333333
31.12.2025 12:00;0,2668716666666667
31.12.2025 12:15;0,2633956666666667
31.12.2025 12:30;0,25991966666666666
31.12.2025 12:45;0,2564436666666666
31.12.2025 13:00;0,25296766666666665
31.12.2025 13:15;0,23242958333333333
31.12.2025 13:30;0,2118915
31.12.2025 13:45;0,19135341666666666
31.12.2025 14:00;0,17081533333333335
31.12.2025 14:15;0,14214966666666667
31.12.2025 14:30;0,113484
31.12.2025 14:45;0,08481833333333333
31.12.2025 15:00;0,05615266666666666
31.12.2025 15:15;0,0421145
31.12.2025 15:30;0,02807633333333333
31.12.2025 15:45;0,014038166666666664
31.12.2025 16:00;0,0
31.12.2025 16:15;0,0
31.12.2025 16:30;0,0
31.12.2025 16:45;0,0
31.12.2025 17:00;0,0
31.12.2025 17:15;0,0
31.12.2025 17:30;0,0
31.12.2025 17:45;0,0
31.12.2025 18:00;0,0
31.12.2025 18:15;0,0
31.12.2025 18:30;0,0
31.12.2025 18:45;0,0
31.12.2025 19:00;0,0
31.12.2025 19:15;0,0
31.12.2025 19:30;0,0
31.12.2025 19:45;0,0
31.12.2025 20:00;0,0
31.12.2025 20:15;0,0
31.12.2025 20:30;0,0
31.12.2025 20:45;0,0
31.12.2025 21:00;0,0
31.12.2025 21:15;0,0
31.12.2025 21:30;0,0
31.12.2025 21:45;0,0
31.12.2025 22:00;0,0
31.12.2025 22:15;0,0
31.12.2025 22:30;0,0
31.12.2025 22:45;0,0
31.12.2025 23:00;0,0
31.12.2025 23:15;0,0
31.12.2025 23:30;0,0
31.12.2025 23:45;0,0
